Script started on 2026-04-25 11:25:46+02:00 [COMMAND="SANE_DEBUG_PIEUSB=11 scanimage --device-name="pieusb:libusb:003:032" --resolution=5000 --format=tiff --clean-image=yes --output-file=moretest_hires.tiff --calibration="from preview"" TERM="xterm-256color" TTY="/dev/pts/0" COLUMNS="184" LINES="53"]
[11:25:46.229608] [sanei_debug] Setting debug level of pieusb to 11.
[11:25:46.229670] [pieusb] sane_init() build 1
[11:25:46.235661] [pieusb] sane_init() config file parsing usb 0x05e3 0x0145 0x47 0x00
[11:25:46.235695] [pieusb] sane_init() config file lists device 05e3 0145 47 00
[11:25:46.235705] [pieusb] sane_init() adding device 05e3 0145 47 00
[11:25:46.235712] [pieusb] sanei_pieusb_supported_device_list_add(): current 003: 05e3 0145 30 00
[11:25:46.235720] [pieusb] sanei_pieusb_supported_device_list_add(): current 003: 05e3 0145 36 00
[11:25:46.235727] [pieusb] sanei_pieusb_supported_device_list_add(): current 003: 05e3 0142 3a 01
[11:25:46.235734] [pieusb] sanei_pieusb_supported_device_list_add(): current 003: 0000 0000 00 00
[11:25:46.235741] [pieusb] sanei_pieusb_supported_device_list_add() add: 003: 05e3 0145 30 00
[11:25:46.235748] [pieusb] sanei_pieusb_supported_device_list_add() add: 003: 05e3 0145 36 00
[11:25:46.235754] [pieusb] sanei_pieusb_supported_device_list_add() add: 003: 05e3 0142 3a 01
[11:25:46.235764] [pieusb] sanei_pieusb_supported_device_list_add() add: 003: 05e3 0145 47 00
[11:25:46.235772] [pieusb] sanei_pieusb_supported_device_list_add() add: 003: 0000 0000 00 00
[11:25:46.235784] [pieusb] sane_init() looking for scanner 05e3 0145 model 30, flags 00
[11:25:46.235794] [pieusb] sanei_pieusb_find_device_callback: libusb:003:032
[11:25:46.235843] [pieusb] sanei_pieusb_cmd_inquiry()
Cmd	00000000: 12 00 00 00 05 00                               ......
In	00000000: 06 00 02 01 b4                                  ....4
[11:25:46.254612] [pieusb] sanei_pieusb_cmd_inquiry()
Cmd	00000000: 12 00 00 00 b8 00                               ....8.
In	00000000: 06 00 02 01 b4 00 00 00 50 49 45 20 20 20 20 20 ....4...PIE     
	00000010: 53 46 20 53 63 61 6e 6e 65 72 00 00 00 00 00 00 SF Scanner......
	00000020: 31 2e 37 30 10 27 10 27 22 38 62 25 9e 35 07 00 1.70.'.'"8b%.5..
	00000030: 09 4b 65 02 0c 00 2c 01 00 00 00 00 00 00 00 00 .Ke...,.........
	00000040: 00 00 00 00 00 00 00 00 00 00 00 00 00 00 00 00 ................
	00000050: 00 00 00 00 00 00 00 00 00 00 00 00 00 00 00 00 ................
	00000060: 31 2e 31 36 0e 64 64 01 c4 09 64 00 34 3a b2 25 1.16.dd.D.d.4:2%
	00000070: 31 2e 30 36 47 00 00 00 50 49 45 00 32 30 31 36 1.06G...PIE.2016
	000000b8 bytes clipped
[11:25:46.282767] [pieusb] INQUIRY:
[11:25:46.282804] [pieusb] ========
[11:25:46.282815] [pieusb] 
[11:25:46.282824] [pieusb] vendor........................: 'PIE'
[11:25:46.282832] [pieusb] product.......................: 'SF Scanner'
[11:25:46.282841] [pieusb] model  .......................: 0x0047
[11:25:46.282851] [pieusb] version.......................: '1.70'
[11:25:46.282860] [pieusb] X resolution..................: 10000 dpi
[11:25:46.282869] [pieusb] Y resolution..................: 10000 dpi
[11:25:46.282878] [pieusb] pixel resolution..............: 10000 dpi
[11:25:46.282886] [pieusb] fb width......................: 1.437000 in
[11:25:46.282901] [pieusb] fb length.....................: 0.957000 in
[11:25:46.282914] [pieusb] transparency width............: -0.307500 in
[11:25:46.282924] [pieusb] transparency length...........: 0.422200 in
[11:25:46.282936] [pieusb] transparency offset...........: 14900,9650
[11:25:46.282945] [pieusb] # of halftones................: 14
[11:25:46.282954] [pieusb] One pass color................: yes
[11:25:46.282965] [pieusb] Filters.......................: Infrared Red Green Blue  (9e)
[11:25:46.282976] [pieusb] Color depths..................: 16 bit 12 bit 8 bit 1 bit  (35)
[11:25:46.283009] [pieusb] Color Format..................: Indexed Line Pixel  (07)
[11:25:46.283021] [pieusb] Image Format..................: OKLine Intel (09)
[11:25:46.283033] [pieusb] Scan Capability...............: ExtCal DisCal 3 speeds (4b)
[11:25:46.283044] [pieusb] Optional Devices..............: TransModule1 ADF  (65)
[11:25:46.283057] [pieusb] Enhancement...................: 02
[11:25:46.283070] [pieusb] Gamma bits....................: 12
[11:25:46.283080] [pieusb] Fast Preview Resolution.......: 300
[11:25:46.283094] [pieusb] Min Highlight.................: 100
[11:25:46.283104] [pieusb] Max Shadow....................: 100
[11:25:46.283115] [pieusb] Cal Eqn.......................: 1
[11:25:46.283125] [pieusb] Min Exposure..................: 100
[11:25:46.283136] [pieusb] Max Exposure..................: 10000
[11:25:46.283146] [pieusb] x0,y0 x1,y1...................: 14900,9650 11825,13872
[11:25:46.283159] [pieusb] production....................: 'PIE'
[11:25:46.283170] [pieusb] timestamp.....................: '2016/06/29	13:30PM'
[11:25:46.283184] [pieusb] signature.....................: 'Flash ROM 29EE512   BY:Chen Tsung-Yu  '
[11:25:46.283195] [pieusb] sanei_pieusb_find_device_callback: wrong model number 71
[11:25:46.283208] [pieusb] sane_init() looking for scanner 05e3 0145 model 36, flags 00
[11:25:46.283220] [pieusb] sanei_pieusb_find_device_callback: libusb:003:032
[11:25:46.283363] [pieusb] sanei_pieusb_cmd_inquiry()
Cmd	00000000: 12 00 00 00 05 00                               ......
In	00000000: 06 00 02 01 b4                                  ....4
[11:25:46.302807] [pieusb] sanei_pieusb_cmd_inquiry()
Cmd	00000000: 12 00 00 00 b8 00                               ....8.
In	00000000: 06 00 02 01 b4 00 00 00 50 49 45 20 20 20 20 20 ....4...PIE     
	00000010: 53 46 20 53 63 61 6e 6e 65 72 00 00 00 00 00 00 SF Scanner......
	00000020: 31 2e 37 30 10 27 10 27 22 38 62 25 9e 35 07 00 1.70.'.'"8b%.5..
	00000030: 09 4b 65 02 0c 00 2c 01 00 00 00 00 00 00 00 00 .Ke...,.........
	00000040: 00 00 00 00 00 00 00 00 00 00 00 00 00 00 00 00 ................
	00000050: 00 00 00 00 00 00 00 00 00 00 00 00 00 00 00 00 ................
	00000060: 31 2e 31 36 0e 64 64 01 c4 09 64 00 34 3a b2 25 1.16.dd.D.d.4:2%
	00000070: 31 2e 30 36 47 00 00 00 50 49 45 00 32 30 31 36 1.06G...PIE.2016
	000000b8 bytes clipped
[11:25:46.329529] [pieusb] INQUIRY:
[11:25:46.329576] [pieusb] ========
[11:25:46.329597] [pieusb] 
[11:25:46.329608] [pieusb] vendor........................: 'PIE'
[11:25:46.329622] [pieusb] product.......................: 'SF Scanner'
[11:25:46.329632] [pieusb] model  .......................: 0x0047
[11:25:46.329646] [pieusb] version.......................: '1.70'
[11:25:46.329656] [pieusb] X resolution..................: 10000 dpi
[11:25:46.329667] [pieusb] Y resolution..................: 10000 dpi
[11:25:46.329687] [pieusb] pixel resolution..............: 10000 dpi
[11:25:46.329698] [pieusb] fb width......................: 1.437000 in
[11:25:46.329716] [pieusb] fb length.....................: 0.957000 in
[11:25:46.329732] [pieusb] transparency width............: -0.307500 in
[11:25:46.329744] [pieusb] transparency length...........: 0.422200 in
[11:25:46.329755] [pieusb] transparency offset...........: 14900,9650
[11:25:46.329765] [pieusb] # of halftones................: 14
[11:25:46.329777] [pieusb] One pass color................: yes
[11:25:46.329792] [pieusb] Filters.......................: Infrared Red Green Blue  (9e)
[11:25:46.329804] [pieusb] Color depths..................: 16 bit 12 bit 8 bit 1 bit  (35)
[11:25:46.329822] [pieusb] Color Format..................: Indexed Line Pixel  (07)
[11:25:46.329833] [pieusb] Image Format..................: OKLine Intel (09)
[11:25:46.329850] [pieusb] Scan Capability...............: ExtCal DisCal 3 speeds (4b)
[11:25:46.329865] [pieusb] Optional Devices..............: TransModule1 ADF  (65)
[11:25:46.329878] [pieusb] Enhancement...................: 02
[11:25:46.329889] [pieusb] Gamma bits....................: 12
[11:25:46.329905] [pieusb] Fast Preview Resolution.......: 300
[11:25:46.329915] [pieusb] Min Highlight.................: 100
[11:25:46.329936] [pieusb] Max Shadow....................: 100
[11:25:46.329948] [pieusb] Cal Eqn.......................: 1
[11:25:46.329963] [pieusb] Min Exposure..................: 100
[11:25:46.329972] [pieusb] Max Exposure..................: 10000
[11:25:46.330012] [pieusb] x0,y0 x1,y1...................: 14900,9650 11825,13872
[11:25:46.330023] [pieusb] production....................: 'PIE'
[11:25:46.330033] [pieusb] timestamp.....................: '2016/06/29	13:30PM'
[11:25:46.330043] [pieusb] signature.....................: 'Flash ROM 29EE512   BY:Chen Tsung-Yu  '
[11:25:46.330054] [pieusb] sanei_pieusb_find_device_callback: wrong model number 71
[11:25:46.330066] [pieusb] sane_init() looking for scanner 05e3 0142 model 3a, flags 01
[11:25:46.330077] [pieusb] sane_init() looking for scanner 05e3 0145 model 47, flags 00
[11:25:46.330090] [pieusb] sanei_pieusb_find_device_callback: libusb:003:032
[11:25:46.330227] [pieusb] sanei_pieusb_cmd_inquiry()
Cmd	00000000: 12 00 00 00 05 00                               ......
In	00000000: 06 00 02 01 b4                                  ....4
[11:25:46.349001] [pieusb] sanei_pieusb_cmd_inquiry()
Cmd	00000000: 12 00 00 00 b8 00                               ....8.
In	00000000: 06 00 02 01 b4 00 00 00 50 49 45 20 20 20 20 20 ....4...PIE     
	00000010: 53 46 20 53 63 61 6e 6e 65 72 00 00 00 00 00 00 SF Scanner......
	00000020: 31 2e 37 30 10 27 10 27 22 38 62 25 9e 35 07 00 1.70.'.'"8b%.5..
	00000030: 09 4b 65 02 0c 00 2c 01 00 00 00 00 00 00 00 00 .Ke...,.........
	00000040: 00 00 00 00 00 00 00 00 00 00 00 00 00 00 00 00 ................
	00000050: 00 00 00 00 00 00 00 00 00 00 00 00 00 00 00 00 ................
	00000060: 31 2e 31 36 0e 64 64 01 c4 09 64 00 34 3a b2 25 1.16.dd.D.d.4:2%
	00000070: 31 2e 30 36 47 00 00 00 50 49 45 00 32 30 31 36 1.06G...PIE.2016
	000000b8 bytes clipped
[11:25:46.376338] [pieusb] INQUIRY:
[11:25:46.376388] [pieusb] ========
[11:25:46.376401] [pieusb] 
[11:25:46.376412] [pieusb] vendor........................: 'PIE'
[11:25:46.376423] [pieusb] product.......................: 'SF Scanner'
[11:25:46.376434] [pieusb] model  .......................: 0x0047
[11:25:46.376446] [pieusb] version.......................: '1.70'
[11:25:46.376457] [pieusb] X resolution..................: 10000 dpi
[11:25:46.376471] [pieusb] Y resolution..................: 10000 dpi
[11:25:46.376486] [pieusb] pixel resolution..............: 10000 dpi
[11:25:46.376497] [pieusb] fb width......................: 1.437000 in
[11:25:46.376517] [pieusb] fb length.....................: 0.957000 in
[11:25:46.376537] [pieusb] transparency width............: -0.307500 in
[11:25:46.376549] [pieusb] transparency length...........: 0.422200 in
[11:25:46.376563] [pieusb] transparency offset...........: 14900,9650
[11:25:46.376576] [pieusb] # of halftones................: 14
[11:25:46.376589] [pieusb] One pass color................: yes
[11:25:46.376600] [pieusb] Filters.......................: Infrared Red Green Blue  (9e)
[11:25:46.376612] [pieusb] Color depths..................: 16 bit 12 bit 8 bit 1 bit  (35)
[11:25:46.376625] [pieusb] Color Format..................: Indexed Line Pixel  (07)
[11:25:46.376637] [pieusb] Image Format..................: OKLine Intel (09)
[11:25:46.376648] [pieusb] Scan Capability...............: ExtCal DisCal 3 speeds (4b)
[11:25:46.376661] [pieusb] Optional Devices..............: TransModule1 ADF  (65)
[11:25:46.376671] [pieusb] Enhancement...................: 02
[11:25:46.376683] [pieusb] Gamma bits....................: 12
[11:25:46.376695] [pieusb] Fast Preview Resolution.......: 300
[11:25:46.376703] [pieusb] Min Highlight.................: 100
[11:25:46.376716] [pieusb] Max Shadow....................: 100
[11:25:46.376726] [pieusb] Cal Eqn.......................: 1
[11:25:46.376736] [pieusb] Min Exposure..................: 100
[11:25:46.376752] [pieusb] Max Exposure..................: 10000
[11:25:46.376762] [pieusb] x0,y0 x1,y1...................: 14900,9650 11825,13872
[11:25:46.376773] [pieusb] production....................: 'PIE'
[11:25:46.376786] [pieusb] timestamp.....................: '2016/06/29	13:30PM'
[11:25:46.376797] [pieusb] signature.....................: 'Flash ROM 29EE512   BY:Chen Tsung-Yu  '
[11:25:46.376810] [pieusb] sanei_pieusb_find_device_callback: success
[11:25:46.376825] [pieusb] sane_open(libusb:003:032)
[11:25:46.376976] [pieusb] sanei_pieusb_init_options
[11:25:46.377025] [pieusb] sanei_pieusb_wait_ready()
[11:25:46.377038] [pieusb] sanei_pieusb_cmd_test_unit_ready()
Cmd	00000000: 00 00 00 00 00 00                               ......
[11:25:46.388923] [pieusb] sanei_pieusb_cmd_test_unit_ready() return status = Success
[11:25:46.388974] [pieusb] -> sanei_pieusb_cmd_test_unit_ready: 0
[11:25:46.389010] [pieusb] sane_get_option_descriptor() option=0
[11:25:46.389023] [pieusb] sane_control_option()
[11:25:46.389034] [pieusb] get  [#0]
[11:25:46.389047] [pieusb] get  [#0] val=44
[11:25:46.389064] [pieusb] sane_get_option_descriptor() option=0
[11:25:46.389077] [pieusb] sane_control_option()
[11:25:46.389090] [pieusb] get  [#0]
[11:25:46.389100] [pieusb] get  [#0] val=44
[11:25:46.389113] [pieusb] sane_get_option_descriptor() option=1
[11:25:46.389124] [pieusb] sane_get_option_descriptor() option=2
[11:25:46.389136] [pieusb] sane_get_option_descriptor() option=3
[11:25:46.389147] [pieusb] sane_get_option_descriptor() option=4
[11:25:46.389160] [pieusb] sane_get_option_descriptor() option=5
[11:25:46.389171] [pieusb] sane_get_option_descriptor() option=6
[11:25:46.389187] [pieusb] sane_get_option_descriptor() option=7
[11:25:46.389198] [pieusb] sane_get_option_descriptor() option=8
[11:25:46.389209] [pieusb] sane_get_option_descriptor() option=9
[11:25:46.389221] [pieusb] sane_get_option_descriptor() option=10
[11:25:46.389235] [pieusb] sane_get_option_descriptor() option=11
[11:25:46.389246] [pieusb] sane_get_option_descriptor() option=12
[11:25:46.389257] [pieusb] sane_get_option_descriptor() option=13
[11:25:46.389271] [pieusb] sane_get_option_descriptor() option=14
[11:25:46.389283] [pieusb] sane_get_option_descriptor() option=15
[11:25:46.389296] [pieusb] sane_get_option_descriptor() option=16
[11:25:46.389308] [pieusb] sane_get_option_descriptor() option=17
[11:25:46.389321] [pieusb] sane_get_option_descriptor() option=18
[11:25:46.389334] [pieusb] sane_get_option_descriptor() option=19
[11:25:46.389345] [pieusb] sane_get_option_descriptor() option=20
[11:25:46.389357] [pieusb] sane_get_option_descriptor() option=21
[11:25:46.389368] [pieusb] sane_get_option_descriptor() option=22
[11:25:46.389379] [pieusb] sane_get_option_descriptor() option=23
[11:25:46.389389] [pieusb] sane_get_option_descriptor() option=24
[11:25:46.389404] [pieusb] sane_get_option_descriptor() option=25
[11:25:46.389416] [pieusb] sane_get_option_descriptor() option=26
[11:25:46.389428] [pieusb] sane_get_option_descriptor() option=27
[11:25:46.389440] [pieusb] sane_get_option_descriptor() option=28
[11:25:46.389453] [pieusb] sane_get_option_descriptor() option=29
[11:25:46.389465] [pieusb] sane_get_option_descriptor() option=30
[11:25:46.389477] [pieusb] sane_get_option_descriptor() option=31
[11:25:46.389490] [pieusb] sane_get_option_descriptor() option=32
[11:25:46.389503] [pieusb] sane_get_option_descriptor() option=33
[11:25:46.389515] [pieusb] sane_get_option_descriptor() option=34
[11:25:46.389527] [pieusb] sane_get_option_descriptor() option=35
[11:25:46.389539] [pieusb] sane_get_option_descriptor() option=36
[11:25:46.389551] [pieusb] sane_get_option_descriptor() option=37
[11:25:46.389563] [pieusb] sane_get_option_descriptor() option=38
[11:25:46.389575] [pieusb] sane_get_option_descriptor() option=39
[11:25:46.389588] [pieusb] sane_get_option_descriptor() option=40
[11:25:46.389599] [pieusb] sane_get_option_descriptor() option=41
[11:25:46.389613] [pieusb] sane_get_option_descriptor() option=42
[11:25:46.389626] [pieusb] sane_get_option_descriptor() option=43
[11:25:46.389639] [pieusb] sane_control_option()
[11:25:46.389651] [pieusb] get br-x [#15]
[11:25:46.389664] [pieusb] get br-x [#15] val=2392050
[11:25:46.389676] [pieusb] sane_control_option()
[11:25:46.389688] [pieusb] get tl-x [#13]
[11:25:46.389699] [pieusb] get tl-x [#13] val=0
[11:25:46.389710] [pieusb] sane_control_option()
[11:25:46.389722] [pieusb] get br-y [#16]
[11:25:46.389732] [pieusb] get br-y [#16] val=1593035
[11:25:46.389744] [pieusb] sane_control_option()
[11:25:46.389756] [pieusb] get tl-y [#14]
[11:25:46.389767] [pieusb] get tl-y [#14] val=0
[11:25:46.389785] [pieusb] sane_get_option_descriptor() option=4
[11:25:46.389802] [pieusb] sane_get_option_descriptor() option=4
[11:25:46.389816] [pieusb] sane_control_option()
[11:25:46.389828] [pieusb] set resolution [#4] to 5000.000000
[11:25:46.389856] [pieusb] sane_get_option_descriptor() option=20
[11:25:46.389869] [pieusb] sane_get_option_descriptor() option=20
[11:25:46.389883] [pieusb] sane_control_option()
[11:25:46.389895] [pieusb] set clean-image [#20] to 1
[11:25:46.389910] [pieusb] sane_get_option_descriptor() option=11
[11:25:46.389925] [pieusb] sane_get_option_descriptor() option=11
[11:25:46.389937] [pieusb] sane_control_option()
[11:25:46.389948] [pieusb] set calibration [#11] to from preview
[11:25:46.389963] [pieusb] sane_control_option()
[11:25:46.389975] [pieusb] get tl-x [#13]
[11:25:46.389995] [pieusb] get tl-x [#13] val=0
[11:25:46.390008] [pieusb] sane_get_option_descriptor() option=15
[11:25:46.390023] [pieusb] sane_control_option()
[11:25:46.390037] [pieusb] set br-x [#15] to 36.499786
[11:25:46.390052] [pieusb] sane_control_option()
[11:25:46.390065] [pieusb] get tl-y [#14]
[11:25:46.390076] [pieusb] get tl-y [#14] val=0
[11:25:46.390088] [pieusb] sane_get_option_descriptor() option=16
[11:25:46.390107] [pieusb] sane_control_option()
[11:25:46.390121] [pieusb] set br-y [#16] to 24.307785
[11:25:46.390135] [pieusb] sane_get_option_descriptor() option=4
[11:25:46.390149] [pieusb] sane_control_option()
[11:25:46.390161] [pieusb] get resolution [#4]
[11:25:46.390174] [pieusb] get resolution [#4] val=327680000
[11:25:46.390374] [pieusb] sane_start()
[11:25:46.390394] [pieusb] sanei_pieusb_cmd_read_state()
Cmd	00000000: dd 00 00 00 0c 00                               ].....
In	00000000: 00 00 7c dd f7 00 01 60 00 49 45 20             ..|]w..`.IE 
[11:25:46.404170] [pieusb] sanei_pieusb_cmd_read_state(): button 0, warmingUp 0, scanning 1, busy? 0
[11:25:46.404218] [pieusb] sanei_pieusb_cmd_set_exposure_time()
Cmd	00000000: 0a 00 00 00 08 00                               ......
Out	00000000: 13 00 04 00 02 00 64 00                         ......d.
Cmd	00000000: 0a 00 00 00 08 00                               ......
Out	00000000: 13 00 04 00 04 00 64 00                         ......d.
Cmd	00000000: 0a 00 00 00 08 00                               ......
Out	00000000: 13 00 04 00 08 00 64 00                         ......d.
[11:25:46.456749] [pieusb] sanei_pieusb_cmd_set_highlight_shadow()
Cmd	00000000: 0a 00 00 00 08 00                               ......
Out	00000000: 14 00 04 00 02 00 64 00                         ......d.
Cmd	00000000: 0a 00 00 00 08 00                               ......
Out	00000000: 14 00 04 00 04 00 64 00                         ......d.
Cmd	00000000: 0a 00 00 00 08 00                               ......
Out	00000000: 14 00 04 00 08 00 64 00                         ......d.
[11:25:46.514087] [pieusb] sanei_pieusb_cmd_get_shading_parms()
Cmd	00000000: 0a 00 00 00 06 00                               ......
Out	00000000: 95 00 00 00 00 00                               ......
Cmd	00000000: 08 00 00 00 20 00                               .... .
In	00000000: 95 00 1c 00 04 06 04 00 00 10 10 23 11 1c 08 10 ...........#....
	00000010: 10 23 1a 1d 10 10 10 23 11 1c 20 10 10 23 11 1c .#.....#.. ..#..
[11:25:46.548963] [pieusb] shading_width 7185
[11:25:46.549106] [pieusb] Num options = 44
[11:25:46.549122] [pieusb]   Option 1: Scan Mode = (null)
[11:25:46.549133] [pieusb]   Option 2: mode = Color
[11:25:46.549142] [pieusb]   Option 3: depth = 8
[11:25:46.549151] [pieusb]   Option 4: resolution = 5000.000000
[11:25:46.549171] [pieusb]   Option 5: halftone-pattern = 4x4 SQUARE
[11:25:46.549181] [pieusb]   Option 6: threshold = 50.000000
[11:25:46.549192] [pieusb]   Option 7: sharpen = 0
[11:25:46.549201] [pieusb]   Option 8: shading-analysis = 0
[11:25:46.549211] [pieusb]   Option 9: fast-infrared = 0
[11:25:46.549220] [pieusb]   Option 10: advance = 1
[11:25:46.549229] [pieusb]   Option 11: calibration = from preview
[11:25:46.549238] [pieusb]   Option 12: Geometry = (null)
[11:25:46.549247] [pieusb]   Option 13: tl-x = 0.000000
[11:25:46.549265] [pieusb]   Option 14: tl-y = 0.000000
[11:25:46.549277] [pieusb]   Option 15: br-x = 36.499786
[11:25:46.549290] [pieusb]   Option 16: br-y = 24.307785
[11:25:46.549303] [pieusb]   Option 17: Enhancement = (null)
[11:25:46.549316] [pieusb]   Option 18: correct-shading = 1
[11:25:46.549334] [pieusb]   Option 19: correct-infrared = 0
[11:25:46.549351] [pieusb]   Option 20: clean-image = 1
[11:25:46.549366] [pieusb]   Option 21: gain-adjust = * 0.8
[11:25:46.549376] [pieusb]   Option 22: crop = Inside
[11:25:46.549390] [pieusb]   Option 23: smooth = 0
[11:25:46.549417] [pieusb]   Option 24: srgb = 0
[11:25:46.549430] [pieusb]   Option 25: invert = 0
[11:25:46.549443] [pieusb]   Option 26: Advanced = (null)
[11:25:46.549458] [pieusb]   Option 27: preview = 0
[11:25:46.549477] [pieusb]   Option 28: save-shading-data = 0
[11:25:46.549493] [pieusb]   Option 29: save-ccdmask = 0
[11:25:46.549513] [pieusb]   Option 30: light = 4
[11:25:46.549530] [pieusb]   Option 31: double-times = 0
[11:25:46.549544] [pieusb]   Option 32: exposure-time-r = 2937
[11:25:46.549562] [pieusb]   Option 33: exposure-time-g = 2937
[11:25:46.549576] [pieusb]   Option 34: exposure-time-b = 2937
[11:25:46.549589] [pieusb]   Option 35: exposure-time-i = 2937
[11:25:46.549603] [pieusb]   Option 36: gain-r = 19
[11:25:46.549620] [pieusb]   Option 37: gain-g = 19
[11:25:46.549634] [pieusb]   Option 38: gain-b = 19
[11:25:46.549651] [pieusb]   Option 39: gain-i = 19
[11:25:46.549664] [pieusb]   Option 40: offset-r = 0
[11:25:46.549682] [pieusb]   Option 41: offset-g = 0
[11:25:46.549698] [pieusb]   Option 42: offset-b = 0
[11:25:46.549711] [pieusb]   Option 43: offset-i = 0
[11:25:46.549731] [pieusb] sanei_pieusb_cmd_set_scan_frame()
[11:25:46.549744] [pieusb]  x0,y0 = 0,0
[11:25:46.549758] [pieusb]  x1,y1 = 14369,9569
[11:25:46.549771] [pieusb]  index = 128
Cmd	00000000: 0a 00 00 00 0e 00                               ......
Out	00000000: 12 00 0a 00 80 00 00 00 00 00 21 38 61 25       ..........!8a%
[11:25:46.571063] [pieusb] sanei_pieusb_set_frame_from_options(): sanei_pieusb_cmd_set_scan_frame status Success
[11:25:46.571129] [pieusb] sanei_pieusb_set_gain_offset(): mode = from preview
[11:25:46.571141] [pieusb] sanei_pieusb_set_gain_offset(): get calibration data from scanner
[11:25:46.571151] [pieusb] sanei_pieusb_cmd_get_gain_offset()
Cmd	00000000: d7 00 00 00 67 00                               W...g.
In	00000000: 00 00 00 00 00 00 00 00 00 00 00 00 00 00 00 00 ................
	00000010: 00 00 00 00 00 00 00 00 00 00 00 00 00 00 00 00 ................
	00000020: 00 00 00 00 00 00 00 00 00 00 00 00 00 00 00 00 ................
	00000030: 00 00 00 00 00 00 00 00 00 00 00 00 00 00 00 00 ................
	00000040: 00 00 00 00 00 00 00 00 00 00 00 00 04 10 b7 b8 ..............78
	00000050: 30 ef ad 85 5f ce 31 cf 20 e7 c3 a3 ad b3 c3 9b 0o-._N1O gC#-3C.
	00000060: d8 7f 04 10 00 03 0f                            X......
[11:25:46.592456] [pieusb] sanei_pieusb_cmd_get_gain_offset() set:
[11:25:46.592498] [pieusb]  saturationlevels = 0-0-0
[11:25:46.592511] [pieusb]  ---
[11:25:46.592521] [pieusb]  exposure times = 0-0-0-4100
[11:25:46.592531] [pieusb]  gain = 0-0-0-15
[11:25:46.592540] [pieusb]  offset = 0-0-0-0
[11:25:46.592549] [pieusb]  light = 00
[11:25:46.592558] [pieusb]  double times = 00
[11:25:46.592566] [pieusb]  extra entries = 00
[11:25:46.592575] [pieusb] sanei_pieusb_cmd_set_gain_offset()
[11:25:46.592583] [pieusb] sanei_pieusb_cmd_set_gain_offset() set:
[11:25:46.592598] [pieusb]  exposure times = 0-0-0-4100
[11:25:46.592612] [pieusb]  gain = 0-0-0-15
[11:25:46.592628] [pieusb]  offset = 0-0-0-0
[11:25:46.592643] [pieusb]  light = 00
[11:25:46.592657] [pieusb]  double times = 00
[11:25:46.592669] [pieusb]  extra entries = 00
Cmd	00000000: dc 00 00 00 1d 00                               \.....
Out	00000000: 00 00 00 00 00 00 00 00 00 00 00 00 00 00 00 00 ................
	00000010: 00 00 04 10 00 00 0f 00 00 00 00 00 00          .............
[11:25:46.623604] [pieusb] sanei_pieusb_set_gain_offset(): status Success
[11:25:46.623670] [pieusb] sanei_pieusb_wait_ready()
[11:25:46.623683] [pieusb] sanei_pieusb_cmd_test_unit_ready()
Cmd	00000000: 00 00 00 00 00 00                               ......
[11:25:46.637916] [pieusb] sanei_pieusb_cmd_test_unit_ready() return status = Success
[11:25:46.637951] [pieusb] -> sanei_pieusb_cmd_test_unit_ready: 0
[11:25:46.637996] [pieusb] sanei_pieusb_set_mode_from_options(): resolution from option setting (5000)
[11:25:46.638015] [pieusb] sanei_pieusb_cmd_set_mode()
[11:25:46.638029] [pieusb] sanei_pieusb_cmd_set_mode() set:
[11:25:46.638043] [pieusb]  resolution = 5000
[11:25:46.638057] [pieusb]  passes = 90
[11:25:46.638073] [pieusb]  depth = 04
[11:25:46.638087] [pieusb]  color format = 04
[11:25:46.638103] [pieusb]  sharpen = 0
[11:25:46.638117] [pieusb]  skip calibration = 1
[11:25:46.638135] [pieusb]  fast infrared = 0
[11:25:46.638150] [pieusb]  halftone pattern = 0
[11:25:46.638166] [pieusb]  line threshold = 127
Cmd	00000000: 15 00 00 00 10 00                               ......
Out	00000000: 00 0f 88 13 90 04 04 00 01 08 00 00 00 7f 10 00 ................
[11:25:46.662105] [pieusb] sanei_pieusb_wait_ready()
[11:25:46.662176] [pieusb] sanei_pieusb_cmd_test_unit_ready()
Cmd	00000000: 00 00 00 00 00 00                               ......
[11:25:46.675706] [pieusb] sanei_pieusb_cmd_test_unit_ready() return status = Success
[11:25:46.675733] [pieusb] -> sanei_pieusb_cmd_test_unit_ready: 0
[11:25:46.675742] [pieusb] sanei_pieusb_set_mode_from_options(): sanei_pieusb_cmd_set_mode status Success
[11:25:46.675753] [pieusb] sane_start(): scan phase 1
[11:25:46.675760] [pieusb] sanei_pieusb_cmd_start_scan()
Cmd	00000000: 1b 00 00 00 01 00                               ......
[11:25:46.688768] [pieusb] sanei_pieusb_cmd_get_sense()
Cmd	00000000: 03 00 00 00 0e 00                               ......
In	00000000: 70 00 06 00 00 00 00 06 00 00 00 00 82 00       p.............
[11:25:46.704010] [pieusb] 	sense details:
[11:25:46.704045] [pieusb] 		error......... : 0x70
[11:25:46.704062] [pieusb] 		segment....... : 0
[11:25:46.704077] [pieusb] 		senseKey...... : 0x06
[11:25:46.704104] [pieusb] 		info.......... : 00 00 00 00
[11:25:46.704123] [pieusb] 		addLength..... : 6
[11:25:46.704141] [pieusb] 		cmdInfo....... : 00 00 00 00
[11:25:46.704159] [pieusb] 		senseCode..... : 0x82
[11:25:46.704177] [pieusb] 		senseQualifier : 0x00
[11:25:46.704197] [pieusb] 	sense: Unit Attention: Calibration disable not granted
[11:25:46.704217] [pieusb] sanei_pieusb_wait_ready()
[11:25:46.704235] [pieusb] sanei_pieusb_cmd_test_unit_ready()
Cmd	00000000: 00 00 00 00 00 00                               ......
Cmd	00000000: 00 00 00 00 00 00                               ......
Cmd	00000000: 00 00 00 00 00 00                               ......
Cmd	00000000: 00 00 00 00 00 00                               ......
Cmd	00000000: 00 00 00 00 00 00                               ......
Cmd	00000000: 00 00 00 00 00 00                               ......
Cmd	00000000: 00 00 00 00 00 00                               ......
[11:25:52.816506] [pieusb] sanei_pieusb_cmd_test_unit_ready() return status = Success
[11:25:52.816612] [pieusb] -> sanei_pieusb_cmd_test_unit_ready: 0
[11:25:52.816624] [pieusb] sane_start(): process shading data
[11:25:52.816635] [pieusb] sanei_pieusb_set_gain_offset(): mode = from preview
[11:25:52.816646] [pieusb] sanei_pieusb_set_gain_offset(): get calibration data from scanner
[11:25:52.816656] [pieusb] sanei_pieusb_cmd_get_gain_offset()
Cmd	00000000: d7 00 00 00 67 00                               W...g.
In	00000000: 00 00 00 00 00 00 00 00 00 00 00 00 00 00 00 00 ................
	00000010: 00 00 00 00 00 00 00 00 00 00 00 00 00 00 00 00 ................
	00000020: 00 00 00 00 00 00 00 00 00 00 00 00 00 00 00 00 ................
	00000030: ad 00 b8 00 b7 00 00 00 00 00 00 00 04 10 04 10 -.8.7...........
	00000040: 04 10 0c 10 10 00 00 00 2c 1c 25 04 04 10 b7 b8 ........,.%...78
	00000050: 30 ef ad 85 5f ce 31 cf 20 e7 c3 a3 ad b3 c3 9b 0o-._N1O gC#-3C.
	00000060: d8 7f 04 10 10 00 39                            X.....9
[11:25:52.836361] [pieusb] sanei_pieusb_cmd_get_gain_offset() set:
[11:25:52.836398] [pieusb]  saturationlevels = 0-0-0
[11:25:52.836405] [pieusb]  ---
[11:25:52.836410] [pieusb]  exposure times = 4100-4100-4100-4100
[11:25:52.836416] [pieusb]  gain = 44-28-37-57
[11:25:52.836422] [pieusb]  offset = 12-16-16-16
[11:25:52.836427] [pieusb]  light = 04
[11:25:52.836432] [pieusb]  double times = 00
[11:25:52.836438] [pieusb]  extra entries = 00
[11:25:52.836444] [pieusb] updateGain2(): color 0 preview used G=44 Exp=4100
[11:25:52.836450] [pieusb] updateGain2(): additional gain 0.800000
[11:25:52.836460] [pieusb] updateGain2(): preview had gain 44 => 2.389400
[11:25:52.836467] [pieusb] updateGain2(): optimized gain * 0.894427 = 2.137144
[11:25:52.836474] [pieusb] updateGain2(): optimized gain setting 40 => 2.115000
[11:25:52.836479] [pieusb] updateGain2(): remains for exposure 0.903792
[11:25:52.836485] [pieusb] updateGain2(): new setting G=40 Exp=3706
[11:25:52.836492] [pieusb] updateGain2(): color 1 preview used G=28 Exp=4100
[11:25:52.836503] [pieusb] updateGain2(): additional gain 0.800000
[11:25:52.836509] [pieusb] updateGain2(): preview had gain 28 => 1.588200
[11:25:52.836518] [pieusb] updateGain2(): optimized gain * 0.894427 = 1.420529
[11:25:52.836525] [pieusb] updateGain2(): optimized gain setting 22 => 1.413600
[11:25:52.836532] [pieusb] updateGain2(): remains for exposure 0.898812
[11:25:52.836539] [pieusb] updateGain2(): new setting G=22 Exp=3685
[11:25:52.836546] [pieusb] updateGain2(): color 2 preview used G=37 Exp=4100
[11:25:52.836552] [pieusb] updateGain2(): additional gain 0.800000
[11:25:52.836561] [pieusb] updateGain2(): preview had gain 37 => 1.960800
[11:25:52.836568] [pieusb] updateGain2(): optimized gain * 0.894427 = 1.753793
[11:25:52.836579] [pieusb] updateGain2(): optimized gain setting 32 => 1.735000
[11:25:52.836587] [pieusb] updateGain2(): remains for exposure 0.904115
[11:25:52.836594] [pieusb] updateGain2(): new setting G=32 Exp=3707
[11:25:52.836601] [pieusb] sanei_pieusb_cmd_set_gain_offset()
[11:25:52.836606] [pieusb] sanei_pieusb_cmd_set_gain_offset() set:
[11:25:52.836613] [pieusb]  exposure times = 3706-3685-3707-4100
[11:25:52.836623] [pieusb]  gain = 40-22-32-57
[11:25:52.836630] [pieusb]  offset = 12-16-16-16
[11:25:52.836637] [pieusb]  light = 04
[11:25:52.836644] [pieusb]  double times = 00
[11:25:52.836651] [pieusb]  extra entries = 00
Cmd	00000000: dc 00 00 00 1d 00                               \.....
Out	00000000: 7a 0e 65 0e 7b 0e 0c 10 10 00 00 00 28 16 20 04 z.e.{.......(. .
	00000010: 00 00 04 10 10 00 39 00 00 00 00 00 00          ......9......
[11:25:52.864802] [pieusb] sanei_pieusb_set_gain_offset(): status Success
[11:25:52.864873] [pieusb] sanei_pieusb_get_shading_data()
[11:25:52.864964] [pieusb] sanei_pieusb_cmd_get_scanned_lines(): 4 lines (57488 bytes)
Cmd	00000000: 08 00 00 00 04 00                               ......
In	00000000: 52 52 6e ab 4c ab 81 ae c4 af 71 b3 3d b0 c8 af RRn+L+..D/q3=0H/
	00000010: 62 ac 44 af ba aa a8 ad 10 ae 47 ac ea ac e7 ab b,D/:*(-..G,j,g+
	00000020: fc ae 24 ac 8d b0 0d ae 81 af 82 ad 30 b2 a6 ad |.$,.0.../.-02&-
	00000030: 2e aa 8c ad 21 af 06 ae c3 aa af ad 80 b5 26 b1 .*.-!/..C*/-.5&1
	00000040: 05 a6 49 aa f3 ae da b0 d5 ab f4 af 70 b1 09 ac .&I*s.Z0U+t/p1.,
	00000050: 99 ae 8e ad d6 ad 04 af 42 b0 90 b4 cf af bb af ...-V-./B0.4O/;/
	00000060: 00 b1 43 ad 78 aa 71 af a1 ac fe b2 09 b5 82 af .1C-x*q/!,~2.5./
	00000070: d2 b1 14 af 53 ac d4 af 7d ac 93 b2 66 b2 59 b0 R1./S,T/},.2f2Y0
	0000e090 bytes clipped
[11:25:52.898666] [pieusb] sanei_pieusb_wait_ready()
[11:25:52.898706] [pieusb] sanei_pieusb_cmd_test_unit_ready()
Cmd	00000000: 00 00 00 00 00 00                               ......
[11:25:52.910177] [pieusb] sanei_pieusb_cmd_test_unit_ready() return status = Success
[11:25:52.910221] [pieusb] -> sanei_pieusb_cmd_test_unit_ready: 0
[11:25:52.910232] [pieusb] sanei_pieusb_cmd_get_scanned_lines(): 136 lines (1954592 bytes)
Cmd	00000000: 08 00 00 00 88 00                               ......
In	00000000: 52 52 47 a6 d4 a5 5f ab a3 ab 8e a9 07 ac a4 ad RRG&T%_+#+.).,$-
	00000010: 2b a9 87 ac c3 a8 c1 ac d2 a8 37 b2 bb af a9 ab +).,C(A,R(72;/)+
	00000020: 66 ae ab aa 6d af 5f b0 da af 93 ad c7 a9 46 ab f.+*m/_0Z/.-G)F+
	00000030: 71 ac 7d ab 03 af 55 a9 d3 ae 48 a7 a6 ad ab ab q,}+./U)S.H'&-++
	00000040: 64 aa cd ae 8a ad 8f ad 91 ab fc aa ee a9 3b a9 d*M..-.-.+|*n);)
	00000050: 67 ae 66 af 0e a8 61 ab 23 ae 77 af 1d ac a9 aa g.f/.(a+#.w/.,)*
	00000060: 5a a9 2b af b5 ab 9c b4 90 b0 ff a9 bf b0 64 b2 Z)+/5+.4.0.)?0d2
	00000070: 62 b3 94 ae ef a8 4d b0 56 b0 69 b1 a4 ad ef ae b3..o(M0V0i1$-o.
	001dd320 bytes clipped
[11:25:53.664288] [pieusb] Shading_mean[0] = 53681
[11:25:53.664348] [pieusb] Shading_mean[1] = 54750
[11:25:53.664365] [pieusb] Shading_mean[2] = 55155
[11:25:53.664376] [pieusb] Shading_mean[3] = 54278
[11:25:53.664861] [pieusb] sane_start(): scan phase 2
[11:25:53.664871] [pieusb] sanei_pieusb_wait_ready()
[11:25:53.664877] [pieusb] sanei_pieusb_cmd_test_unit_ready()
Cmd	00000000: 00 00 00 00 00 00                               ......
[11:25:54.183589] [pieusb] sanei_pieusb_cmd_test_unit_ready() return status = Success
[11:25:54.183664] [pieusb] -> sanei_pieusb_cmd_test_unit_ready: 0
[11:25:54.183678] [pieusb] sane_start(): scan phase 3
[11:25:54.183688] [pieusb] sanei_pieusb_get_ccd_mask()
[11:25:54.183698] [pieusb] sanei_pieusb_cmd_get_ccd_mask()
Cmd	00000000: 18 00 00 1c 11 00                               ......
In	00000000: 00 00 00 00 00 00 00 00 00 00 00 00 00 00 00 00 ................
	00000010: 00 00 00 00 00 00 00 00 00 00 00 00 00 00 00 00 ................
	00000020: 00 00 00 00 00 00 00 00 00 00 00 00 00 00 00 00 ................
	00000030: 00 00 00 00 00 00 00 00 00 00 00 00 00 00 00 00 ................
	00000040: 00 00 00 00 00 00 00 00 00 00 00 00 00 00 00 00 ................
	00000050: 00 00 00 00 00 00 00 00 00 00 00 00 00 00 00 00 ................
	00000060: 00 00 00 00 00 00 00 00 00 00 00 00 00 00 00 00 ................
	00000070: 00 00 00 00 00 00 00 00 00 00 00 00 00 00 00 00 ................
	00001c11 bytes clipped
[11:25:54.305234] [pieusb] sanei_pieusb_get_parameters()
[11:25:54.305297] [pieusb] sanei_pieusb_cmd_get_parameters()
Cmd	00000000: 0f 00 00 00 12 00                               ......
In	00000000: 10 1c b1 12 10 1c 08 08 10 40 00 00 00 00 00 00 ..1......@......
	00000010: 00 00                                           ..
[11:25:54.390321] [pieusb] sanei_pieusb_cmd_get_parameters() read:
[11:25:54.390389] [pieusb]  width = 7184
[11:25:54.390401] [pieusb]  lines = 4785
[11:25:54.390409] [pieusb]  bytes = 7184
[11:25:54.390417] [pieusb]  offset1 = 8
[11:25:54.390425] [pieusb]  offset2 = 8
[11:25:54.390433] [pieusb]  available lines = 0
[11:25:54.390442] [pieusb] sanei_pieusb_get_parameters(): mode 'Color'
[11:25:54.390450] [pieusb]  format = 1
[11:25:54.390459] [pieusb]  depth = 8
[11:25:54.390466] [pieusb]  bytes_per_line = 21552
[11:25:54.390475] [pieusb]  lines = 4785
[11:25:54.390483] [pieusb]  pixels_per_line = 7184
[11:25:54.390490] [pieusb]  last_frame = 1
[11:25:54.390499] [pieusb] sanei_pieusb_wait_ready()
[11:25:54.390514] [pieusb] sanei_pieusb_cmd_test_unit_ready()
Cmd	00000000: 00 00 00 00 00 00                               ......
Cmd	00000000: 00 00 00 00 00 00                               ......
Cmd	00000000: 00 00 00 00 00 00                               ......
Cmd	00000000: 00 00 00 00 00 00                               ......
Cmd	00000000: 00 00 00 00 00 00                               ......
[11:25:58.471519] [pieusb] sanei_pieusb_cmd_test_unit_ready() return status = Success
[11:25:58.471593] [pieusb] -> sanei_pieusb_cmd_test_unit_ready: 0
[11:25:58.471883] [pieusb] pieusb: Read buffer created: w=7184 h=4785 ncol=4 depth=8 in file /tmp/sane.WGTbHa
[11:25:58.471913] [pieusb] sanei_pieusb_get_scan_data(colorFormat 4), lines_to_read 19140, bytes 7184
[11:25:58.471928] [pieusb] sanei_pieusb_get_scan_data(): reading lines: now 255, bytes per line = 7186
[11:25:58.471979] [pieusb] sanei_pieusb_cmd_get_scanned_lines(): 255 lines (1832430 bytes)
Cmd	00000000: 08 00 00 00 ff 00                               ......
In	00000000: 42 42 00 00 01 00 01 00 00 00 00 00 00 00 00 00 BB..............
	00000010: 00 00 00 01 00 00 01 01 01 00 00 00 01 01 01 00 ................
	00000020: 01 01 02 01 01 02 01 01 01 02 01 02 01 01 02 02 ................
	00000030: 02 02 02 02 02 02 02 02 02 02 02 02 03 03 02 03 ................
	00000040: 02 03 02 03 03 02 01 03 02 02 03 02 03 03 02 02 ................
	00000050: 02 03 03 03 02 03 03 03 03 03 03 03 02 02 03 03 ................
	00000060: 03 03 03 03 03 03 03 03 02 03 04 03 03 03 03 03 ................
	00000070: 04 03 03 04 04 04 03 03 04 03 03 03 03 03 03 03 ................
	001bf5ee bytes clipped
[11:25:59.464828] [pieusb] sanei_pieusb_get_scan_data(): reading lines: remaining 18885
[11:25:59.464876] [pieusb] sanei_pieusb_get_scan_data(): reading lines: now 255, bytes per line = 7186
[11:25:59.464885] [pieusb] sanei_pieusb_cmd_get_scanned_lines(): 255 lines (1832430 bytes)
Cmd	00000000: 08 00 00 00 ff 00                               ......
In	00000000: 49 49 05 04 04 04 05 03 04 05 03 04 04 05 06 05 II..............
	00000010: 05 04 06 04 06 06 07 07 08 08 08 0b 0b 0c 0f 0d ................
	00000020: 0d 0d 10 0f 10 10 0e 14 11 15 14 16 14 16 17 1a ................
	00000030: 18 1a 19 1a 1b 1d 1d 1e 1d 20 1e 1c 1e 1f 1e 1f ......... ......
	00000040: 21 1f 20 1e 22 20 21 23 25 24 22 20 24 21 22 26 !. ." !#%$" $!"&
	00000050: 24 24 24 25 26 27 26 25 28 26 26 28 28 26 29 26 $$$%&'&%(&&((&)&
	00000060: 28 2c 28 2a 2b 28 2a 2c 28 28 2e 2a 2a 2e 2c 29 (,(*+(*,((.**.,)
	00000070: 2a 29 2b 2d 2c 2b 2b 2c 29 2d 28 2d 2a 2b 2c 2c *)+-,++,)-(-*+,,
	001bf5ee bytes clipped
[11:26:00.519446] [pieusb] sanei_pieusb_get_scan_data(): reading lines: remaining 18630
[11:26:00.519495] [pieusb] sanei_pieusb_get_scan_data(): reading lines: now 255, bytes per line = 7186
[11:26:00.519504] [pieusb] sanei_pieusb_cmd_get_scanned_lines(): 255 lines (1832430 bytes)
Cmd	00000000: 08 00 00 00 ff 00                               ......
In	00000000: 42 42 00 00 00 00 00 01 00 00 00 00 00 00 01 00 BB..............
	00000010: 00 00 00 00 00 00 00 01 00 01 01 00 00 01 00 01 ................
	00000020: 01 01 02 01 02 01 01 00 02 01 02 02 02 01 02 02 ................
	00000030: 02 01 02 02 02 02 02 01 02 03 02 02 03 03 02 03 ................
	00000040: 02 03 02 02 03 02 03 02 02 03 03 02 02 03 02 03 ................
	00000050: 03 03 03 02 02 01 03 03 03 03 02 03 03 03 03 03 ................
	00000060: 03 03 01 03 02 03 03 03 03 03 03 03 03 03 03 03 ................
	00000070: 03 03 03 04 03 03 04 04 03 03 04 03 04 03 03 03 ................
	001bf5ee bytes clipped
[11:26:01.574530] [pieusb] sanei_pieusb_get_scan_data(): reading lines: remaining 18375
[11:26:01.574572] [pieusb] sanei_pieusb_get_scan_data(): reading lines: now 255, bytes per line = 7186
[11:26:01.574581] [pieusb] sanei_pieusb_cmd_get_scanned_lines(): 255 lines (1832430 bytes)
Cmd	00000000: 08 00 00 00 ff 00                               ......
In	00000000: 47 47 00 00 00 00 00 00 01 00 00 00 00 01 00 00 GG..............
	00000010: 00 00 00 00 00 01 00 01 00 01 01 01 01 01 01 01 ................
	00000020: 02 02 03 02 03 03 03 03 02 03 03 03 03 04 04 04 ................
	00000030: 04 04 04 04 05 04 04 05 05 05 06 05 06 06 06 06 ................
	00000040: 05 05 06 05 06 05 06 06 06 07 06 06 06 06 06 06 ................
	00000050: 05 05 06 06 07 06 06 06 07 06 06 06 07 07 06 06 ................
	00000060: 07 06 07 07 07 07 07 07 07 06 07 07 07 06 07 07 ................
	00000070: 06 07 06 06 07 07 06 07 07 07 06 07 07 06 06 06 ................
	001bf5ee bytes clipped
[11:26:02.627230] [pieusb] sanei_pieusb_get_scan_data(): reading lines: remaining 18120
[11:26:02.627281] [pieusb] sanei_pieusb_get_scan_data(): reading lines: now 255, bytes per line = 7186
[11:26:02.627290] [pieusb] sanei_pieusb_cmd_get_scanned_lines(): 255 lines (1832430 bytes)
Cmd	00000000: 08 00 00 00 ff 00                               ......
In	00000000: 52 52 00 00 01 00 00 00 01 00 01 00 00 01 00 00 RR..............
	00000010: 00 00 01 00 01 01 01 01 01 02 01 02 03 03 03 04 ................
	00000020: 04 04 05 05 05 06 06 05 06 06 07 07 07 08 07 09 ................
	00000030: 09 09 0a 09 0a 0a 0b 0b 0c 0c 0c 0b 0c 0c 0d 0c ................
	00000040: 0d 0c 0c 0e 0d 0e 0c 0d 0e 0e 0c 0d 0e 0e 0d 0e ................
	00000050: 0d 0d 0d 0c 0d 0e 0e 0e 10 0d 0e 0d 0e 10 0f 0f ................
	00000060: 0f 0e 0d 0d 0d 0f 0f 10 10 10 0e 10 0f 0f 0e 0e ................
	00000070: 0f 0d 0d 0e 0e 0e 0d 0e 0e 0d 10 0f 11 0f 0e 0f ................
	001bf5ee bytes clipped
[11:26:03.679488] [pieusb] sanei_pieusb_get_scan_data(): reading lines: remaining 17865
[11:26:03.679544] [pieusb] sanei_pieusb_get_scan_data(): reading lines: now 255, bytes per line = 7186
[11:26:03.679553] [pieusb] sanei_pieusb_cmd_get_scanned_lines(): 255 lines (1832430 bytes)
Cmd	00000000: 08 00 00 00 ff 00                               ......
In	00000000: 49 49 04 04 05 05 03 05 06 04 05 06 03 06 05 07 II..............
	00000010: 05 06 06 07 05 06 06 07 06 09 08 07 09 0b 09 0b ................
	00000020: 0b 0b 10 0f 11 11 11 11 13 15 15 14 14 15 16 18 ................
	00000030: 18 18 1b 1b 1d 1a 1e 1f 21 20 1e 21 1e 20 22 25 ........! .!. "%
	00000040: 24 23 23 22 22 22 22 21 22 22 23 25 26 27 24 25 $##""""!""#%&'$%
	00000050: 26 26 28 25 28 27 24 25 26 27 27 27 2a 2a 2a 28 &&(%('$%&'''***(
	00000060: 2b 28 28 26 27 29 2d 28 28 28 29 2a 2b 2e 2b 29 +((&')-((()*+.+)
	00000070: 28 2a 29 2c 2c 2a 2d 2a 2b 2c 2c 29 2c 2e 2a 2e (*),,*-*+,,),.*.
	001bf5ee bytes clipped
[11:26:04.735464] [pieusb] sanei_pieusb_get_scan_data(): reading lines: remaining 17610
[11:26:04.735528] [pieusb] sanei_pieusb_get_scan_data(): reading lines: now 255, bytes per line = 7186
[11:26:04.735541] [pieusb] sanei_pieusb_cmd_get_scanned_lines(): 255 lines (1832430 bytes)
Cmd	00000000: 08 00 00 00 ff 00                               ......
In	00000000: 42 42 00 00 00 00 01 00 00 00 00 00 00 00 00 00 BB..............
	00000010: 00 00 00 00 00 00 00 00 00 00 01 00 01 01 01 00 ................
	00000020: 00 00 01 01 01 01 01 01 01 02 01 01 01 02 02 02 ................
	00000030: 02 02 02 02 01 02 03 03 03 02 03 03 03 02 02 03 ................
	00000040: 03 03 03 02 02 02 03 03 02 03 03 02 03 03 03 02 ................
	00000050: 02 03 02 03 03 03 02 03 03 03 02 03 03 03 03 03 ................
	00000060: 03 03 03 03 03 03 03 03 03 03 02 03 03 03 03 03 ................
	00000070: 03 03 03 03 03 03 03 03 03 02 03 03 03 03 03 03 ................
	001bf5ee bytes clipped
[11:26:05.788176] [pieusb] sanei_pieusb_get_scan_data(): reading lines: remaining 17355
[11:26:05.788225] [pieusb] sanei_pieusb_get_scan_data(): reading lines: now 255, bytes per line = 7186
[11:26:05.788235] [pieusb] sanei_pieusb_cmd_get_scanned_lines(): 255 lines (1832430 bytes)
Cmd	00000000: 08 00 00 00 ff 00                               ......
In	00000000: 47 47 00 00 00 00 01 00 01 00 01 00 00 00 00 00 GG..............
	00000010: 00 01 01 00 00 00 01 01 00 01 01 01 01 01 02 01 ................
	00000020: 02 01 02 02 03 03 03 02 03 03 03 04 03 03 04 03 ................
	00000030: 04 03 04 05 04 04 05 05 04 05 06 06 05 06 06 05 ................
	00000040: 06 06 06 05 05 06 06 06 07 05 06 06 06 06 06 05 ................
	00000050: 05 06 06 07 06 06 06 06 06 06 07 06 06 07 07 07 ................
	00000060: 06 06 06 06 06 07 07 06 07 07 06 07 07 06 06 06 ................
	00000070: 05 06 07 06 06 06 06 07 07 07 06 07 07 07 07 07 ................
	001bf5ee bytes clipped
[11:26:06.843755] [pieusb] sanei_pieusb_get_scan_data(): reading lines: remaining 17100
[11:26:06.843820] [pieusb] sanei_pieusb_get_scan_data(): reading lines: now 255, bytes per line = 7186
[11:26:06.843833] [pieusb] sanei_pieusb_cmd_get_scanned_lines(): 255 lines (1832430 bytes)
Cmd	00000000: 08 00 00 00 ff 00                               ......
In	00000000: 52 52 00 01 01 01 00 00 00 00 01 00 00 00 01 00 RR..............
	00000010: 00 00 01 00 01 01 01 01 02 01 02 02 02 03 03 03 ................
	00000020: 04 04 05 05 04 05 06 05 06 07 05 07 09 07 08 09 ................
	00000030: 09 09 09 0a 0a 0c 0a 0c 0b 0b 0b 0c 0d 0d 0c 0e ................
	00000040: 0d 0f 0c 0c 0d 0d 0e 0e 0d 0d 0e 0c 0d 0c 0e 0d ................
	00000050: 0d 0d 0e 0b 0d 0d 0e 0e 10 0f 0e 0d 0f 0d 0e 0f ................
	00000060: 0d 0e 0f 0e 0e 0e 10 0e 0f 0e 0e 0d 0d 0c 0e 0e ................
	00000070: 10 0f 0d 0e 0e 0c 0e 0e 0f 0d 0f 0f 10 0e 0f 0f ................
	001bf5ee bytes clipped
[11:26:07.893158] [pieusb] sanei_pieusb_get_scan_data(): reading lines: remaining 16845
[11:26:07.893217] [pieusb] sanei_pieusb_get_scan_data(): reading lines: now 255, bytes per line = 7186
[11:26:07.893228] [pieusb] sanei_pieusb_cmd_get_scanned_lines(): 255 lines (1832430 bytes)
Cmd	00000000: 08 00 00 00 ff 00                               ......
In	00000000: 49 49 05 04 04 05 04 04 04 05 06 05 03 04 05 05 II..............
	00000010: 06 04 06 05 06 07 05 06 07 08 0a 08 09 0a 0a 0a ................
	00000020: 0b 0d 0c 10 0e 11 13 11 12 13 15 15 16 16 17 18 ................
	00000030: 19 1b 1b 1e 1a 1e 22 1e 21 22 21 20 22 23 25 22 ......".!"! "#%"
	00000040: 22 21 23 24 25 23 24 27 26 25 26 23 24 23 27 28 "!#$%#$'&%&#$#'(
	00000050: 28 27 28 28 26 25 25 28 27 29 26 26 26 25 29 26 ('((&%%(')&&&%)&
	00000060: 2a 29 2a 27 2b 29 28 27 29 26 28 28 26 27 24 27 *)*'+)(')&((&'$'
	00000070: 24 20 27 26 26 29 24 25 24 27 27 2b 28 28 28 28 $ '&&)$%$''+((((
	001bf5ee bytes clipped
[11:26:08.947739] [pieusb] sanei_pieusb_get_scan_data(): reading lines: remaining 16590
[11:26:08.947809] [pieusb] sanei_pieusb_get_scan_data(): reading lines: now 255, bytes per line = 7186
[11:26:08.947821] [pieusb] sanei_pieusb_cmd_get_scanned_lines(): 255 lines (1832430 bytes)
Cmd	00000000: 08 00 00 00 ff 00                               ......
In	00000000: 42 42 01 00 00 00 00 00 00 00 00 00 00 00 00 00 BB..............
	00000010: 00 00 00 00 00 01 01 00 00 01 00 00 00 00 01 01 ................
	00000020: 01 00 01 01 01 01 01 01 01 01 01 02 01 02 01 01 ................
	00000030: 02 02 02 01 02 02 02 02 02 02 02 01 03 03 03 03 ................
	00000040: 02 03 03 03 02 02 03 03 03 02 02 02 03 02 03 03 ................
	00000050: 03 03 02 03 03 03 02 02 03 03 03 03 03 03 03 03 ................
	00000060: 03 02 03 03 03 03 03 03 03 03 02 03 02 04 03 03 ................
	00000070: 04 03 03 03 02 03 03 03 02 02 03 03 03 03 03 03 ................
	001bf5ee bytes clipped
[11:26:10.000519] [pieusb] sanei_pieusb_get_scan_data(): reading lines: remaining 16335
[11:26:10.000563] [pieusb] sanei_pieusb_get_scan_data(): reading lines: now 255, bytes per line = 7186
[11:26:10.000570] [pieusb] sanei_pieusb_cmd_get_scanned_lines(): 255 lines (1832430 bytes)
Cmd	00000000: 08 00 00 00 ff 00                               ......
In	00000000: 47 47 01 00 00 00 00 00 00 00 00 00 00 00 00 01 GG..............
	00000010: 01 00 00 00 00 01 00 00 00 00 01 01 01 01 01 02 ................
	00000020: 01 02 02 02 02 01 03 02 02 03 02 02 03 04 03 03 ................
	00000030: 04 04 04 04 04 04 04 05 05 05 04 05 05 06 05 06 ................
	00000040: 06 05 06 06 05 06 05 06 05 06 06 06 06 05 06 06 ................
	00000050: 06 07 06 06 06 06 06 05 07 06 06 06 05 06 07 07 ................
	00000060: 06 06 06 06 06 07 06 07 06 06 07 06 07 07 07 06 ................
	00000070: 05 06 07 06 07 06 06 06 05 06 06 07 06 06 07 07 ................
	001bf5ee bytes clipped
[11:26:11.056372] [pieusb] sanei_pieusb_get_scan_data(): reading lines: remaining 16080
[11:26:11.056422] [pieusb] sanei_pieusb_get_scan_data(): reading lines: now 255, bytes per line = 7186
[11:26:11.056430] [pieusb] sanei_pieusb_cmd_get_scanned_lines(): 255 lines (1832430 bytes)
Cmd	00000000: 08 00 00 00 ff 00                               ......
In	00000000: 52 52 00 00 00 01 00 01 00 01 00 00 01 00 00 01 RR..............
	00000010: 00 00 01 00 01 01 01 00 00 02 01 00 01 02 02 03 ................
	00000020: 03 03 04 04 05 05 04 04 05 05 06 07 06 06 08 07 ................
	00000030: 07 09 09 0a 0a 0a 09 0b 0b 0c 0c 0c 0c 0c 0c 0d ................
	00000040: 0e 0f 0e 0c 0e 0d 0e 0f 0f 0d 0e 0e 0f 0f 0e 0f ................
	00000050: 10 0e 0d 0e 0f 0f 0d 0e 0e 0d 0f 0f 0d 10 0e 0d ................
	00000060: 0f 0d 0d 0f 0d 0e 0f 0f 0d 0d 0f 10 0f 0f 0e 0f ................
	00000070: 0d 0e 0d 0e 0d 0e 0e 0d 0d 0e 0c 0d 0e 0e 0f 0e ................
	001bf5ee bytes clipped
[11:26:12.106797] [pieusb] sanei_pieusb_get_scan_data(): reading lines: remaining 15825
[11:26:12.106864] [pieusb] sanei_pieusb_get_scan_data(): reading lines: now 255, bytes per line = 7186
[11:26:12.106876] [pieusb] sanei_pieusb_cmd_get_scanned_lines(): 255 lines (1832430 bytes)
Cmd	00000000: 08 00 00 00 ff 00                               ......
In	00000000: 49 49 03 04 04 04 05 05 05 04 05 05 05 04 03 03 II..............
	00000010: 05 05 05 06 04 06 05 04 06 06 08 07 09 08 0a 0a ................
	00000020: 0a 0b 0e 0e 10 0e 11 10 11 12 13 14 13 16 15 16 ................
	00000030: 19 18 1b 1c 1b 1d 20 1f 21 21 23 22 24 22 23 24 ...... .!!#"$"#$
	00000040: 24 24 23 23 22 24 23 24 27 27 27 27 24 24 24 26 $$##"$#$''''$$$&
	00000050: 26 23 26 26 25 27 26 26 28 26 27 28 27 28 27 28 &#&&%'&&(&'('('(
	00000060: 28 26 2c 28 27 27 28 28 28 2a 29 29 2b 28 29 29 (&,(''(((*))+())
	00000070: 29 2b 2b 2b 28 2d 27 2b 2a 27 2b 2a 2b 2a 2c 2b )+++(-'+*'+*+*,+
	001bf5ee bytes clipped
[11:26:13.163570] [pieusb] sanei_pieusb_get_scan_data(): reading lines: remaining 15570
[11:26:13.163632] [pieusb] sanei_pieusb_get_scan_data(): reading lines: now 255, bytes per line = 7186
[11:26:13.163640] [pieusb] sanei_pieusb_cmd_get_scanned_lines(): 255 lines (1832430 bytes)
Cmd	00000000: 08 00 00 00 ff 00                               ......
In	00000000: 42 42 00 00 00 01 00 00 00 01 00 01 00 00 00 00 BB..............
	00000010: 00 00 00 00 00 00 00 00 00 00 00 01 00 01 00 01 ................
	00000020: 00 01 00 01 01 01 00 01 01 01 01 01 01 01 02 01 ................
	00000030: 02 01 01 02 01 02 02 02 02 02 02 02 02 02 02 02 ................
	00000040: 02 03 02 02 02 03 02 03 03 02 03 03 02 03 04 03 ................
	00000050: 03 03 03 03 03 03 03 02 03 03 03 02 02 03 03 03 ................
	00000060: 03 03 03 03 03 03 03 03 03 03 03 03 03 03 03 04 ................
	00000070: 03 04 03 04 03 03 03 03 03 03 03 03 04 03 03 03 ................
	001bf5ee bytes clipped
[11:26:14.218696] [pieusb] sanei_pieusb_get_scan_data(): reading lines: remaining 15315
[11:26:14.218747] [pieusb] sanei_pieusb_get_scan_data(): reading lines: now 255, bytes per line = 7186
[11:26:14.218756] [pieusb] sanei_pieusb_cmd_get_scanned_lines(): 255 lines (1832430 bytes)
Cmd	00000000: 08 00 00 00 ff 00                               ......
In	00000000: 47 47 01 01 00 00 00 01 01 00 00 00 00 00 00 01 GG..............
	00000010: 00 00 00 00 00 00 00 00 00 01 01 00 00 01 01 01 ................
	00000020: 01 01 01 01 02 01 02 02 02 03 03 02 03 03 03 03 ................
	00000030: 03 03 04 04 03 04 04 05 05 05 04 05 05 06 06 06 ................
	00000040: 05 05 05 06 05 06 05 05 05 06 05 06 06 06 06 06 ................
	00000050: 06 06 06 06 06 06 06 05 06 06 06 06 05 06 06 05 ................
	00000060: 06 06 06 06 06 06 06 06 06 05 06 06 06 07 06 07 ................
	00000070: 06 06 06 06 05 06 06 06 07 06 06 06 07 06 06 06 ................
	001bf5ee bytes clipped
[11:26:15.275517] [pieusb] sanei_pieusb_get_scan_data(): reading lines: remaining 15060
[11:26:15.275575] [pieusb] sanei_pieusb_get_scan_data(): reading lines: now 255, bytes per line = 7186
[11:26:15.275584] [pieusb] sanei_pieusb_cmd_get_scanned_lines(): 255 lines (1832430 bytes)
Cmd	00000000: 08 00 00 00 ff 00                               ......
In	00000000: 52 52 01 00 00 01 00 00 00 01 01 01 01 01 00 00 RR..............
	00000010: 00 00 00 01 00 01 00 00 00 01 01 01 01 01 01 02 ................
	00000020: 03 03 03 03 04 05 04 05 05 06 06 07 05 07 08 07 ................
	00000030: 08 08 09 0a 0b 0a 0a 0a 0b 0b 0c 0b 0c 0c 0d 0d ................
	00000040: 0c 0d 0c 0c 0c 0d 0d 0e 0e 0e 0e 0e 0e 0e 0d 0e ................
	00000050: 0d 0f 0d 0e 0e 0e 0d 0d 0c 0d 0f 0e 0d 0c 0e 0e ................
	00000060: 0e 0e 0f 0f 0d 0f 0f 0e 0f 0d 0f 0f 0f 0e 0f 0f ................
	00000070: 0f 0e 0e 0d 0d 0e 0f 0d 0d 0f 0f 0f 0e 0d 10 0e ................
	001bf5ee bytes clipped
[11:26:16.325526] [pieusb] sanei_pieusb_get_scan_data(): reading lines: remaining 14805
[11:26:16.325574] [pieusb] sanei_pieusb_get_scan_data(): reading lines: now 255, bytes per line = 7186
[11:26:16.325583] [pieusb] sanei_pieusb_cmd_get_scanned_lines(): 255 lines (1832430 bytes)
Cmd	00000000: 08 00 00 00 ff 00                               ......
In	00000000: 49 49 06 05 04 04 05 04 04 06 03 04 04 04 04 04 II..............
	00000010: 04 04 05 06 03 03 05 05 05 04 06 06 07 07 08 0b ................
	00000020: 09 0a 0b 0d 0c 0c 10 0e 0f 12 0f 12 13 14 16 14 ................
	00000030: 15 18 1a 1b 19 1f 1e 1c 21 1e 22 22 21 23 21 23 ........!.""!#!#
	00000040: 22 23 25 23 27 25 24 23 26 25 24 25 25 2a 24 24 "#%#'%$#&%$%%*$$
	00000050: 24 26 27 28 27 28 25 28 26 28 28 29 2a 29 29 26 $&'('(%(&(()*))&
	00000060: 2b 29 2a 29 29 28 27 2c 29 26 28 29 29 28 27 28 +)*))(',)&())('(
	00000070: 26 2a 24 27 28 27 28 27 29 2b 2c 2b 29 2a 2a 28 &*$'('(')+,+)**(
	001bf5ee bytes clipped
[11:26:17.382159] [pieusb] sanei_pieusb_get_scan_data(): reading lines: remaining 14550
[11:26:17.382205] [pieusb] sanei_pieusb_get_scan_data(): reading lines: now 255, bytes per line = 7186
[11:26:17.382211] [pieusb] sanei_pieusb_cmd_get_scanned_lines(): 255 lines (1832430 bytes)
Cmd	00000000: 08 00 00 00 ff 00                               ......
In	00000000: 42 42 00 00 00 00 00 00 00 00 00 00 00 00 00 01 BB..............
	00000010: 01 00 00 00 00 00 00 00 00 00 00 00 00 01 00 01 ................
	00000020: 01 00 00 00 00 01 00 00 01 01 01 01 02 01 01 02 ................
	00000030: 02 02 01 02 02 02 02 02 02 02 02 03 02 02 02 03 ................
	00000040: 02 02 02 02 02 03 03 03 02 02 02 02 03 03 03 03 ................
	00000050: 03 02 03 02 03 03 02 03 02 03 03 03 03 03 03 03 ................
	00000060: 03 02 03 04 02 02 02 02 02 03 03 03 02 03 03 03 ................
	00000070: 03 03 03 02 03 03 03 03 03 03 03 03 03 03 03 04 ................
	001bf5ee bytes clipped
[11:26:18.437119] [pieusb] sanei_pieusb_get_scan_data(): reading lines: remaining 14295
[11:26:18.437208] [pieusb] sanei_pieusb_get_scan_data(): reading lines: now 255, bytes per line = 7186
[11:26:18.437215] [pieusb] sanei_pieusb_cmd_get_scanned_lines(): 255 lines (1832430 bytes)
Cmd	00000000: 08 00 00 00 ff 00                               ......
In	00000000: 47 47 00 00 00 00 00 00 00 00 01 00 00 00 00 00 GG..............
	00000010: 01 00 00 00 01 00 01 00 00 00 01 01 00 01 01 00 ................
	00000020: 01 01 02 01 01 02 02 02 02 02 02 03 03 03 03 03 ................
	00000030: 03 03 03 03 04 04 05 04 04 05 05 05 05 05 06 05 ................
	00000040: 05 06 05 06 05 06 06 05 06 06 06 06 06 06 07 05 ................
	00000050: 06 06 07 06 06 06 06 06 06 05 05 06 07 06 06 06 ................
	00000060: 06 06 07 07 07 07 07 06 06 06 07 06 06 06 06 06 ................
	00000070: 06 06 06 06 06 06 07 06 06 06 06 06 06 07 07 06 ................
	001bf5ee bytes clipped
[11:26:19.494908] [pieusb] sanei_pieusb_get_scan_data(): reading lines: remaining 14040
[11:26:19.494965] [pieusb] sanei_pieusb_get_scan_data(): reading lines: now 255, bytes per line = 7186
[11:26:19.494977] [pieusb] sanei_pieusb_cmd_get_scanned_lines(): 255 lines (1832430 bytes)
Cmd	00000000: 08 00 00 00 ff 00                               ......
In	00000000: 52 52 01 00 00 01 01 00 01 00 01 00 01 00 00 00 RR..............
	00000010: 00 00 00 00 00 01 01 00 01 01 01 01 01 01 01 01 ................
	00000020: 02 01 02 02 03 05 03 03 04 05 06 05 06 06 06 07 ................
	00000030: 07 06 08 09 08 09 0a 0a 0a 0b 0b 0b 0b 0c 0c 0c ................
	00000040: 0c 0d 0c 0d 0e 0c 0c 0d 0d 0d 0c 0c 0e 0e 0e 0f ................
	00000050: 0d 0f 0d 0f 0f 0f 0e 0e 0f 0f 0f 0f 0f 0e 0d 0d ................
	00000060: 0f 0c 0e 0e 0f 0e 10 0f 0e 0f 0e 0d 0e 0e 0e 0e ................
	00000070: 0e 0e 0c 0d 0d 0d 0e 0d 0e 0e 0e 0e 0e 0d 0f 0e ................
	001bf5ee bytes clipped
[11:26:20.544286] [pieusb] sanei_pieusb_get_scan_data(): reading lines: remaining 13785
[11:26:20.544331] [pieusb] sanei_pieusb_get_scan_data(): reading lines: now 255, bytes per line = 7186
[11:26:20.544338] [pieusb] sanei_pieusb_cmd_get_scanned_lines(): 255 lines (1832430 bytes)
Cmd	00000000: 08 00 00 00 ff 00                               ......
In	00000000: 49 49 04 03 05 04 05 04 04 04 06 03 04 04 03 05 II..............
	00000010: 04 04 04 04 05 05 04 05 04 05 06 04 04 07 06 06 ................
	00000020: 08 08 0c 0c 0c 0d 0e 0e 10 11 13 11 11 14 14 14 ................
	00000030: 15 15 1a 18 1a 1a 1c 1c 1f 1f 20 1d 21 25 22 24 .......... .!%"$
	00000040: 25 23 24 27 26 25 25 24 23 26 25 26 24 28 26 25 %#$'&%%$#&%&$(&%
	00000050: 29 28 26 2b 26 28 27 29 29 29 2a 2a 28 2a 28 2a )(&+&(')))**(*(*
	00000060: 29 29 27 26 2a 2b 29 29 29 2b 2e 2a 2b 2a 29 2a ))'&*+)))+.*+*)*
	00000070: 26 27 29 29 28 2a 2d 2b 2c 27 27 28 2a 29 27 28 &'))(*-+,''(*)'(
	001bf5ee bytes clipped
[11:26:21.599901] [pieusb] sanei_pieusb_get_scan_data(): reading lines: remaining 13530
[11:26:21.599950] [pieusb] sanei_pieusb_get_scan_data(): reading lines: now 255, bytes per line = 7186
[11:26:21.599958] [pieusb] sanei_pieusb_cmd_get_scanned_lines(): 255 lines (1832430 bytes)
Cmd	00000000: 08 00 00 00 ff 00                               ......
In	00000000: 42 42 00 00 00 00 00 00 00 00 00 00 00 00 00 00 BB..............
	00000010: 00 00 00 00 00 00 00 00 00 00 00 00 00 00 00 01 ................
	00000020: 00 00 00 00 01 00 01 00 01 01 01 02 01 01 02 01 ................
	00000030: 02 01 02 02 02 02 01 02 01 02 02 02 02 03 02 02 ................
	00000040: 02 02 02 02 02 03 02 03 03 03 02 02 02 03 03 02 ................
	00000050: 03 03 03 02 03 02 02 03 03 03 02 02 03 03 03 02 ................
	00000060: 03 03 03 03 03 03 04 03 03 03 03 04 03 02 02 03 ................
	00000070: 02 02 02 03 03 02 03 03 03 03 02 02 03 03 03 03 ................
	001bf5ee bytes clipped
[11:26:22.655180] [pieusb] sanei_pieusb_get_scan_data(): reading lines: remaining 13275
[11:26:22.655238] [pieusb] sanei_pieusb_get_scan_data(): reading lines: now 255, bytes per line = 7186
[11:26:22.655247] [pieusb] sanei_pieusb_cmd_get_scanned_lines(): 255 lines (1832430 bytes)
Cmd	00000000: 08 00 00 00 ff 00                               ......
In	00000000: 47 47 00 00 00 00 00 00 00 00 00 00 00 00 00 00 GG..............
	00000010: 00 00 00 00 00 00 00 00 00 01 00 00 00 01 00 00 ................
	00000020: 01 01 01 01 01 01 01 01 02 02 02 03 03 03 03 03 ................
	00000030: 03 03 03 03 03 04 04 04 04 04 04 05 05 05 05 05 ................
	00000040: 05 05 05 06 06 06 06 07 06 06 06 06 06 06 06 05 ................
	00000050: 06 07 05 06 06 06 06 06 06 06 06 06 07 06 06 06 ................
	00000060: 07 07 06 06 06 06 07 07 07 06 07 06 07 06 06 06 ................
	00000070: 07 06 06 06 06 07 06 07 06 07 06 06 06 07 06 07 ................
	001bf5ee bytes clipped
[11:26:23.712589] [pieusb] sanei_pieusb_get_scan_data(): reading lines: remaining 13020
[11:26:23.712637] [pieusb] sanei_pieusb_get_scan_data(): reading lines: now 255, bytes per line = 7186
[11:26:23.712647] [pieusb] sanei_pieusb_cmd_get_scanned_lines(): 255 lines (1832430 bytes)
Cmd	00000000: 08 00 00 00 ff 00                               ......
In	00000000: 52 52 00 01 01 00 00 00 01 00 00 00 00 00 01 00 RR..............
	00000010: 00 00 00 00 00 01 00 02 00 00 01 02 01 01 01 01 ................
	00000020: 02 03 03 03 03 03 04 04 05 04 05 05 05 06 06 06 ................
	00000030: 07 07 07 07 09 09 09 0a 0a 0b 0a 0b 0a 0b 0c 0b ................
	00000040: 0d 0b 0d 0c 0d 0d 0d 0d 0d 0c 0d 0d 0e 0d 0c 0d ................
	00000050: 0e 0d 0d 0d 0c 0e 0e 0d 0d 0d 0e 0d 0f 10 0e 0e ................
	00000060: 0e 0e 0e 0f 0e 0e 10 0e 0e 0e 0e 0e 0f 0e 0e 0e ................
	00000070: 0d 0e 0f 0d 0e 0f 0e 0c 0d 0e 0e 0e 0f 0f 0f 0f ................
	001bf5ee bytes clipped
[11:26:24.764185] [pieusb] sanei_pieusb_get_scan_data(): reading lines: remaining 12765
[11:26:24.764232] [pieusb] sanei_pieusb_get_scan_data(): reading lines: now 255, bytes per line = 7186
[11:26:24.764240] [pieusb] sanei_pieusb_cmd_get_scanned_lines(): 255 lines (1832430 bytes)
Cmd	00000000: 08 00 00 00 ff 00                               ......
In	00000000: 49 49 04 03 04 04 05 05 05 03 05 05 05 04 03 04 II..............
	00000010: 03 05 04 05 05 04 04 04 03 06 05 06 06 08 07 08 ................
	00000020: 08 06 07 08 0a 0a 0b 0c 0e 0e 0e 0f 11 11 11 11 ................
	00000030: 14 16 15 17 16 18 18 19 19 19 1c 1e 1f 24 22 22 .............$""
	00000040: 20 21 27 25 24 23 22 24 24 27 24 25 25 26 28 26  !'%$#"$$'$%%&(&
	00000050: 26 26 24 24 28 24 28 25 29 24 26 26 28 28 26 29 &&$$($(%)$&&((&)
	00000060: 29 2a 28 2a 29 28 2b 2a 28 2b 27 27 2a 28 2b 2b )*(*)(+*(+''*(++
	00000070: 28 28 25 2b 28 29 28 2a 29 2c 2a 2a 2a 2a 2a 28 ((%+()(*),*****(
	001bf5ee bytes clipped
[11:26:25.819901] [pieusb] sanei_pieusb_get_scan_data(): reading lines: remaining 12510
[11:26:25.819957] [pieusb] sanei_pieusb_get_scan_data(): reading lines: now 255, bytes per line = 7186
[11:26:25.819965] [pieusb] sanei_pieusb_cmd_get_scanned_lines(): 255 lines (1832430 bytes)
Cmd	00000000: 08 00 00 00 ff 00                               ......
In	00000000: 42 42 00 00 00 00 00 00 00 00 00 00 00 00 00 00 BB..............
	00000010: 00 00 00 00 00 00 00 00 00 00 00 00 00 00 01 00 ................
	00000020: 01 01 00 00 00 01 00 00 01 01 01 01 01 01 01 01 ................
	00000030: 01 01 01 01 01 02 01 02 02 01 02 02 02 02 02 02 ................
	00000040: 03 02 02 02 02 02 03 02 03 02 02 02 03 03 03 02 ................
	00000050: 02 04 03 03 03 02 02 02 02 02 02 04 02 02 03 03 ................
	00000060: 02 03 03 03 02 03 03 03 03 03 03 03 03 02 03 03 ................
	00000070: 03 03 03 03 02 03 02 03 03 04 02 03 03 02 03 03 ................
	001bf5ee bytes clipped
[11:26:26.873388] [pieusb] sanei_pieusb_get_scan_data(): reading lines: remaining 12255
[11:26:26.873439] [pieusb] sanei_pieusb_get_scan_data(): reading lines: now 255, bytes per line = 7186
[11:26:26.873448] [pieusb] sanei_pieusb_cmd_get_scanned_lines(): 255 lines (1832430 bytes)
Cmd	00000000: 08 00 00 00 ff 00                               ......
In	00000000: 47 47 01 00 00 01 01 00 01 01 00 00 00 00 00 00 GG..............
	00000010: 01 00 00 00 01 01 01 00 00 00 00 00 01 00 00 01 ................
	00000020: 00 01 01 01 01 01 01 01 02 02 02 02 02 02 02 02 ................
	00000030: 03 02 03 03 03 04 03 03 04 04 04 04 04 05 05 05 ................
	00000040: 05 04 05 05 05 05 05 05 05 06 06 06 05 05 05 06 ................
	00000050: 06 05 06 06 05 06 06 06 06 06 06 06 06 06 06 06 ................
	00000060: 06 06 05 05 06 06 06 06 07 05 06 06 06 06 06 06 ................
	00000070: 06 06 06 07 06 06 07 06 06 07 06 05 06 06 05 07 ................
	001bf5ee bytes clipped
[11:26:27.925901] [pieusb] sanei_pieusb_get_scan_data(): reading lines: remaining 12000
[11:26:27.925945] [pieusb] sanei_pieusb_get_scan_data(): reading lines: now 255, bytes per line = 7186
[11:26:27.925952] [pieusb] sanei_pieusb_cmd_get_scanned_lines(): 255 lines (1832430 bytes)
Cmd	00000000: 08 00 00 00 ff 00                               ......
In	00000000: 52 52 00 00 01 01 00 01 01 00 01 00 01 00 00 01 RR..............
	00000010: 00 01 01 01 01 00 00 00 00 00 01 02 01 01 01 01 ................
	00000020: 02 01 01 02 02 03 03 03 03 04 03 05 04 05 05 06 ................
	00000030: 06 06 07 07 07 08 08 09 09 08 08 09 09 0a 0b 0b ................
	00000040: 0a 0c 0b 0d 0b 0c 0d 0b 0d 0e 0d 0c 0e 0d 0d 0e ................
	00000050: 0d 0d 0b 0d 0c 0d 0e 0d 0d 0e 0d 0d 0e 0e 0d 0d ................
	00000060: 0d 0c 0f 0d 0e 0e 0d 0d 0d 0e 0c 0d 0e 0e 0e 0c ................
	00000070: 0d 0d 0d 0c 0f 0c 0d 0d 0e 0f 0f 10 0d 0e 0f 10 ................
	001bf5ee bytes clipped
[11:26:28.980917] [pieusb] sanei_pieusb_get_scan_data(): reading lines: remaining 11745
[11:26:28.981005] [pieusb] sanei_pieusb_get_scan_data(): reading lines: now 255, bytes per line = 7186
[11:26:28.981020] [pieusb] sanei_pieusb_cmd_get_scanned_lines(): 255 lines (1832430 bytes)
Cmd	00000000: 08 00 00 00 ff 00                               ......
In	00000000: 49 49 04 02 03 04 05 03 04 03 04 04 02 03 03 03 II..............
	00000010: 04 03 04 03 05 06 03 04 05 05 05 05 06 05 04 05 ................
	00000020: 07 06 07 08 08 0b 0b 0a 0c 0d 0b 0c 0f 0f 10 10 ................
	00000030: 11 13 12 12 15 15 15 17 1b 18 1a 1d 1a 1b 1d 1e ................
	00000040: 1f 1f 21 21 21 22 22 22 25 23 24 25 24 23 22 27 ..!!!"""%#$%$#"'
	00000050: 24 26 25 22 25 25 2b 26 26 26 24 24 29 27 27 24 $&%"%%+&&&$$)''$
	00000060: 29 2d 26 28 2b 29 2a 28 2c 28 29 27 28 2a 2f 2a )-&(+)*(,()'(*/*
	00000070: 2b 27 2c 28 2a 26 29 28 28 26 27 27 27 29 2a 28 +',(*&)((&''')*(
	001bf5ee bytes clipped
[11:26:30.034272] [pieusb] sanei_pieusb_get_scan_data(): reading lines: remaining 11490
[11:26:30.034315] [pieusb] sanei_pieusb_get_scan_data(): reading lines: now 255, bytes per line = 7186
[11:26:30.034324] [pieusb] sanei_pieusb_cmd_get_scanned_lines(): 255 lines (1832430 bytes)
Cmd	00000000: 08 00 00 00 ff 00                               ......
In	00000000: 42 42 00 00 00 00 00 00 00 00 00 00 00 00 00 00 BB..............
	00000010: 00 00 00 00 00 00 00 00 00 00 00 01 00 00 00 00 ................
	00000020: 00 00 01 00 00 00 00 01 00 00 00 01 01 01 01 01 ................
	00000030: 01 01 01 01 01 02 02 01 01 02 01 01 02 03 02 02 ................
	00000040: 02 02 02 02 02 02 02 02 03 02 02 03 03 03 02 02 ................
	00000050: 02 03 03 02 02 03 03 03 03 02 02 02 03 03 02 03 ................
	00000060: 03 03 02 03 03 02 03 02 03 03 03 03 03 03 03 03 ................
	00000070: 03 04 02 03 02 02 03 03 03 03 03 03 03 02 03 03 ................
	001bf5ee bytes clipped
[11:26:31.093623] [pieusb] sanei_pieusb_get_scan_data(): reading lines: remaining 11235
[11:26:31.093680] [pieusb] sanei_pieusb_get_scan_data(): reading lines: now 255, bytes per line = 7186
[11:26:31.093687] [pieusb] sanei_pieusb_cmd_get_scanned_lines(): 255 lines (1832430 bytes)
Cmd	00000000: 08 00 00 00 ff 00                               ......
In	00000000: 47 47 01 00 00 00 00 01 00 00 00 00 00 00 00 00 GG..............
	00000010: 00 00 00 00 01 00 01 00 00 00 00 00 01 01 01 01 ................
	00000020: 01 00 01 00 01 01 01 01 01 01 02 02 01 02 01 03 ................
	00000030: 02 02 02 02 03 04 03 04 03 04 04 04 04 04 04 05 ................
	00000040: 04 05 05 06 05 06 05 05 05 05 05 06 05 06 06 06 ................
	00000050: 05 06 06 06 06 05 06 06 05 07 05 06 05 06 07 07 ................
	00000060: 07 06 06 06 07 06 06 07 07 07 06 06 05 07 08 06 ................
	00000070: 07 07 06 07 07 07 06 07 06 06 06 06 05 06 06 07 ................
	001bf5ee bytes clipped
[11:26:32.147608] [pieusb] sanei_pieusb_get_scan_data(): reading lines: remaining 10980
[11:26:32.147684] [pieusb] sanei_pieusb_get_scan_data(): reading lines: now 255, bytes per line = 7186
[11:26:32.147704] [pieusb] sanei_pieusb_cmd_get_scanned_lines(): 255 lines (1832430 bytes)
Cmd	00000000: 08 00 00 00 ff 00                               ......
In	00000000: 52 52 01 00 01 00 00 00 00 01 00 00 00 00 00 00 RR..............
	00000010: 00 00 00 00 01 00 01 01 00 00 01 00 00 01 01 00 ................
	00000020: 01 01 01 01 02 02 02 02 03 03 03 03 04 05 04 04 ................
	00000030: 05 05 06 06 06 05 07 06 08 09 08 09 0a 09 09 0a ................
	00000040: 09 0b 0a 0b 0c 0b 0c 0c 0e 0b 0c 0c 0c 0c 0c 0c ................
	00000050: 0d 0e 0b 0c 0c 0d 0d 0d 0e 0d 0e 0c 0d 0e 0d 0e ................
	00000060: 0e 0d 0e 0d 0f 0f 0e 0b 0d 0d 0d 0d 0e 0e 0f 0f ................
	00000070: 0f 0f 0f 0e 0f 0e 0e 0c 0e 0f 0f 0e 0f 0d 0d 0d ................
	001bf5ee bytes clipped
[11:26:33.193467] [pieusb] sanei_pieusb_get_scan_data(): reading lines: remaining 10725
[11:26:33.193507] [pieusb] sanei_pieusb_get_scan_data(): reading lines: now 255, bytes per line = 7186
[11:26:33.193516] [pieusb] sanei_pieusb_cmd_get_scanned_lines(): 255 lines (1832430 bytes)
Cmd	00000000: 08 00 00 00 ff 00                               ......
In	00000000: 49 49 03 04 05 05 04 05 05 04 03 03 03 03 05 06 II..............
	00000010: 04 04 04 03 03 05 03 04 05 04 03 06 05 06 07 03 ................
	00000020: 06 05 05 05 07 07 08 08 0a 09 0c 0a 0c 0f 10 0f ................
	00000030: 10 11 12 13 13 14 16 17 17 17 19 19 18 1b 1d 1d ................
	00000040: 1f 20 23 21 22 23 25 24 23 23 22 23 23 23 24 24 . #!"#%$##"###$$
	00000050: 23 25 25 24 25 26 27 25 29 25 26 27 24 27 27 28 #%%$%&'%)%&'$''(
	00000060: 28 28 26 2a 26 28 27 2a 27 27 26 26 25 2a 2a 29 ((&*&('*''&&%**)
	00000070: 29 28 2c 29 2a 29 2a 2a 2a 2a 28 2a 2a 2a 2c 2b )(,)*)****(***,+
	001bf5ee bytes clipped
[11:26:34.253429] [pieusb] sanei_pieusb_get_scan_data(): reading lines: remaining 10470
[11:26:34.253476] [pieusb] sanei_pieusb_get_scan_data(): reading lines: now 255, bytes per line = 7186
[11:26:34.253485] [pieusb] sanei_pieusb_cmd_get_scanned_lines(): 255 lines (1832430 bytes)
Cmd	00000000: 08 00 00 00 ff 00                               ......
In	00000000: 42 42 00 00 00 00 00 00 00 00 00 00 00 00 00 00 BB..............
	00000010: 00 00 00 00 01 00 00 00 00 00 00 00 00 00 00 00 ................
	00000020: 00 00 01 01 01 01 00 00 01 00 01 01 01 01 01 00 ................
	00000030: 01 01 01 01 01 01 01 01 01 01 02 02 02 02 01 02 ................
	00000040: 02 02 02 02 03 03 02 02 02 03 02 02 03 02 03 03 ................
	00000050: 03 03 02 02 02 03 03 02 03 03 02 03 02 03 03 03 ................
	00000060: 03 03 03 02 03 03 03 02 02 02 02 03 04 02 03 03 ................
	00000070: 03 03 03 03 03 03 02 03 03 03 02 03 02 03 02 02 ................
	001bf5ee bytes clipped
[11:26:35.309556] [pieusb] sanei_pieusb_get_scan_data(): reading lines: remaining 10215
[11:26:35.309612] [pieusb] sanei_pieusb_get_scan_data(): reading lines: now 255, bytes per line = 7186
[11:26:35.309620] [pieusb] sanei_pieusb_cmd_get_scanned_lines(): 255 lines (1832430 bytes)
Cmd	00000000: 08 00 00 00 ff 00                               ......
In	00000000: 47 47 00 00 00 00 00 00 00 00 00 00 00 00 00 00 GG..............
	00000010: 00 00 01 00 01 00 00 00 00 00 01 00 00 00 01 00 ................
	00000020: 00 00 01 00 00 01 01 01 01 01 01 01 02 01 02 01 ................
	00000030: 02 01 02 02 02 02 03 03 03 03 04 03 03 04 04 04 ................
	00000040: 04 04 05 05 04 05 05 05 05 06 06 06 05 06 05 06 ................
	00000050: 05 06 06 06 05 06 06 05 06 06 06 06 07 06 06 06 ................
	00000060: 06 06 06 06 06 06 06 07 06 06 06 07 06 06 06 06 ................
	00000070: 07 06 06 06 06 07 06 07 07 06 06 06 07 06 07 07 ................
	001bf5ee bytes clipped
[11:26:36.363953] [pieusb] sanei_pieusb_get_scan_data(): reading lines: remaining 9960
[11:26:36.364028] [pieusb] sanei_pieusb_get_scan_data(): reading lines: now 255, bytes per line = 7186
[11:26:36.364041] [pieusb] sanei_pieusb_cmd_get_scanned_lines(): 255 lines (1832430 bytes)
Cmd	00000000: 08 00 00 00 ff 00                               ......
In	00000000: 52 52 00 01 01 00 01 00 01 01 00 00 01 01 00 01 RR..............
	00000010: 01 00 00 00 01 00 00 00 00 01 00 01 01 01 00 01 ................
	00000020: 00 00 00 01 01 01 02 01 02 02 01 03 03 04 03 04 ................
	00000030: 04 05 05 05 06 06 06 06 07 07 08 09 08 09 0a 09 ................
	00000040: 0a 09 0a 0b 0b 0b 0d 0b 0c 0c 0d 0d 0d 0e 0c 0c ................
	00000050: 0c 0c 0d 0e 0d 0d 0c 0b 0d 0e 0c 0d 0d 0e 0e 0d ................
	00000060: 0e 0d 0c 0d 0d 0d 0e 0e 0e 0e 0d 0f 10 0f 0f 0e ................
	00000070: 0e 0d 0e 0e 0f 0e 0f 0e 0f 0c 0f 0e 0e 0f 0e 0f ................
	001bf5ee bytes clipped
[11:26:37.413481] [pieusb] sanei_pieusb_get_scan_data(): reading lines: remaining 9705
[11:26:37.413534] [pieusb] sanei_pieusb_get_scan_data(): reading lines: now 255, bytes per line = 7186
[11:26:37.413541] [pieusb] sanei_pieusb_cmd_get_scanned_lines(): 255 lines (1832430 bytes)
Cmd	00000000: 08 00 00 00 ff 00                               ......
In	00000000: 49 49 04 04 05 05 04 05 04 03 04 04 05 04 04 04 II..............
	00000010: 05 04 04 05 04 05 04 04 03 05 05 05 04 05 05 04 ................
	00000020: 05 04 07 05 07 06 07 08 08 08 0a 0b 0b 0c 0d 0d ................
	00000030: 0f 11 13 10 11 12 13 14 17 16 16 19 19 1a 1a 1c ................
	00000040: 1e 1e 1d 20 20 22 20 22 21 24 21 24 21 23 22 25 ...  " "!$!$!#"%
	00000050: 1f 24 25 25 26 25 24 27 25 26 27 26 25 25 24 24 .$%%&%$'%&'&%%$$
	00000060: 26 28 27 27 25 28 26 25 28 28 27 27 28 27 28 24 &(''%(&%((''('($
	00000070: 28 28 2a 27 28 29 2b 28 29 29 27 2a 2a 28 2a 2c ((*'()+())'**(*,
	001bf5ee bytes clipped
[11:26:38.470725] [pieusb] sanei_pieusb_get_scan_data(): reading lines: remaining 9450
[11:26:38.470800] [pieusb] sanei_pieusb_get_scan_data(): reading lines: now 255, bytes per line = 7186
[11:26:38.470814] [pieusb] sanei_pieusb_cmd_get_scanned_lines(): 255 lines (1832430 bytes)
Cmd	00000000: 08 00 00 00 ff 00                               ......
In	00000000: 42 42 00 01 00 00 00 00 00 00 00 00 00 00 00 00 BB..............
	00000010: 00 00 00 00 00 00 00 01 00 00 00 00 00 01 00 00 ................
	00000020: 00 00 00 00 00 00 00 00 01 01 00 00 01 01 00 01 ................
	00000030: 01 00 01 00 01 00 01 01 01 01 02 01 01 01 02 02 ................
	00000040: 02 02 02 01 02 03 02 02 02 03 03 02 02 03 02 03 ................
	00000050: 02 02 02 04 02 02 03 02 02 02 02 04 02 02 03 03 ................
	00000060: 03 02 02 02 02 03 02 02 04 03 03 02 04 03 03 03 ................
	00000070: 03 02 03 03 03 02 03 02 03 03 03 03 02 03 03 03 ................
	001bf5ee bytes clipped
[11:26:39.524283] [pieusb] sanei_pieusb_get_scan_data(): reading lines: remaining 9195
[11:26:39.524333] [pieusb] sanei_pieusb_get_scan_data(): reading lines: now 255, bytes per line = 7186
[11:26:39.524341] [pieusb] sanei_pieusb_cmd_get_scanned_lines(): 255 lines (1832430 bytes)
Cmd	00000000: 08 00 00 00 ff 00                               ......
In	00000000: 47 47 00 00 00 01 00 01 00 00 00 00 00 00 00 01 GG..............
	00000010: 01 00 00 00 00 00 00 00 00 00 00 00 01 00 00 00 ................
	00000020: 00 00 01 00 00 01 01 00 01 01 01 01 01 02 02 02 ................
	00000030: 02 02 02 02 02 02 03 02 03 03 03 04 04 03 03 04 ................
	00000040: 04 04 05 04 04 05 05 05 05 06 06 06 06 05 06 05 ................
	00000050: 06 06 06 06 07 05 06 06 06 05 07 06 05 06 06 06 ................
	00000060: 06 06 05 06 06 06 07 06 06 06 07 06 06 06 06 06 ................
	00000070: 06 06 06 07 06 06 06 06 06 06 07 06 05 07 05 06 ................
	001bf5ee bytes clipped
[11:26:40.579610] [pieusb] sanei_pieusb_get_scan_data(): reading lines: remaining 8940
[11:26:40.579658] [pieusb] sanei_pieusb_get_scan_data(): reading lines: now 255, bytes per line = 7186
[11:26:40.579667] [pieusb] sanei_pieusb_cmd_get_scanned_lines(): 255 lines (1832430 bytes)
Cmd	00000000: 08 00 00 00 ff 00                               ......
In	00000000: 52 52 02 00 01 00 00 00 00 00 01 01 00 00 00 00 RR..............
	00000010: 00 01 01 01 01 01 00 00 00 00 00 00 01 00 01 01 ................
	00000020: 01 00 00 00 00 02 00 02 01 02 02 02 03 04 03 04 ................
	00000030: 04 04 05 04 04 05 06 06 06 07 07 07 07 08 09 07 ................
	00000040: 08 0a 09 0a 0a 0a 0b 0a 0c 0c 0b 0d 0c 0d 0c 0c ................
	00000050: 0c 0e 0d 0d 0d 0c 0d 0e 0d 0e 0d 0d 0e 0d 0f 0e ................
	00000060: 0d 0c 0c 0e 0d 0d 0e 0c 0d 0d 0e 0e 10 0e 0f 0e ................
	00000070: 0f 0f 0d 0e 0e 0e 0d 0e 0e 0d 0e 0e 0f 0e 0f 0e ................
	001bf5ee bytes clipped
[11:26:41.630976] [pieusb] sanei_pieusb_get_scan_data(): reading lines: remaining 8685
[11:26:41.631058] [pieusb] sanei_pieusb_get_scan_data(): reading lines: now 255, bytes per line = 7186
[11:26:41.631070] [pieusb] sanei_pieusb_cmd_get_scanned_lines(): 255 lines (1832430 bytes)
Cmd	00000000: 08 00 00 00 ff 00                               ......
In	00000000: 49 49 04 04 04 05 03 04 04 03 06 04 03 02 04 04 II..............
	00000010: 04 03 04 03 04 04 05 06 03 04 04 03 04 05 05 03 ................
	00000020: 05 04 05 05 05 06 07 07 07 07 0a 09 0b 0a 0b 0d ................
	00000030: 0c 0d 0e 0e 0e 10 10 13 11 13 14 14 16 17 19 1a ................
	00000040: 1c 1a 1b 1f 1e 1f 20 20 22 22 24 24 21 23 24 22 ......  ""$$!#$"
	00000050: 23 22 24 25 26 27 24 25 27 27 25 26 26 26 26 28 #"$%&'$%''%&&&&(
	00000060: 22 23 25 24 24 24 28 28 23 29 27 26 29 26 28 25 "#%$$$((#)'&)&(%
	00000070: 2b 28 2a 29 28 24 28 29 25 2a 2b 27 2b 28 2a 2a +(*)($()%*+'+(**
	001bf5ee bytes clipped
[11:26:42.684362] [pieusb] sanei_pieusb_get_scan_data(): reading lines: remaining 8430
[11:26:42.684403] [pieusb] sanei_pieusb_get_scan_data(): reading lines: now 255, bytes per line = 7186
[11:26:42.684413] [pieusb] sanei_pieusb_cmd_get_scanned_lines(): 255 lines (1832430 bytes)
Cmd	00000000: 08 00 00 00 ff 00                               ......
In	00000000: 42 42 00 00 00 00 00 00 00 00 00 00 00 00 00 00 BB..............
	00000010: 00 00 00 00 00 00 00 00 00 00 00 00 00 00 00 00 ................
	00000020: 00 00 00 01 00 00 00 00 00 00 00 00 01 01 00 00 ................
	00000030: 01 01 00 01 01 01 01 01 00 01 01 01 01 02 02 01 ................
	00000040: 01 02 02 03 02 02 02 02 02 03 02 02 03 03 03 02 ................
	00000050: 03 03 02 02 02 02 02 03 02 03 03 02 02 03 03 02 ................
	00000060: 03 03 02 02 03 03 03 03 03 02 03 03 03 03 04 02 ................
	00000070: 03 03 02 03 03 02 03 03 03 02 03 02 02 02 03 03 ................
	001bf5ee bytes clipped
[11:26:43.743165] [pieusb] sanei_pieusb_get_scan_data(): reading lines: remaining 8175
[11:26:43.743219] [pieusb] sanei_pieusb_get_scan_data(): reading lines: now 255, bytes per line = 7186
[11:26:43.743228] [pieusb] sanei_pieusb_cmd_get_scanned_lines(): 255 lines (1832430 bytes)
Cmd	00000000: 08 00 00 00 ff 00                               ......
In	00000000: 47 47 00 00 00 00 00 01 00 00 00 00 01 00 01 00 GG..............
	00000010: 00 00 00 00 00 00 00 01 00 00 00 00 01 00 00 00 ................
	00000020: 00 00 00 00 00 00 01 00 01 01 00 01 01 01 01 02 ................
	00000030: 02 02 01 02 02 02 03 02 02 03 02 03 03 03 03 03 ................
	00000040: 04 04 05 04 04 04 05 04 05 05 05 05 06 06 05 05 ................
	00000050: 05 05 05 05 05 05 05 06 06 06 05 06 06 06 06 06 ................
	00000060: 06 06 07 07 06 06 06 06 06 06 05 07 06 06 06 06 ................
	00000070: 06 06 06 06 06 06 06 06 06 06 07 07 07 06 06 06 ................
	001bf5ee bytes clipped
[11:26:44.798360] [pieusb] sanei_pieusb_get_scan_data(): reading lines: remaining 7920
[11:26:44.798416] [pieusb] sanei_pieusb_get_scan_data(): reading lines: now 255, bytes per line = 7186
[11:26:44.798424] [pieusb] sanei_pieusb_cmd_get_scanned_lines(): 255 lines (1832430 bytes)
Cmd	00000000: 08 00 00 00 ff 00                               ......
In	00000000: 52 52 01 00 00 01 01 00 01 00 00 00 00 01 00 00 RR..............
	00000010: 00 00 01 01 00 00 00 01 00 00 00 01 01 00 00 01 ................
	00000020: 01 00 01 01 00 01 01 01 01 01 01 02 02 03 03 02 ................
	00000030: 04 04 04 04 04 04 07 05 05 06 06 06 07 07 08 09 ................
	00000040: 08 09 09 09 0b 0a 0b 0c 0a 0b 0e 0c 0c 0c 0c 0d ................
	00000050: 0c 0c 0c 0c 0d 0d 0d 0e 0d 0d 0e 0e 0c 0f 0e 0d ................
	00000060: 0e 0d 0e 0e 0e 0e 0c 0d 0d 0c 0e 0d 0e 0e 0d 0d ................
	00000070: 0e 0d 0d 0e 0c 0e 0d 0d 0e 0c 0f 0f 0d 0d 0e 0f ................
	001bf5ee bytes clipped
[11:26:45.848038] [pieusb] sanei_pieusb_get_scan_data(): reading lines: remaining 7665
[11:26:45.848093] [pieusb] sanei_pieusb_get_scan_data(): reading lines: now 255, bytes per line = 7186
[11:26:45.848101] [pieusb] sanei_pieusb_cmd_get_scanned_lines(): 255 lines (1832430 bytes)
Cmd	00000000: 08 00 00 00 ff 00                               ......
In	00000000: 49 49 04 06 04 02 04 03 04 04 04 04 05 04 02 04 II..............
	00000010: 04 03 04 05 05 03 04 04 04 04 07 04 04 05 05 04 ................
	00000020: 05 04 04 05 05 07 05 05 07 08 08 06 0a 09 0a 09 ................
	00000030: 0c 0a 0c 0f 0e 0d 0e 12 11 13 13 14 14 17 17 18 ................
	00000040: 17 19 1a 1c 1e 1d 1e 21 20 1e 22 23 23 26 21 23 .......! ."##&!#
	00000050: 21 20 23 22 25 26 22 23 23 28 24 25 24 24 27 23 ! #"%&"##($%$$'#
	00000060: 24 24 26 25 24 25 25 26 27 24 26 27 23 27 27 27 $$&%$%%&'$&'#'''
	00000070: 29 28 27 27 2a 2b 28 29 2a 27 2a 26 27 2b 2a 2c )(''*+()*'*&'+*,
	001bf5ee bytes clipped
[11:26:46.902835] [pieusb] sanei_pieusb_get_scan_data(): reading lines: remaining 7410
[11:26:46.902898] [pieusb] sanei_pieusb_get_scan_data(): reading lines: now 255, bytes per line = 7186
[11:26:46.902907] [pieusb] sanei_pieusb_cmd_get_scanned_lines(): 255 lines (1832430 bytes)
Cmd	00000000: 08 00 00 00 ff 00                               ......
In	00000000: 42 42 00 00 00 00 01 00 00 00 00 00 00 00 00 01 BB..............
	00000010: 00 00 00 00 00 00 00 00 00 00 00 00 00 00 00 00 ................
	00000020: 00 00 00 00 00 00 00 00 00 01 01 00 00 01 00 01 ................
	00000030: 01 00 01 01 01 00 01 01 01 01 01 01 01 01 01 01 ................
	00000040: 01 01 02 02 01 02 02 02 02 02 03 02 02 02 02 02 ................
	00000050: 03 02 02 02 03 02 02 03 03 03 02 03 02 03 02 02 ................
	00000060: 02 02 03 03 03 02 03 03 03 02 02 03 02 03 03 02 ................
	00000070: 02 02 03 03 02 03 02 02 02 02 03 03 02 03 03 03 ................
	001bf5ee bytes clipped
[11:26:47.956521] [pieusb] sanei_pieusb_get_scan_data(): reading lines: remaining 7155
[11:26:47.956565] [pieusb] sanei_pieusb_get_scan_data(): reading lines: now 255, bytes per line = 7186
[11:26:47.956574] [pieusb] sanei_pieusb_cmd_get_scanned_lines(): 255 lines (1832430 bytes)
Cmd	00000000: 08 00 00 00 ff 00                               ......
In	00000000: 47 47 00 00 00 00 01 00 01 00 00 01 00 01 00 00 GG..............
	00000010: 00 00 01 00 00 00 00 00 01 00 00 00 00 00 00 00 ................
	00000020: 00 00 00 01 00 00 01 01 01 01 00 00 01 01 01 01 ................
	00000030: 01 01 02 01 02 02 02 02 02 03 03 03 03 03 04 03 ................
	00000040: 04 03 04 04 05 04 05 05 05 04 05 04 04 05 05 05 ................
	00000050: 06 05 05 05 05 06 05 06 05 06 06 06 05 06 06 05 ................
	00000060: 06 05 06 06 06 06 06 06 06 06 06 07 06 06 06 06 ................
	00000070: 06 06 05 06 06 06 06 06 06 05 06 07 07 06 07 07 ................
	001bf5ee bytes clipped
[11:26:49.013487] [pieusb] sanei_pieusb_get_scan_data(): reading lines: remaining 6900
[11:26:49.013540] [pieusb] sanei_pieusb_get_scan_data(): reading lines: now 255, bytes per line = 7186
[11:26:49.013548] [pieusb] sanei_pieusb_cmd_get_scanned_lines(): 255 lines (1832430 bytes)
Cmd	00000000: 08 00 00 00 ff 00                               ......
In	00000000: 52 52 00 00 01 01 00 01 00 00 00 01 01 00 00 00 RR..............
	00000010: 00 00 00 01 00 01 01 00 00 01 00 00 00 00 01 00 ................
	00000020: 00 00 01 00 00 01 01 00 01 01 02 02 02 02 02 02 ................
	00000030: 02 03 04 04 04 04 04 03 04 06 06 06 07 06 07 07 ................
	00000040: 07 09 08 09 0a 0a 09 09 0a 0b 0b 0b 0a 0d 0b 0b ................
	00000050: 0b 0c 0d 0d 0c 0d 0c 0d 0c 0f 0c 0e 0e 0e 0e 0d ................
	00000060: 0e 0d 0d 0d 0d 0d 0e 0c 0e 0e 0d 0c 0d 0d 0e 0e ................
	00000070: 0c 0e 0d 0d 0d 0c 0d 0c 0e 0c 0d 0e 0e 0c 0d 0f ................
	001bf5ee bytes clipped
[11:26:50.059391] [pieusb] sanei_pieusb_get_scan_data(): reading lines: remaining 6645
[11:26:50.059440] [pieusb] sanei_pieusb_get_scan_data(): reading lines: now 255, bytes per line = 7186
[11:26:50.059446] [pieusb] sanei_pieusb_cmd_get_scanned_lines(): 255 lines (1832430 bytes)
Cmd	00000000: 08 00 00 00 ff 00                               ......
In	00000000: 49 49 04 04 03 03 04 03 03 04 04 04 03 04 04 04 II..............
	00000010: 03 03 04 03 05 04 04 04 04 04 04 04 04 04 04 04 ................
	00000020: 03 03 05 05 05 06 05 06 05 05 05 06 08 08 07 09 ................
	00000030: 0a 0a 0c 0b 0b 0c 0d 0f 10 11 10 11 12 12 14 16 ................
	00000040: 16 18 18 1a 1b 1c 1c 20 20 1f 21 1f 20 22 20 26 .......  .!. " &
	00000050: 22 23 22 23 23 22 25 23 22 26 25 23 25 24 24 25 "#"##"%#"&%#%$$%
	00000060: 24 24 25 25 22 23 25 2b 29 25 25 27 26 26 28 27 $$%%"#%+)%%'&&('
	00000070: 29 27 29 2a 28 26 2a 27 28 2a 29 29 2a 29 28 27 )')*(&*'(*))*)('
	001bf5ee bytes clipped
[11:26:51.117646] [pieusb] sanei_pieusb_get_scan_data(): reading lines: remaining 6390
[11:26:51.117693] [pieusb] sanei_pieusb_get_scan_data(): reading lines: now 255, bytes per line = 7186
[11:26:51.117700] [pieusb] sanei_pieusb_cmd_get_scanned_lines(): 255 lines (1832430 bytes)
Cmd	00000000: 08 00 00 00 ff 00                               ......
In	00000000: 42 42 00 00 00 00 00 00 00 00 00 01 00 00 00 00 BB..............
	00000010: 00 00 00 00 00 00 00 00 00 00 00 00 00 00 00 00 ................
	00000020: 00 00 00 00 00 00 00 00 00 00 00 00 00 00 00 01 ................
	00000030: 00 00 00 00 01 00 00 01 02 00 01 01 02 01 01 01 ................
	00000040: 01 01 01 01 01 01 02 02 02 01 02 02 02 02 02 02 ................
	00000050: 02 03 02 02 02 02 02 02 02 03 02 02 02 02 03 02 ................
	00000060: 03 02 02 02 03 03 02 03 02 03 03 03 02 03 03 03 ................
	00000070: 02 02 03 03 02 03 03 03 02 02 03 03 03 02 03 03 ................
	001bf5ee bytes clipped
[11:26:52.171705] [pieusb] sanei_pieusb_get_scan_data(): reading lines: remaining 6135
[11:26:52.171751] [pieusb] sanei_pieusb_get_scan_data(): reading lines: now 255, bytes per line = 7186
[11:26:52.171758] [pieusb] sanei_pieusb_cmd_get_scanned_lines(): 255 lines (1832430 bytes)
Cmd	00000000: 08 00 00 00 ff 00                               ......
In	00000000: 47 47 00 00 00 00 00 00 00 00 00 00 00 00 00 00 GG..............
	00000010: 00 00 00 00 00 00 00 00 00 00 00 00 00 00 00 00 ................
	00000020: 00 00 01 00 00 01 00 01 00 00 00 01 01 01 01 01 ................
	00000030: 01 01 01 01 01 01 01 02 02 02 02 03 02 03 03 03 ................
	00000040: 03 03 04 03 03 04 04 04 04 05 05 06 05 05 05 05 ................
	00000050: 05 05 05 05 06 06 06 05 06 05 06 06 05 06 05 06 ................
	00000060: 06 06 06 06 06 06 06 06 07 07 06 06 06 06 07 06 ................
	00000070: 06 06 06 06 06 06 06 06 06 06 06 06 06 05 06 06 ................
	001bf5ee bytes clipped
[11:26:53.227239] [pieusb] sanei_pieusb_get_scan_data(): reading lines: remaining 5880
[11:26:53.227300] [pieusb] sanei_pieusb_get_scan_data(): reading lines: now 255, bytes per line = 7186
[11:26:53.227309] [pieusb] sanei_pieusb_cmd_get_scanned_lines(): 255 lines (1832430 bytes)
Cmd	00000000: 08 00 00 00 ff 00                               ......
In	00000000: 52 52 00 00 00 00 01 01 00 00 01 01 00 01 01 00 RR..............
	00000010: 00 00 00 01 00 00 00 00 00 00 00 00 01 01 01 00 ................
	00000020: 01 01 01 01 00 00 00 00 01 01 01 01 01 01 02 02 ................
	00000030: 02 02 03 03 04 04 04 05 03 05 05 06 06 06 06 07 ................
	00000040: 07 09 08 08 09 09 09 0a 0a 0a 0b 0b 0b 0c 0c 0c ................
	00000050: 0b 0c 0c 0d 0d 0d 0b 0d 0c 0e 0e 0e 0d 0e 0e 0e ................
	00000060: 0e 0e 0d 0d 0b 0e 0e 0d 0d 0c 0c 0d 0d 0e 0c 0e ................
	00000070: 0f 0e 0e 0e 0e 0e 0e 0f 0e 0e 0f 0e 0d 0d 0f 10 ................
	001bf5ee bytes clipped
[11:26:54.279258] [pieusb] sanei_pieusb_get_scan_data(): reading lines: remaining 5625
[11:26:54.279306] [pieusb] sanei_pieusb_get_scan_data(): reading lines: now 255, bytes per line = 7186
[11:26:54.279315] [pieusb] sanei_pieusb_cmd_get_scanned_lines(): 255 lines (1832430 bytes)
Cmd	00000000: 08 00 00 00 ff 00                               ......
In	00000000: 49 49 03 04 03 03 05 03 04 04 02 04 04 03 04 03 II..............
	00000010: 04 03 05 05 04 04 04 04 03 03 03 03 04 04 03 04 ................
	00000020: 03 04 04 04 04 06 04 04 06 06 05 06 07 06 07 07 ................
	00000030: 07 08 08 0a 0b 0a 0e 0d 0e 0f 11 10 11 11 13 14 ................
	00000040: 14 14 14 18 17 1b 18 1a 1d 1d 1e 20 1c 21 21 20 ........... .!! 
	00000050: 23 21 22 24 24 23 22 24 23 24 24 23 24 24 26 29 #!"$$#"$#$$#$$&)
	00000060: 23 25 27 26 25 25 27 27 27 22 26 25 28 26 24 29 #%'&%%'''"&%(&$)
	00000070: 27 27 2a 2b 28 27 27 2b 29 27 27 26 28 29 2c 28 ''*+(''+)''&(),(
	001bf5ee bytes clipped
[11:26:55.329953] [pieusb] sanei_pieusb_get_scan_data(): reading lines: remaining 5370
[11:26:55.330012] [pieusb] sanei_pieusb_get_scan_data(): reading lines: now 255, bytes per line = 7186
[11:26:55.330022] [pieusb] sanei_pieusb_cmd_get_scanned_lines(): 255 lines (1832430 bytes)
Cmd	00000000: 08 00 00 00 ff 00                               ......
In	00000000: 42 42 00 00 00 00 00 00 00 00 00 00 00 00 00 00 BB..............
	00000010: 00 00 00 00 00 00 00 00 00 00 00 00 01 00 00 00 ................
	00000020: 00 00 00 00 00 00 00 00 00 00 00 00 00 00 00 00 ................
	00000030: 00 00 01 00 01 01 01 00 01 00 01 01 01 00 01 00 ................
	00000040: 01 02 01 01 01 02 02 02 01 02 02 02 02 02 02 02 ................
	00000050: 02 02 03 02 02 03 02 03 02 02 02 02 02 03 03 02 ................
	00000060: 02 02 03 03 03 02 02 03 02 03 02 03 02 03 02 03 ................
	00000070: 03 03 03 03 03 03 03 03 03 03 03 03 02 04 03 03 ................
	001bf5ee bytes clipped
[11:26:56.385733] [pieusb] sanei_pieusb_get_scan_data(): reading lines: remaining 5115
[11:26:56.385800] [pieusb] sanei_pieusb_get_scan_data(): reading lines: now 255, bytes per line = 7186
[11:26:56.385813] [pieusb] sanei_pieusb_cmd_get_scanned_lines(): 255 lines (1832430 bytes)
Cmd	00000000: 08 00 00 00 ff 00                               ......
In	00000000: 47 47 00 00 00 00 00 00 00 00 01 00 00 00 00 00 GG..............
	00000010: 01 00 00 00 00 00 00 01 01 00 00 00 00 00 00 00 ................
	00000020: 00 00 00 00 00 00 01 00 01 00 01 01 00 00 01 00 ................
	00000030: 00 01 01 01 02 01 02 02 02 02 01 02 02 03 02 02 ................
	00000040: 02 03 03 03 04 04 04 04 05 04 04 04 04 05 05 05 ................
	00000050: 05 04 05 05 06 05 05 06 06 05 06 05 06 06 06 06 ................
	00000060: 07 06 05 05 05 05 07 06 07 06 06 06 06 06 05 06 ................
	00000070: 06 05 06 06 06 06 05 06 06 06 06 06 06 06 07 06 ................
	001bf5ee bytes clipped
[11:26:57.443800] [pieusb] sanei_pieusb_get_scan_data(): reading lines: remaining 4860
[11:26:57.443853] [pieusb] sanei_pieusb_get_scan_data(): reading lines: now 255, bytes per line = 7186
[11:26:57.443863] [pieusb] sanei_pieusb_cmd_get_scanned_lines(): 255 lines (1832430 bytes)
Cmd	00000000: 08 00 00 00 ff 00                               ......
In	00000000: 52 52 01 01 00 01 01 00 01 00 00 01 00 01 00 01 RR..............
	00000010: 00 00 00 01 01 01 01 00 00 00 01 01 00 01 00 00 ................
	00000020: 00 01 01 00 01 00 00 01 01 01 01 01 01 01 02 02 ................
	00000030: 02 01 02 02 02 03 03 03 04 03 04 04 04 05 06 06 ................
	00000040: 06 06 06 07 08 08 08 09 0a 0a 09 0a 0a 0b 0a 0b ................
	00000050: 0c 0e 0c 0c 0c 0c 0e 0d 0d 0d 0c 0c 0d 0e 0c 0e ................
	00000060: 0e 0d 0c 0d 0d 0e 0e 0e 0d 0d 0d 0d 0d 0d 0c 0e ................
	00000070: 0e 0d 0e 0d 0e 0e 0f 0d 0d 0f 0e 0e 0e 0e 10 0f ................
	001bf5ee bytes clipped
[11:26:58.495139] [pieusb] sanei_pieusb_get_scan_data(): reading lines: remaining 4605
[11:26:58.495200] [pieusb] sanei_pieusb_get_scan_data(): reading lines: now 255, bytes per line = 7186
[11:26:58.495208] [pieusb] sanei_pieusb_cmd_get_scanned_lines(): 255 lines (1832430 bytes)
Cmd	00000000: 08 00 00 00 ff 00                               ......
In	00000000: 49 49 04 03 05 03 03 03 04 04 04 04 04 05 04 04 II..............
	00000010: 05 05 04 02 02 04 03 04 01 04 03 07 04 04 04 03 ................
	00000020: 03 05 04 04 04 05 04 05 04 05 03 05 06 05 05 06 ................
	00000030: 06 08 08 08 0a 09 0a 0d 0c 0b 0c 0e 0e 10 10 0f ................
	00000040: 13 13 14 14 15 17 17 18 19 19 1b 1e 1d 1c 1f 20 ............... 
	00000050: 21 20 22 21 1f 22 23 22 21 22 22 21 25 25 22 26 ! "!."#"!""!%%"&
	00000060: 26 24 25 21 22 22 23 28 22 24 25 27 27 25 25 25 &$%!""#("$%''%%%
	00000070: 28 24 27 24 28 26 2a 26 29 25 29 28 28 28 29 28 ($'$(&*&)%)((()(
	001bf5ee bytes clipped
[11:26:59.545313] [pieusb] sanei_pieusb_get_scan_data(): reading lines: remaining 4350
[11:26:59.545361] [pieusb] sanei_pieusb_get_scan_data(): reading lines: now 255, bytes per line = 7186
[11:26:59.545370] [pieusb] sanei_pieusb_cmd_get_scanned_lines(): 255 lines (1832430 bytes)
Cmd	00000000: 08 00 00 00 ff 00                               ......
In	00000000: 42 42 00 00 00 00 00 00 00 00 00 00 00 01 00 00 BB..............
	00000010: 00 01 00 00 00 00 00 00 00 00 00 00 00 00 00 00 ................
	00000020: 00 00 00 00 00 00 00 00 00 00 00 00 00 00 00 01 ................
	00000030: 00 00 01 00 00 01 01 01 00 01 01 01 00 01 01 02 ................
	00000040: 01 01 02 01 02 01 01 01 02 02 02 01 01 02 02 02 ................
	00000050: 02 02 02 02 02 02 03 02 02 02 02 02 02 03 02 03 ................
	00000060: 02 03 03 03 02 03 04 02 03 02 03 02 03 03 02 02 ................
	00000070: 02 02 02 02 03 03 03 03 03 03 02 02 04 03 03 03 ................
	001bf5ee bytes clipped
[11:27:00.605810] [pieusb] sanei_pieusb_get_scan_data(): reading lines: remaining 4095
[11:27:00.605867] [pieusb] sanei_pieusb_get_scan_data(): reading lines: now 255, bytes per line = 7186
[11:27:00.605877] [pieusb] sanei_pieusb_cmd_get_scanned_lines(): 255 lines (1832430 bytes)
Cmd	00000000: 08 00 00 00 ff 00                               ......
In	00000000: 47 47 00 01 00 00 00 00 00 00 00 00 00 00 00 01 GG..............
	00000010: 00 00 01 00 00 00 01 00 00 00 01 01 00 00 01 00 ................
	00000020: 00 00 00 00 00 00 00 00 01 01 01 00 01 01 00 00 ................
	00000030: 00 00 01 01 01 01 01 01 01 01 02 02 01 02 02 03 ................
	00000040: 03 02 03 03 03 03 04 03 04 04 03 04 05 04 05 04 ................
	00000050: 04 05 05 05 06 05 06 05 05 06 05 05 06 06 06 06 ................
	00000060: 06 06 06 07 06 06 06 07 07 06 06 06 06 06 06 06 ................
	00000070: 06 05 06 06 06 05 06 05 06 05 05 05 06 05 05 05 ................
	001bf5ee bytes clipped
[11:27:01.659164] [pieusb] sanei_pieusb_get_scan_data(): reading lines: remaining 3840
[11:27:01.659215] [pieusb] sanei_pieusb_get_scan_data(): reading lines: now 255, bytes per line = 7186
[11:27:01.659224] [pieusb] sanei_pieusb_cmd_get_scanned_lines(): 255 lines (1832430 bytes)
Cmd	00000000: 08 00 00 00 ff 00                               ......
In	00000000: 52 52 01 00 01 00 01 00 01 00 00 00 01 00 01 00 RR..............
	00000010: 00 00 01 01 01 01 01 00 00 00 00 00 01 00 01 00 ................
	00000020: 00 00 01 00 01 01 00 00 00 00 01 01 00 00 01 01 ................
	00000030: 00 01 01 02 01 02 02 02 02 03 03 04 03 06 04 05 ................
	00000040: 05 05 05 06 07 06 08 09 08 09 08 09 09 09 0a 0a ................
	00000050: 09 0a 0b 0c 0b 0b 0b 0c 0c 0e 0c 0b 0d 0d 0c 0b ................
	00000060: 0d 0e 0d 0d 0d 0e 0d 0e 0d 0c 0d 0c 0d 0d 0c 0c ................
	00000070: 0c 0d 0b 0b 0c 0b 0b 0d 0b 0a 0b 0a 09 0b 0b 0b ................
	001bf5ee bytes clipped
[11:27:02.709252] [pieusb] sanei_pieusb_get_scan_data(): reading lines: remaining 3585
[11:27:02.709308] [pieusb] sanei_pieusb_get_scan_data(): reading lines: now 255, bytes per line = 7186
[11:27:02.709318] [pieusb] sanei_pieusb_cmd_get_scanned_lines(): 255 lines (1832430 bytes)
Cmd	00000000: 08 00 00 00 ff 00                               ......
In	00000000: 49 49 03 04 04 03 03 04 04 04 04 04 04 03 05 02 II..............
	00000010: 03 03 05 03 04 04 04 04 04 03 04 04 03 02 04 04 ................
	00000020: 04 05 04 05 04 04 04 02 06 05 04 04 05 06 05 05 ................
	00000030: 05 05 06 08 08 08 07 09 0b 0a 0a 0d 0c 0e 10 10 ................
	00000040: 11 13 12 13 14 12 14 15 18 19 18 1a 1c 1b 1c 1d ................
	00000050: 20 1f 1f 25 21 23 21 23 23 22 21 23 24 23 24 25  ..%!#!##"!#$#$%
	00000060: 27 27 24 23 23 25 23 26 28 28 26 26 28 27 26 26 ''$##%#&((&&('&&
	00000070: 26 24 29 29 28 23 29 29 28 29 29 26 29 2c 27 2b &$))(#))())&),'+
	001bf5ee bytes clipped
[11:27:03.762222] [pieusb] sanei_pieusb_get_scan_data(): reading lines: remaining 3330
[11:27:03.762280] [pieusb] sanei_pieusb_get_scan_data(): reading lines: now 255, bytes per line = 7186
[11:27:03.762288] [pieusb] sanei_pieusb_cmd_get_scanned_lines(): 255 lines (1832430 bytes)
Cmd	00000000: 08 00 00 00 ff 00                               ......
In	00000000: 42 42 00 00 00 00 00 00 01 00 00 00 00 00 00 00 BB..............
	00000010: 00 00 00 00 00 00 00 00 00 00 00 00 00 00 00 00 ................
	00000020: 00 00 00 00 00 01 00 00 00 00 00 00 00 00 00 00 ................
	00000030: 00 00 00 01 00 00 00 00 00 00 00 00 01 01 01 01 ................
	00000040: 01 01 00 01 01 01 01 02 02 02 02 02 02 02 02 01 ................
	00000050: 02 02 02 02 02 02 02 02 03 01 02 03 02 02 02 02 ................
	00000060: 02 02 02 03 02 02 03 03 03 02 03 02 02 02 02 03 ................
	00000070: 02 02 03 03 03 02 03 03 03 03 03 03 02 03 03 03 ................
	001bf5ee bytes clipped
[11:27:04.818861] [pieusb] sanei_pieusb_get_scan_data(): reading lines: remaining 3075
[11:27:04.818915] [pieusb] sanei_pieusb_get_scan_data(): reading lines: now 255, bytes per line = 7186
[11:27:04.818924] [pieusb] sanei_pieusb_cmd_get_scanned_lines(): 255 lines (1832430 bytes)
Cmd	00000000: 08 00 00 00 ff 00                               ......
In	00000000: 47 47 00 00 00 00 00 00 01 00 01 00 00 00 00 00 GG..............
	00000010: 00 00 00 00 00 00 00 00 00 00 00 00 00 01 00 01 ................
	00000020: 00 00 00 00 00 00 01 00 01 00 00 00 00 00 01 00 ................
	00000030: 00 01 01 00 01 01 01 01 01 02 01 02 02 02 02 02 ................
	00000040: 02 02 03 02 03 02 03 02 03 05 04 05 04 03 04 04 ................
	00000050: 04 05 06 05 05 04 05 05 05 05 06 05 06 06 06 05 ................
	00000060: 06 05 06 06 05 06 05 07 07 05 06 06 06 06 05 05 ................
	00000070: 06 05 06 06 06 07 06 06 06 07 07 06 06 06 06 06 ................
	001bf5ee bytes clipped
[11:27:05.875551] [pieusb] sanei_pieusb_get_scan_data(): reading lines: remaining 2820
[11:27:05.875604] [pieusb] sanei_pieusb_get_scan_data(): reading lines: now 255, bytes per line = 7186
[11:27:05.875613] [pieusb] sanei_pieusb_cmd_get_scanned_lines(): 255 lines (1832430 bytes)
Cmd	00000000: 08 00 00 00 ff 00                               ......
In	00000000: 52 52 00 00 00 01 01 00 01 01 00 00 01 00 01 00 RR..............
	00000010: 00 00 00 00 01 00 01 01 00 00 01 00 01 00 00 00 ................
	00000020: 00 01 00 01 01 01 01 00 01 01 00 01 01 01 00 01 ................
	00000030: 00 01 00 02 02 01 01 01 02 02 03 02 03 04 03 05 ................
	00000040: 05 06 04 06 07 07 08 07 08 08 08 09 09 09 09 0a ................
	00000050: 0c 0a 0c 0a 0c 0b 0b 0c 0d 0c 0d 0c 0d 0d 0c 0c ................
	00000060: 0e 0d 0d 0d 0e 0d 0d 0d 0e 0e 0d 0d 0d 0c 0e 0e ................
	00000070: 0e 0d 0d 0d 0d 0e 0e 0e 0f 0f 0e 0e 10 0d 0e 0e ................
	001bf5ee bytes clipped
[11:27:06.926571] [pieusb] sanei_pieusb_get_scan_data(): reading lines: remaining 2565
[11:27:06.926620] [pieusb] sanei_pieusb_get_scan_data(): reading lines: now 255, bytes per line = 7186
[11:27:06.926627] [pieusb] sanei_pieusb_cmd_get_scanned_lines(): 255 lines (1832430 bytes)
Cmd	00000000: 08 00 00 00 ff 00                               ......
In	00000000: 49 49 04 02 04 03 04 03 04 02 02 04 03 03 02 03 II..............
	00000010: 05 04 04 03 05 03 02 03 06 03 04 02 03 03 04 03 ................
	00000020: 03 03 04 04 05 07 04 05 02 05 04 05 05 05 05 03 ................
	00000030: 05 05 05 07 07 08 08 09 09 09 09 0a 0d 0d 0e 10 ................
	00000040: 0e 10 10 11 12 16 13 16 16 17 17 16 18 1b 18 1d ................
	00000050: 1e 1d 1d 1f 1f 20 23 1d 21 1f 20 20 23 23 21 23 ..... #.!.  ##!#
	00000060: 23 22 23 23 25 26 24 26 26 26 28 25 25 25 25 24 #"##%&$&&&(%%%%$
	00000070: 25 25 24 25 25 26 24 26 28 27 28 26 2b 26 27 27 %%$%%&$&('(&+&''
	001bf5ee bytes clipped
[11:27:07.978993] [pieusb] sanei_pieusb_get_scan_data(): reading lines: remaining 2310
[11:27:07.979062] [pieusb] sanei_pieusb_get_scan_data(): reading lines: now 255, bytes per line = 7186
[11:27:07.979083] [pieusb] sanei_pieusb_cmd_get_scanned_lines(): 255 lines (1832430 bytes)
Cmd	00000000: 08 00 00 00 ff 00                               ......
In	00000000: 42 42 00 00 00 00 00 00 00 01 00 00 00 00 00 00 BB..............
	00000010: 00 00 00 01 00 00 00 00 00 00 00 00 00 00 00 00 ................
	00000020: 00 00 00 01 00 00 00 00 00 00 00 00 00 01 00 00 ................
	00000030: 01 00 00 00 00 00 00 01 01 00 00 00 00 01 01 01 ................
	00000040: 01 01 01 00 01 01 01 01 01 01 01 01 01 02 02 02 ................
	00000050: 01 02 02 02 02 01 02 02 02 02 03 03 02 02 02 03 ................
	00000060: 02 03 02 02 03 02 02 01 02 02 03 03 03 03 02 02 ................
	00000070: 03 02 03 02 03 03 03 03 03 02 02 03 02 03 03 03 ................
	001bf5ee bytes clipped
[11:27:09.034228] [pieusb] sanei_pieusb_get_scan_data(): reading lines: remaining 2055
[11:27:09.034295] [pieusb] sanei_pieusb_get_scan_data(): reading lines: now 255, bytes per line = 7186
[11:27:09.034307] [pieusb] sanei_pieusb_cmd_get_scanned_lines(): 255 lines (1832430 bytes)
Cmd	00000000: 08 00 00 00 ff 00                               ......
In	00000000: 47 47 00 00 00 01 01 00 00 00 00 01 01 00 00 00 GG..............
	00000010: 00 00 00 00 00 00 00 00 00 00 00 00 00 01 00 00 ................
	00000020: 00 00 00 00 00 00 00 00 00 00 00 00 00 01 00 00 ................
	00000030: 01 00 00 00 00 01 01 01 00 01 01 01 01 02 01 02 ................
	00000040: 01 02 02 02 02 03 03 03 04 03 03 03 03 04 03 04 ................
	00000050: 04 04 05 05 05 05 04 05 05 05 05 06 05 05 06 05 ................
	00000060: 05 06 06 05 05 05 06 05 06 06 06 06 07 06 06 06 ................
	00000070: 06 06 06 07 07 06 06 06 06 06 06 06 06 06 06 05 ................
	001bf5ee bytes clipped
[11:27:10.089895] [pieusb] sanei_pieusb_get_scan_data(): reading lines: remaining 1800
[11:27:10.089947] [pieusb] sanei_pieusb_get_scan_data(): reading lines: now 255, bytes per line = 7186
[11:27:10.089955] [pieusb] sanei_pieusb_cmd_get_scanned_lines(): 255 lines (1832430 bytes)
Cmd	00000000: 08 00 00 00 ff 00                               ......
In	00000000: 52 52 00 00 00 01 00 00 00 00 00 01 00 01 00 00 RR..............
	00000010: 01 00 00 00 00 01 00 00 00 00 00 00 00 01 00 00 ................
	00000020: 00 00 01 00 00 00 00 00 00 00 00 01 00 01 00 00 ................
	00000030: 00 01 01 01 01 01 02 01 02 01 02 04 03 03 04 05 ................
	00000040: 04 05 06 05 06 05 05 06 07 07 06 08 08 08 08 08 ................
	00000050: 0a 0a 0a 0b 0a 0b 0b 0a 0a 0b 0c 0b 0c 0d 0d 0d ................
	00000060: 0b 0c 0c 0c 0c 0d 0c 0d 0c 0e 0e 0c 0d 0d 0f 0f ................
	00000070: 0e 0d 0d 0d 0e 0d 0e 0e 0e 0e 0e 0d 0d 0e 0e 0e ................
	001bf5ee bytes clipped
[11:27:11.141220] [pieusb] sanei_pieusb_get_scan_data(): reading lines: remaining 1545
[11:27:11.141270] [pieusb] sanei_pieusb_get_scan_data(): reading lines: now 255, bytes per line = 7186
[11:27:11.141279] [pieusb] sanei_pieusb_cmd_get_scanned_lines(): 255 lines (1832430 bytes)
Cmd	00000000: 08 00 00 00 ff 00                               ......
In	00000000: 49 49 04 03 03 04 03 02 04 04 03 02 05 04 03 03 II..............
	00000010: 04 02 03 03 03 03 02 05 04 02 04 03 04 05 03 03 ................
	00000020: 03 04 04 05 04 05 04 04 05 04 05 03 04 05 05 05 ................
	00000030: 06 04 05 04 05 06 09 08 08 08 0c 0a 0b 0b 0c 0c ................
	00000040: 0e 10 0e 12 10 12 13 16 15 13 15 16 18 18 17 16 ................
	00000050: 1b 1c 1b 1c 1f 1e 1e 1f 1e 23 22 22 23 21 22 23 .........#""#!"#
	00000060: 22 24 22 22 22 25 25 24 26 23 26 25 24 27 25 24 "$"""%%$&#&%$'%$
	00000070: 25 25 26 27 27 24 26 28 24 28 28 28 29 2d 2c 27 %%&''$&($((()-,'
	001bf5ee bytes clipped
[11:27:12.191512] [pieusb] sanei_pieusb_get_scan_data(): reading lines: remaining 1290
[11:27:12.191563] [pieusb] sanei_pieusb_get_scan_data(): reading lines: now 255, bytes per line = 7186
[11:27:12.191572] [pieusb] sanei_pieusb_cmd_get_scanned_lines(): 255 lines (1832430 bytes)
Cmd	00000000: 08 00 00 00 ff 00                               ......
In	00000000: 42 42 00 00 00 00 00 00 00 00 00 00 00 00 00 01 BB..............
	00000010: 00 00 00 00 00 00 00 00 00 00 00 00 00 01 00 00 ................
	00000020: 00 00 00 00 00 00 00 00 00 00 00 00 00 00 00 00 ................
	00000030: 00 00 01 00 00 00 00 00 00 00 00 00 00 01 00 00 ................
	00000040: 01 01 01 00 01 01 01 01 01 00 01 01 01 02 02 02 ................
	00000050: 02 02 02 02 02 02 02 02 02 01 02 02 02 02 02 03 ................
	00000060: 02 03 02 03 01 03 02 03 02 02 03 02 02 02 03 03 ................
	00000070: 03 03 02 03 04 02 02 03 02 03 03 03 03 04 03 03 ................
	001bf5ee bytes clipped
[11:27:13.293617] [pieusb] sanei_pieusb_get_scan_data(): reading lines: remaining 1035
[11:27:13.293667] [pieusb] sanei_pieusb_get_scan_data(): reading lines: now 255, bytes per line = 7186
[11:27:13.293677] [pieusb] sanei_pieusb_cmd_get_scanned_lines(): 255 lines (1832430 bytes)
Cmd	00000000: 08 00 00 00 ff 00                               ......
In	00000000: 47 47 00 00 00 00 00 00 00 00 00 00 01 00 00 00 GG..............
	00000010: 00 00 00 00 00 00 00 01 00 00 00 00 00 00 00 00 ................
	00000020: 00 00 00 01 00 00 00 00 00 00 00 00 00 00 00 00 ................
	00000030: 00 00 00 00 00 00 00 00 00 01 01 01 01 01 01 01 ................
	00000040: 01 01 02 01 02 02 02 03 03 02 03 03 03 03 03 03 ................
	00000050: 04 04 04 05 04 05 04 06 05 05 05 05 05 05 05 05 ................
	00000060: 05 05 05 05 06 05 05 06 06 06 06 06 06 05 06 06 ................
	00000070: 05 05 06 06 06 06 05 05 05 06 06 06 06 06 06 07 ................
	001bf5ee bytes clipped
[11:27:14.303415] [pieusb] sanei_pieusb_get_scan_data(): reading lines: remaining 780
[11:27:14.303462] [pieusb] sanei_pieusb_get_scan_data(): reading lines: now 255, bytes per line = 7186
[11:27:14.303471] [pieusb] sanei_pieusb_cmd_get_scanned_lines(): 255 lines (1832430 bytes)
Cmd	00000000: 08 00 00 00 ff 00                               ......
In	00000000: 52 52 01 00 01 00 01 00 00 00 00 00 01 00 00 00 RR..............
	00000010: 00 00 00 00 00 01 01 01 00 01 00 01 01 00 00 00 ................
	00000020: 01 01 00 00 00 01 00 00 00 00 00 01 00 00 00 00 ................
	00000030: 01 01 01 01 01 01 00 01 02 02 02 02 02 03 03 02 ................
	00000040: 03 04 04 05 04 04 05 06 06 06 07 07 08 08 08 09 ................
	00000050: 09 09 08 09 0a 0b 0c 0c 0b 0c 0b 0b 0b 0c 0c 0d ................
	00000060: 0d 0c 0d 0c 0d 0d 0c 0d 0c 0c 0c 0e 0d 0c 0d 0d ................
	00000070: 0d 0d 0e 0e 0e 0e 0d 0c 0f 0d 0d 0d 0e 0f 0f 0f ................
	001bf5ee bytes clipped
[11:27:15.355601] [pieusb] sanei_pieusb_get_scan_data(): reading lines: remaining 525
[11:27:15.355657] [pieusb] sanei_pieusb_get_scan_data(): reading lines: now 255, bytes per line = 7186
[11:27:15.355665] [pieusb] sanei_pieusb_cmd_get_scanned_lines(): 255 lines (1832430 bytes)
Cmd	00000000: 08 00 00 00 ff 00                               ......
In	00000000: 49 49 04 03 02 03 02 01 02 04 04 04 04 02 04 04 II..............
	00000010: 04 02 02 04 04 05 03 04 03 04 04 04 05 03 02 05 ................
	00000020: 05 04 05 03 02 05 04 04 04 06 02 04 04 04 04 04 ................
	00000030: 05 04 04 03 05 06 04 05 08 07 07 0a 0a 09 09 0b ................
	00000040: 0c 0d 0f 0e 0f 0f 11 11 12 14 13 15 16 16 18 18 ................
	00000050: 18 19 19 19 1e 1e 1f 1c 20 1e 20 21 1f 1e 20 20 ........ . !..  
	00000060: 20 20 21 20 21 20 22 21 22 26 23 21 22 22 25 24   ! ! "!"&#!""%$
	00000070: 29 26 23 25 27 25 26 24 24 24 25 25 28 26 26 29 )&#%'%&$$$%%(&&)
	001bf5ee bytes clipped
[11:27:16.408717] [pieusb] sanei_pieusb_get_scan_data(): reading lines: remaining 270
[11:27:16.408764] [pieusb] sanei_pieusb_get_scan_data(): reading lines: now 255, bytes per line = 7186
[11:27:16.408777] [pieusb] sanei_pieusb_cmd_get_scanned_lines(): 255 lines (1832430 bytes)
Cmd	00000000: 08 00 00 00 ff 00                               ......
In	00000000: 42 42 00 00 00 00 00 00 00 00 00 00 00 00 00 00 BB..............
	00000010: 00 00 00 00 00 00 00 00 00 00 00 00 00 00 00 00 ................
	00000020: 00 00 00 00 00 00 00 00 00 00 00 00 00 00 00 00 ................
	00000030: 00 00 00 00 00 00 00 00 00 00 00 00 00 00 00 00 ................
	00000040: 00 00 00 01 01 01 00 01 01 01 01 01 01 01 01 02 ................
	00000050: 01 01 01 02 01 02 02 02 02 03 02 02 02 02 02 02 ................
	00000060: 03 02 02 02 02 02 02 03 02 02 02 02 03 02 02 03 ................
	00000070: 02 03 03 02 03 02 03 02 03 03 03 02 02 03 03 03 ................
	001bf5ee bytes clipped
[11:27:17.483238] [pieusb] sanei_pieusb_get_scan_data(): reading lines: remaining 15
[11:27:17.483280] [pieusb] sanei_pieusb_get_scan_data(): reading lines: now 15, bytes per line = 7186
[11:27:17.483287] [pieusb] sanei_pieusb_cmd_get_scanned_lines(): 15 lines (107790 bytes)
Cmd	00000000: 08 00 00 00 0f 00                               ......
In	00000000: 49 49 03 03 04 04 05 04 03 03 04 05 03 06 04 05 II..............
	00000010: 02 03 04 05 05 04 03 03 04 03 02 03 03 03 04 04 ................
	00000020: 03 03 04 04 03 04 03 03 03 04 02 04 03 04 03 05 ................
	00000030: 05 04 03 05 05 04 06 07 07 06 08 0a 08 09 0a 0b ................
	00000040: 0d 0c 0b 0c 0d 0c 0f 11 0e 11 12 14 14 14 16 13 ................
	00000050: 16 1b 18 1a 1a 1b 1b 1d 1b 1e 1f 23 1d 20 1e 20 ...........#. . 
	00000060: 1f 20 21 1f 20 24 1f 23 1e 22 23 22 24 24 23 25 . !. $.#."#"$$#%
	00000070: 25 24 25 26 25 25 24 27 24 26 25 28 26 25 27 28 %$%&%%$'$&%(&%'(
	0001a50e bytes clipped
[11:27:17.638157] [pieusb] sanei_pieusb_get_scan_data(): reading lines: remaining 0
[11:27:19.638447] [pieusb] sanei_pieusb_wait_ready()
[11:27:19.638532] [pieusb] sanei_pieusb_cmd_test_unit_ready()
Cmd	00000000: 00 00 00 00 00 00                               ......
Cmd	00000000: 00 00 00 00 00 00                               ......
Cmd	00000000: 00 00 00 00 00 00                               ......
Cmd	00000000: 00 00 00 00 00 00                               ......
Cmd	00000000: 00 00 00 00 00 00                               ......
Cmd	00000000: 00 00 00 00 00 00                               ......
Cmd	00000000: 00 00 00 00 00 00                               ......
[11:27:25.741406] [pieusb] sanei_pieusb_cmd_test_unit_ready() return status = Success
[11:27:25.741474] [pieusb] -> sanei_pieusb_cmd_test_unit_ready: 0
[11:27:25.741487] [pieusb] sanei_pieusb_correct_shading()
[11:27:25.741582] [pieusb] sanei_pieusb_correct_shading() correct color 0
[11:27:25.913425] [pieusb] sanei_pieusb_correct_shading() correct color 1
[11:27:26.069114] [pieusb] sanei_pieusb_correct_shading() correct color 2
[11:27:26.239913] [pieusb] sanei_pieusb_correct_shading() correct color 3
[11:27:26.406232] [pieusb] pie_usb_post: 7184 ppl, 4785 lines, 8 bits, 4 planes, 5000 dpi
[11:27:26.406271] [pieusb] pie_usb_sw_post: winsize_smooth 9
[11:27:26.508324] [pieusb] sane_start(): modifying buffer to ignore I
[11:27:26.508344] [pieusb] sane_get_parameters
[11:27:26.508347] [pieusb] sane_get_parameters from scanner values
[11:27:26.508351] [pieusb] sane_get_parameters(): SANE parameters
[11:27:26.508354] [pieusb]  format = 1
[11:27:26.508357] [pieusb]  last_frame = 1
[11:27:26.508360] [pieusb]  bytes_per_line = 21552
[11:27:26.508363] [pieusb]  pixels_per_line = 7184
[11:27:26.508366] [pieusb]  lines = 4785
[11:27:26.508369] [pieusb]  depth = 8
[11:27:26.508383] [pieusb] sane_read(): requested 32768 bytes
[11:27:26.508386] [pieusb] sane_read(): buffer suffices (contains 103126320, requested 32768)
[11:27:26.508549] [pieusb] sane_read(): requested 32768 bytes
[11:27:26.508554] [pieusb] sane_read(): buffer suffices (contains 103093552, requested 32768)
[11:27:26.508647] [pieusb] sane_read(): requested 32768 bytes
[11:27:26.508651] [pieusb] sane_read(): buffer suffices (contains 103060784, requested 32768)
[11:27:26.508743] [pieusb] sane_read(): requested 32768 bytes
[11:27:26.508747] [pieusb] sane_read(): buffer suffices (contains 103028016, requested 32768)
[11:27:26.508836] [pieusb] sane_read(): requested 32768 bytes
[11:27:26.508841] [pieusb] sane_read(): buffer suffices (contains 102995248, requested 32768)
[11:27:26.508929] [pieusb] sane_read(): requested 32768 bytes
[11:27:26.508933] [pieusb] sane_read(): buffer suffices (contains 102962480, requested 32768)
[11:27:26.509027] [pieusb] sane_read(): requested 32768 bytes
[11:27:26.509031] [pieusb] sane_read(): buffer suffices (contains 102929712, requested 32768)
[11:27:26.509147] [pieusb] sane_read(): requested 32768 bytes
[11:27:26.509151] [pieusb] sane_read(): buffer suffices (contains 102896944, requested 32768)
[11:27:26.509241] [pieusb] sane_read(): requested 32768 bytes
[11:27:26.509245] [pieusb] sane_read(): buffer suffices (contains 102864176, requested 32768)
[11:27:26.509336] [pieusb] sane_read(): requested 32768 bytes
[11:27:26.509339] [pieusb] sane_read(): buffer suffices (contains 102831408, requested 32768)
[11:27:26.509429] [pieusb] sane_read(): requested 32768 bytes
[11:27:26.509433] [pieusb] sane_read(): buffer suffices (contains 102798640, requested 32768)
[11:27:26.509522] [pieusb] sane_read(): requested 32768 bytes
[11:27:26.509526] [pieusb] sane_read(): buffer suffices (contains 102765872, requested 32768)
[11:27:26.509618] [pieusb] sane_read(): requested 32768 bytes
[11:27:26.509622] [pieusb] sane_read(): buffer suffices (contains 102733104, requested 32768)
[11:27:26.509712] [pieusb] sane_read(): requested 32768 bytes
[11:27:26.509717] [pieusb] sane_read(): buffer suffices (contains 102700336, requested 32768)
[11:27:26.509808] [pieusb] sane_read(): requested 32768 bytes
[11:27:26.509812] [pieusb] sane_read(): buffer suffices (contains 102667568, requested 32768)
[11:27:26.509907] [pieusb] sane_read(): requested 32768 bytes
[11:27:26.509911] [pieusb] sane_read(): buffer suffices (contains 102634800, requested 32768)
[11:27:26.510007] [pieusb] sane_read(): requested 32768 bytes
[11:27:26.510011] [pieusb] sane_read(): buffer suffices (contains 102602032, requested 32768)
[11:27:26.510104] [pieusb] sane_read(): requested 32768 bytes
[11:27:26.510109] [pieusb] sane_read(): buffer suffices (contains 102569264, requested 32768)
[11:27:26.510199] [pieusb] sane_read(): requested 32768 bytes
[11:27:26.510203] [pieusb] sane_read(): buffer suffices (contains 102536496, requested 32768)
[11:27:26.510295] [pieusb] sane_read(): requested 32768 bytes
[11:27:26.510300] [pieusb] sane_read(): buffer suffices (contains 102503728, requested 32768)
[11:27:26.510391] [pieusb] sane_read(): requested 32768 bytes
[11:27:26.510395] [pieusb] sane_read(): buffer suffices (contains 102470960, requested 32768)
[11:27:26.510486] [pieusb] sane_read(): requested 32768 bytes
[11:27:26.510490] [pieusb] sane_read(): buffer suffices (contains 102438192, requested 32768)
[11:27:26.510583] [pieusb] sane_read(): requested 32768 bytes
[11:27:26.510587] [pieusb] sane_read(): buffer suffices (contains 102405424, requested 32768)
[11:27:26.510677] [pieusb] sane_read(): requested 32768 bytes
[11:27:26.510681] [pieusb] sane_read(): buffer suffices (contains 102372656, requested 32768)
[11:27:26.510772] [pieusb] sane_read(): requested 32768 bytes
[11:27:26.510778] [pieusb] sane_read(): buffer suffices (contains 102339888, requested 32768)
[11:27:26.510871] [pieusb] sane_read(): requested 32768 bytes
[11:27:26.510877] [pieusb] sane_read(): buffer suffices (contains 102307120, requested 32768)
[11:27:26.510973] [pieusb] sane_read(): requested 32768 bytes
[11:27:26.510979] [pieusb] sane_read(): buffer suffices (contains 102274352, requested 32768)
[11:27:26.511084] [pieusb] sane_read(): requested 32768 bytes
[11:27:26.511090] [pieusb] sane_read(): buffer suffices (contains 102241584, requested 32768)
[11:27:26.511188] [pieusb] sane_read(): requested 32768 bytes
[11:27:26.511194] [pieusb] sane_read(): buffer suffices (contains 102208816, requested 32768)
[11:27:26.511291] [pieusb] sane_read(): requested 32768 bytes
[11:27:26.511297] [pieusb] sane_read(): buffer suffices (contains 102176048, requested 32768)
[11:27:26.511396] [pieusb] sane_read(): requested 32768 bytes
[11:27:26.511401] [pieusb] sane_read(): buffer suffices (contains 102143280, requested 32768)
[11:27:26.511505] [pieusb] sane_read(): requested 32768 bytes
[11:27:26.511510] [pieusb] sane_read(): buffer suffices (contains 102110512, requested 32768)
[11:27:26.511607] [pieusb] sane_read(): requested 32768 bytes
[11:27:26.511612] [pieusb] sane_read(): buffer suffices (contains 102077744, requested 32768)
[11:27:26.511707] [pieusb] sane_read(): requested 32768 bytes
[11:27:26.511711] [pieusb] sane_read(): buffer suffices (contains 102044976, requested 32768)
[11:27:26.511808] [pieusb] sane_read(): requested 32768 bytes
[11:27:26.511812] [pieusb] sane_read(): buffer suffices (contains 102012208, requested 32768)
[11:27:26.511913] [pieusb] sane_read(): requested 32768 bytes
[11:27:26.511918] [pieusb] sane_read(): buffer suffices (contains 101979440, requested 32768)
[11:27:26.512024] [pieusb] sane_read(): requested 32768 bytes
[11:27:26.512029] [pieusb] sane_read(): buffer suffices (contains 101946672, requested 32768)
[11:27:26.512130] [pieusb] sane_read(): requested 32768 bytes
[11:27:26.512135] [pieusb] sane_read(): buffer suffices (contains 101913904, requested 32768)
[11:27:26.512233] [pieusb] sane_read(): requested 32768 bytes
[11:27:26.512237] [pieusb] sane_read(): buffer suffices (contains 101881136, requested 32768)
[11:27:26.512336] [pieusb] sane_read(): requested 32768 bytes
[11:27:26.512340] [pieusb] sane_read(): buffer suffices (contains 101848368, requested 32768)
[11:27:26.512439] [pieusb] sane_read(): requested 32768 bytes
[11:27:26.512443] [pieusb] sane_read(): buffer suffices (contains 101815600, requested 32768)
[11:27:26.512543] [pieusb] sane_read(): requested 32768 bytes
[11:27:26.512547] [pieusb] sane_read(): buffer suffices (contains 101782832, requested 32768)
[11:27:26.512646] [pieusb] sane_read(): requested 32768 bytes
[11:27:26.512651] [pieusb] sane_read(): buffer suffices (contains 101750064, requested 32768)
[11:27:26.512749] [pieusb] sane_read(): requested 32768 bytes
[11:27:26.512754] [pieusb] sane_read(): buffer suffices (contains 101717296, requested 32768)
[11:27:26.512853] [pieusb] sane_read(): requested 32768 bytes
[11:27:26.512859] [pieusb] sane_read(): buffer suffices (contains 101684528, requested 32768)
[11:27:26.512991] [pieusb] sane_read(): requested 32768 bytes
[11:27:26.512998] [pieusb] sane_read(): buffer suffices (contains 101651760, requested 32768)
[11:27:26.513132] [pieusb] sane_read(): requested 32768 bytes
[11:27:26.513137] [pieusb] sane_read(): buffer suffices (contains 101618992, requested 32768)
[11:27:26.513245] [pieusb] sane_read(): requested 32768 bytes
[11:27:26.513255] [pieusb] sane_read(): buffer suffices (contains 101586224, requested 32768)
[11:27:26.513367] [pieusb] sane_read(): requested 32768 bytes
[11:27:26.513374] [pieusb] sane_read(): buffer suffices (contains 101553456, requested 32768)
[11:27:26.513529] [pieusb] sane_read(): requested 32768 bytes
[11:27:26.513537] [pieusb] sane_read(): buffer suffices (contains 101520688, requested 32768)
[11:27:26.513659] [pieusb] sane_read(): requested 32768 bytes
[11:27:26.513666] [pieusb] sane_read(): buffer suffices (contains 101487920, requested 32768)
[11:27:26.513784] [pieusb] sane_read(): requested 32768 bytes
[11:27:26.513789] [pieusb] sane_read(): buffer suffices (contains 101455152, requested 32768)
[11:27:26.513894] [pieusb] sane_read(): requested 32768 bytes
[11:27:26.513900] [pieusb] sane_read(): buffer suffices (contains 101422384, requested 32768)
[11:27:26.514023] [pieusb] sane_read(): requested 32768 bytes
[11:27:26.514051] [pieusb] sane_read(): buffer suffices (contains 101389616, requested 32768)
[11:27:26.514160] [pieusb] sane_read(): requested 32768 bytes
[11:27:26.514167] [pieusb] sane_read(): buffer suffices (contains 101356848, requested 32768)
[11:27:26.514282] [pieusb] sane_read(): requested 32768 bytes
[11:27:26.514289] [pieusb] sane_read(): buffer suffices (contains 101324080, requested 32768)
[11:27:26.514403] [pieusb] sane_read(): requested 32768 bytes
[11:27:26.514409] [pieusb] sane_read(): buffer suffices (contains 101291312, requested 32768)
[11:27:26.514523] [pieusb] sane_read(): requested 32768 bytes
[11:27:26.514529] [pieusb] sane_read(): buffer suffices (contains 101258544, requested 32768)
[11:27:26.514646] [pieusb] sane_read(): requested 32768 bytes
[11:27:26.514652] [pieusb] sane_read(): buffer suffices (contains 101225776, requested 32768)
[11:27:26.514762] [pieusb] sane_read(): requested 32768 bytes
[11:27:26.514768] [pieusb] sane_read(): buffer suffices (contains 101193008, requested 32768)
[11:27:26.514879] [pieusb] sane_read(): requested 32768 bytes
[11:27:26.514884] [pieusb] sane_read(): buffer suffices (contains 101160240, requested 32768)
[11:27:26.515002] [pieusb] sane_read(): requested 32768 bytes
[11:27:26.515008] [pieusb] sane_read(): buffer suffices (contains 101127472, requested 32768)
[11:27:26.515122] [pieusb] sane_read(): requested 32768 bytes
[11:27:26.515127] [pieusb] sane_read(): buffer suffices (contains 101094704, requested 32768)
[11:27:26.515236] [pieusb] sane_read(): requested 32768 bytes
[11:27:26.515241] [pieusb] sane_read(): buffer suffices (contains 101061936, requested 32768)
[11:27:26.515349] [pieusb] sane_read(): requested 32768 bytes
[11:27:26.515354] [pieusb] sane_read(): buffer suffices (contains 101029168, requested 32768)
[11:27:26.515461] [pieusb] sane_read(): requested 32768 bytes
[11:27:26.515467] [pieusb] sane_read(): buffer suffices (contains 100996400, requested 32768)
[11:27:26.515577] [pieusb] sane_read(): requested 32768 bytes
[11:27:26.515582] [pieusb] sane_read(): buffer suffices (contains 100963632, requested 32768)
[11:27:26.515691] [pieusb] sane_read(): requested 32768 bytes
[11:27:26.515695] [pieusb] sane_read(): buffer suffices (contains 100930864, requested 32768)
[11:27:26.515802] [pieusb] sane_read(): requested 32768 bytes
[11:27:26.515807] [pieusb] sane_read(): buffer suffices (contains 100898096, requested 32768)
[11:27:26.515914] [pieusb] sane_read(): requested 32768 bytes
[11:27:26.515919] [pieusb] sane_read(): buffer suffices (contains 100865328, requested 32768)
[11:27:26.516033] [pieusb] sane_read(): requested 32768 bytes
[11:27:26.516038] [pieusb] sane_read(): buffer suffices (contains 100832560, requested 32768)
[11:27:26.516151] [pieusb] sane_read(): requested 32768 bytes
[11:27:26.516158] [pieusb] sane_read(): buffer suffices (contains 100799792, requested 32768)
[11:27:26.516273] [pieusb] sane_read(): requested 32768 bytes
[11:27:26.516280] [pieusb] sane_read(): buffer suffices (contains 100767024, requested 32768)
[11:27:26.516396] [pieusb] sane_read(): requested 32768 bytes
[11:27:26.516404] [pieusb] sane_read(): buffer suffices (contains 100734256, requested 32768)
[11:27:26.516516] [pieusb] sane_read(): requested 32768 bytes
[11:27:26.516523] [pieusb] sane_read(): buffer suffices (contains 100701488, requested 32768)
[11:27:26.516636] [pieusb] sane_read(): requested 32768 bytes
[11:27:26.516644] [pieusb] sane_read(): buffer suffices (contains 100668720, requested 32768)
[11:27:26.516756] [pieusb] sane_read(): requested 32768 bytes
[11:27:26.516763] [pieusb] sane_read(): buffer suffices (contains 100635952, requested 32768)
[11:27:26.516874] [pieusb] sane_read(): requested 32768 bytes
[11:27:26.516881] [pieusb] sane_read(): buffer suffices (contains 100603184, requested 32768)
[11:27:26.517009] [pieusb] sane_read(): requested 32768 bytes
[11:27:26.517016] [pieusb] sane_read(): buffer suffices (contains 100570416, requested 32768)
[11:27:26.517128] [pieusb] sane_read(): requested 32768 bytes
[11:27:26.517135] [pieusb] sane_read(): buffer suffices (contains 100537648, requested 32768)
[11:27:26.517245] [pieusb] sane_read(): requested 32768 bytes
[11:27:26.517251] [pieusb] sane_read(): buffer suffices (contains 100504880, requested 32768)
[11:27:26.517362] [pieusb] sane_read(): requested 32768 bytes
[11:27:26.517367] [pieusb] sane_read(): buffer suffices (contains 100472112, requested 32768)
[11:27:26.517477] [pieusb] sane_read(): requested 32768 bytes
[11:27:26.517485] [pieusb] sane_read(): buffer suffices (contains 100439344, requested 32768)
[11:27:26.517594] [pieusb] sane_read(): requested 32768 bytes
[11:27:26.517601] [pieusb] sane_read(): buffer suffices (contains 100406576, requested 32768)
[11:27:26.517710] [pieusb] sane_read(): requested 32768 bytes
[11:27:26.517717] [pieusb] sane_read(): buffer suffices (contains 100373808, requested 32768)
[11:27:26.517834] [pieusb] sane_read(): requested 32768 bytes
[11:27:26.517840] [pieusb] sane_read(): buffer suffices (contains 100341040, requested 32768)
[11:27:26.517951] [pieusb] sane_read(): requested 32768 bytes
[11:27:26.517956] [pieusb] sane_read(): buffer suffices (contains 100308272, requested 32768)
[11:27:26.518075] [pieusb] sane_read(): requested 32768 bytes
[11:27:26.518080] [pieusb] sane_read(): buffer suffices (contains 100275504, requested 32768)
[11:27:26.518194] [pieusb] sane_read(): requested 32768 bytes
[11:27:26.518199] [pieusb] sane_read(): buffer suffices (contains 100242736, requested 32768)
[11:27:26.518307] [pieusb] sane_read(): requested 32768 bytes
[11:27:26.518313] [pieusb] sane_read(): buffer suffices (contains 100209968, requested 32768)
[11:27:26.518436] [pieusb] sane_read(): requested 32768 bytes
[11:27:26.518442] [pieusb] sane_read(): buffer suffices (contains 100177200, requested 32768)
[11:27:26.518560] [pieusb] sane_read(): requested 32768 bytes
[11:27:26.518566] [pieusb] sane_read(): buffer suffices (contains 100144432, requested 32768)
[11:27:26.518679] [pieusb] sane_read(): requested 32768 bytes
[11:27:26.518686] [pieusb] sane_read(): buffer suffices (contains 100111664, requested 32768)
[11:27:26.518807] [pieusb] sane_read(): requested 32768 bytes
[11:27:26.518813] [pieusb] sane_read(): buffer suffices (contains 100078896, requested 32768)
[11:27:26.518930] [pieusb] sane_read(): requested 32768 bytes
[11:27:26.518935] [pieusb] sane_read(): buffer suffices (contains 100046128, requested 32768)
[11:27:26.519088] [pieusb] sane_read(): requested 32768 bytes
[11:27:26.519094] [pieusb] sane_read(): buffer suffices (contains 100013360, requested 32768)
[11:27:26.519202] [pieusb] sane_read(): requested 32768 bytes
[11:27:26.519207] [pieusb] sane_read(): buffer suffices (contains 99980592, requested 32768)
[11:27:26.519316] [pieusb] sane_read(): requested 32768 bytes
[11:27:26.519321] [pieusb] sane_read(): buffer suffices (contains 99947824, requested 32768)
[11:27:26.519428] [pieusb] sane_read(): requested 32768 bytes
[11:27:26.519432] [pieusb] sane_read(): buffer suffices (contains 99915056, requested 32768)
[11:27:26.519551] [pieusb] sane_read(): requested 32768 bytes
[11:27:26.519556] [pieusb] sane_read(): buffer suffices (contains 99882288, requested 32768)
[11:27:26.519664] [pieusb] sane_read(): requested 32768 bytes
[11:27:26.519670] [pieusb] sane_read(): buffer suffices (contains 99849520, requested 32768)
[11:27:26.519776] [pieusb] sane_read(): requested 32768 bytes
[11:27:26.519781] [pieusb] sane_read(): buffer suffices (contains 99816752, requested 32768)
[11:27:26.519886] [pieusb] sane_read(): requested 32768 bytes
[11:27:26.519891] [pieusb] sane_read(): buffer suffices (contains 99783984, requested 32768)
[11:27:26.520004] [pieusb] sane_read(): requested 32768 bytes
[11:27:26.520008] [pieusb] sane_read(): buffer suffices (contains 99751216, requested 32768)
[11:27:26.520140] [pieusb] sane_read(): requested 32768 bytes
[11:27:26.520145] [pieusb] sane_read(): buffer suffices (contains 99718448, requested 32768)
[11:27:26.520256] [pieusb] sane_read(): requested 32768 bytes
[11:27:26.520261] [pieusb] sane_read(): buffer suffices (contains 99685680, requested 32768)
[11:27:26.520368] [pieusb] sane_read(): requested 32768 bytes
[11:27:26.520372] [pieusb] sane_read(): buffer suffices (contains 99652912, requested 32768)
[11:27:26.520479] [pieusb] sane_read(): requested 32768 bytes
[11:27:26.520484] [pieusb] sane_read(): buffer suffices (contains 99620144, requested 32768)
[11:27:26.520590] [pieusb] sane_read(): requested 32768 bytes
[11:27:26.520595] [pieusb] sane_read(): buffer suffices (contains 99587376, requested 32768)
[11:27:26.520703] [pieusb] sane_read(): requested 32768 bytes
[11:27:26.520708] [pieusb] sane_read(): buffer suffices (contains 99554608, requested 32768)
[11:27:26.520817] [pieusb] sane_read(): requested 32768 bytes
[11:27:26.520822] [pieusb] sane_read(): buffer suffices (contains 99521840, requested 32768)
[11:27:26.520929] [pieusb] sane_read(): requested 32768 bytes
[11:27:26.520934] [pieusb] sane_read(): buffer suffices (contains 99489072, requested 32768)
[11:27:26.521050] [pieusb] sane_read(): requested 32768 bytes
[11:27:26.521055] [pieusb] sane_read(): buffer suffices (contains 99456304, requested 32768)
[11:27:26.521168] [pieusb] sane_read(): requested 32768 bytes
[11:27:26.521173] [pieusb] sane_read(): buffer suffices (contains 99423536, requested 32768)
[11:27:26.521281] [pieusb] sane_read(): requested 32768 bytes
[11:27:26.521286] [pieusb] sane_read(): buffer suffices (contains 99390768, requested 32768)
[11:27:26.521394] [pieusb] sane_read(): requested 32768 bytes
[11:27:26.521399] [pieusb] sane_read(): buffer suffices (contains 99358000, requested 32768)
[11:27:26.521505] [pieusb] sane_read(): requested 32768 bytes
[11:27:26.521510] [pieusb] sane_read(): buffer suffices (contains 99325232, requested 32768)
[11:27:26.521616] [pieusb] sane_read(): requested 32768 bytes
[11:27:26.521621] [pieusb] sane_read(): buffer suffices (contains 99292464, requested 32768)
[11:27:26.521728] [pieusb] sane_read(): requested 32768 bytes
[11:27:26.521732] [pieusb] sane_read(): buffer suffices (contains 99259696, requested 32768)
[11:27:26.521841] [pieusb] sane_read(): requested 32768 bytes
[11:27:26.521845] [pieusb] sane_read(): buffer suffices (contains 99226928, requested 32768)
[11:27:26.521957] [pieusb] sane_read(): requested 32768 bytes
[11:27:26.521962] [pieusb] sane_read(): buffer suffices (contains 99194160, requested 32768)
[11:27:26.522097] [pieusb] sane_read(): requested 32768 bytes
[11:27:26.522103] [pieusb] sane_read(): buffer suffices (contains 99161392, requested 32768)
[11:27:26.522210] [pieusb] sane_read(): requested 32768 bytes
[11:27:26.522215] [pieusb] sane_read(): buffer suffices (contains 99128624, requested 32768)
[11:27:26.522349] [pieusb] sane_read(): requested 32768 bytes
[11:27:26.522354] [pieusb] sane_read(): buffer suffices (contains 99095856, requested 32768)
[11:27:26.522467] [pieusb] sane_read(): requested 32768 bytes
[11:27:26.522471] [pieusb] sane_read(): buffer suffices (contains 99063088, requested 32768)
[11:27:26.522577] [pieusb] sane_read(): requested 32768 bytes
[11:27:26.522582] [pieusb] sane_read(): buffer suffices (contains 99030320, requested 32768)
[11:27:26.522687] [pieusb] sane_read(): requested 32768 bytes
[11:27:26.522692] [pieusb] sane_read(): buffer suffices (contains 98997552, requested 32768)
[11:27:26.522799] [pieusb] sane_read(): requested 32768 bytes
[11:27:26.522804] [pieusb] sane_read(): buffer suffices (contains 98964784, requested 32768)
[11:27:26.522912] [pieusb] sane_read(): requested 32768 bytes
[11:27:26.522916] [pieusb] sane_read(): buffer suffices (contains 98932016, requested 32768)
[11:27:26.523032] [pieusb] sane_read(): requested 32768 bytes
[11:27:26.523036] [pieusb] sane_read(): buffer suffices (contains 98899248, requested 32768)
[11:27:26.523142] [pieusb] sane_read(): requested 32768 bytes
[11:27:26.523146] [pieusb] sane_read(): buffer suffices (contains 98866480, requested 32768)
[11:27:26.523251] [pieusb] sane_read(): requested 32768 bytes
[11:27:26.523255] [pieusb] sane_read(): buffer suffices (contains 98833712, requested 32768)
[11:27:26.523363] [pieusb] sane_read(): requested 32768 bytes
[11:27:26.523368] [pieusb] sane_read(): buffer suffices (contains 98800944, requested 32768)
[11:27:26.523476] [pieusb] sane_read(): requested 32768 bytes
[11:27:26.523480] [pieusb] sane_read(): buffer suffices (contains 98768176, requested 32768)
[11:27:26.523589] [pieusb] sane_read(): requested 32768 bytes
[11:27:26.523593] [pieusb] sane_read(): buffer suffices (contains 98735408, requested 32768)
[11:27:26.523704] [pieusb] sane_read(): requested 32768 bytes
[11:27:26.523709] [pieusb] sane_read(): buffer suffices (contains 98702640, requested 32768)
[11:27:26.523819] [pieusb] sane_read(): requested 32768 bytes
[11:27:26.523824] [pieusb] sane_read(): buffer suffices (contains 98669872, requested 32768)
[11:27:26.523933] [pieusb] sane_read(): requested 32768 bytes
[11:27:26.523939] [pieusb] sane_read(): buffer suffices (contains 98637104, requested 32768)
[11:27:26.524054] [pieusb] sane_read(): requested 32768 bytes
[11:27:26.524059] [pieusb] sane_read(): buffer suffices (contains 98604336, requested 32768)
[11:27:26.524172] [pieusb] sane_read(): requested 32768 bytes
[11:27:26.524177] [pieusb] sane_read(): buffer suffices (contains 98571568, requested 32768)
[11:27:26.524287] [pieusb] sane_read(): requested 32768 bytes
[11:27:26.524293] [pieusb] sane_read(): buffer suffices (contains 98538800, requested 32768)
[11:27:26.524403] [pieusb] sane_read(): requested 32768 bytes
[11:27:26.524408] [pieusb] sane_read(): buffer suffices (contains 98506032, requested 32768)
[11:27:26.524518] [pieusb] sane_read(): requested 32768 bytes
[11:27:26.524525] [pieusb] sane_read(): buffer suffices (contains 98473264, requested 32768)
[11:27:26.524636] [pieusb] sane_read(): requested 32768 bytes
[11:27:26.524642] [pieusb] sane_read(): buffer suffices (contains 98440496, requested 32768)
[11:27:26.524756] [pieusb] sane_read(): requested 32768 bytes
[11:27:26.524762] [pieusb] sane_read(): buffer suffices (contains 98407728, requested 32768)
[11:27:26.524871] [pieusb] sane_read(): requested 32768 bytes
[11:27:26.524878] [pieusb] sane_read(): buffer suffices (contains 98374960, requested 32768)
[11:27:26.524997] [pieusb] sane_read(): requested 32768 bytes
[11:27:26.525003] [pieusb] sane_read(): buffer suffices (contains 98342192, requested 32768)
[11:27:26.525144] [pieusb] sane_read(): requested 32768 bytes
[11:27:26.525150] [pieusb] sane_read(): buffer suffices (contains 98309424, requested 32768)
[11:27:26.525258] [pieusb] sane_read(): requested 32768 bytes
[11:27:26.525262] [pieusb] sane_read(): buffer suffices (contains 98276656, requested 32768)
[11:27:26.525371] [pieusb] sane_read(): requested 32768 bytes
[11:27:26.525376] [pieusb] sane_read(): buffer suffices (contains 98243888, requested 32768)
[11:27:26.525486] [pieusb] sane_read(): requested 32768 bytes
[11:27:26.525491] [pieusb] sane_read(): buffer suffices (contains 98211120, requested 32768)
[11:27:26.525598] [pieusb] sane_read(): requested 32768 bytes
[11:27:26.525602] [pieusb] sane_read(): buffer suffices (contains 98178352, requested 32768)
[11:27:26.525708] [pieusb] sane_read(): requested 32768 bytes
[11:27:26.525712] [pieusb] sane_read(): buffer suffices (contains 98145584, requested 32768)
[11:27:26.525819] [pieusb] sane_read(): requested 32768 bytes
[11:27:26.525823] [pieusb] sane_read(): buffer suffices (contains 98112816, requested 32768)
[11:27:26.525932] [pieusb] sane_read(): requested 32768 bytes
[11:27:26.525937] [pieusb] sane_read(): buffer suffices (contains 98080048, requested 32768)
[11:27:26.526059] [pieusb] sane_read(): requested 32768 bytes
[11:27:26.526064] [pieusb] sane_read(): buffer suffices (contains 98047280, requested 32768)
[11:27:26.526179] [pieusb] sane_read(): requested 32768 bytes
[11:27:26.526183] [pieusb] sane_read(): buffer suffices (contains 98014512, requested 32768)
[11:27:26.526290] [pieusb] sane_read(): requested 32768 bytes
[11:27:26.526295] [pieusb] sane_read(): buffer suffices (contains 97981744, requested 32768)
[11:27:26.526401] [pieusb] sane_read(): requested 32768 bytes
[11:27:26.526406] [pieusb] sane_read(): buffer suffices (contains 97948976, requested 32768)
[11:27:26.526515] [pieusb] sane_read(): requested 32768 bytes
[11:27:26.526519] [pieusb] sane_read(): buffer suffices (contains 97916208, requested 32768)
[11:27:26.526626] [pieusb] sane_read(): requested 32768 bytes
[11:27:26.526631] [pieusb] sane_read(): buffer suffices (contains 97883440, requested 32768)
[11:27:26.526738] [pieusb] sane_read(): requested 32768 bytes
[11:27:26.526743] [pieusb] sane_read(): buffer suffices (contains 97850672, requested 32768)
[11:27:26.526849] [pieusb] sane_read(): requested 32768 bytes
[11:27:26.526853] [pieusb] sane_read(): buffer suffices (contains 97817904, requested 32768)
[11:27:26.526989] [pieusb] sane_read(): requested 32768 bytes
[11:27:26.526994] [pieusb] sane_read(): buffer suffices (contains 97785136, requested 32768)
[11:27:26.527133] [pieusb] sane_read(): requested 32768 bytes
[11:27:26.527138] [pieusb] sane_read(): buffer suffices (contains 97752368, requested 32768)
[11:27:26.527247] [pieusb] sane_read(): requested 32768 bytes
[11:27:26.527251] [pieusb] sane_read(): buffer suffices (contains 97719600, requested 32768)
[11:27:26.527358] [pieusb] sane_read(): requested 32768 bytes
[11:27:26.527363] [pieusb] sane_read(): buffer suffices (contains 97686832, requested 32768)
[11:27:26.527471] [pieusb] sane_read(): requested 32768 bytes
[11:27:26.527476] [pieusb] sane_read(): buffer suffices (contains 97654064, requested 32768)
[11:27:26.527584] [pieusb] sane_read(): requested 32768 bytes
[11:27:26.527589] [pieusb] sane_read(): buffer suffices (contains 97621296, requested 32768)
[11:27:26.527696] [pieusb] sane_read(): requested 32768 bytes
[11:27:26.527701] [pieusb] sane_read(): buffer suffices (contains 97588528, requested 32768)
[11:27:26.527807] [pieusb] sane_read(): requested 32768 bytes
[11:27:26.527812] [pieusb] sane_read(): buffer suffices (contains 97555760, requested 32768)
[11:27:26.527919] [pieusb] sane_read(): requested 32768 bytes
[11:27:26.527923] [pieusb] sane_read(): buffer suffices (contains 97522992, requested 32768)
[11:27:26.528035] [pieusb] sane_read(): requested 32768 bytes
[11:27:26.528040] [pieusb] sane_read(): buffer suffices (contains 97490224, requested 32768)
[11:27:26.528147] [pieusb] sane_read(): requested 32768 bytes
[11:27:26.528152] [pieusb] sane_read(): buffer suffices (contains 97457456, requested 32768)
[11:27:26.528258] [pieusb] sane_read(): requested 32768 bytes
[11:27:26.528262] [pieusb] sane_read(): buffer suffices (contains 97424688, requested 32768)
[11:27:26.528368] [pieusb] sane_read(): requested 32768 bytes
[11:27:26.528373] [pieusb] sane_read(): buffer suffices (contains 97391920, requested 32768)
[11:27:26.528480] [pieusb] sane_read(): requested 32768 bytes
[11:27:26.528484] [pieusb] sane_read(): buffer suffices (contains 97359152, requested 32768)
[11:27:26.528592] [pieusb] sane_read(): requested 32768 bytes
[11:27:26.528597] [pieusb] sane_read(): buffer suffices (contains 97326384, requested 32768)
[11:27:26.528704] [pieusb] sane_read(): requested 32768 bytes
[11:27:26.528709] [pieusb] sane_read(): buffer suffices (contains 97293616, requested 32768)
[11:27:26.528816] [pieusb] sane_read(): requested 32768 bytes
[11:27:26.528821] [pieusb] sane_read(): buffer suffices (contains 97260848, requested 32768)
[11:27:26.528929] [pieusb] sane_read(): requested 32768 bytes
[11:27:26.528934] [pieusb] sane_read(): buffer suffices (contains 97228080, requested 32768)
[11:27:26.529045] [pieusb] sane_read(): requested 32768 bytes
[11:27:26.529050] [pieusb] sane_read(): buffer suffices (contains 97195312, requested 32768)
[11:27:26.529156] [pieusb] sane_read(): requested 32768 bytes
[11:27:26.529161] [pieusb] sane_read(): buffer suffices (contains 97162544, requested 32768)
[11:27:26.529270] [pieusb] sane_read(): requested 32768 bytes
[11:27:26.529275] [pieusb] sane_read(): buffer suffices (contains 97129776, requested 32768)
[11:27:26.529381] [pieusb] sane_read(): requested 32768 bytes
[11:27:26.529385] [pieusb] sane_read(): buffer suffices (contains 97097008, requested 32768)
[11:27:26.529494] [pieusb] sane_read(): requested 32768 bytes
[11:27:26.529498] [pieusb] sane_read(): buffer suffices (contains 97064240, requested 32768)
[11:27:26.529609] [pieusb] sane_read(): requested 32768 bytes
[11:27:26.529614] [pieusb] sane_read(): buffer suffices (contains 97031472, requested 32768)
[11:27:26.529721] [pieusb] sane_read(): requested 32768 bytes
[11:27:26.529725] [pieusb] sane_read(): buffer suffices (contains 96998704, requested 32768)
[11:27:26.529833] [pieusb] sane_read(): requested 32768 bytes
[11:27:26.529837] [pieusb] sane_read(): buffer suffices (contains 96965936, requested 32768)
[11:27:26.529944] [pieusb] sane_read(): requested 32768 bytes
[11:27:26.529948] [pieusb] sane_read(): buffer suffices (contains 96933168, requested 32768)
[11:27:26.530062] [pieusb] sane_read(): requested 32768 bytes
[11:27:26.530066] [pieusb] sane_read(): buffer suffices (contains 96900400, requested 32768)
[11:27:26.530178] [pieusb] sane_read(): requested 32768 bytes
[11:27:26.530182] [pieusb] sane_read(): buffer suffices (contains 96867632, requested 32768)
[11:27:26.530289] [pieusb] sane_read(): requested 32768 bytes
[11:27:26.530293] [pieusb] sane_read(): buffer suffices (contains 96834864, requested 32768)
[11:27:26.530402] [pieusb] sane_read(): requested 32768 bytes
[11:27:26.530407] [pieusb] sane_read(): buffer suffices (contains 96802096, requested 32768)
[11:27:26.530513] [pieusb] sane_read(): requested 32768 bytes
[11:27:26.530518] [pieusb] sane_read(): buffer suffices (contains 96769328, requested 32768)
[11:27:26.530627] [pieusb] sane_read(): requested 32768 bytes
[11:27:26.530632] [pieusb] sane_read(): buffer suffices (contains 96736560, requested 32768)
[11:27:26.530738] [pieusb] sane_read(): requested 32768 bytes
[11:27:26.530742] [pieusb] sane_read(): buffer suffices (contains 96703792, requested 32768)
[11:27:26.530849] [pieusb] sane_read(): requested 32768 bytes
[11:27:26.530854] [pieusb] sane_read(): buffer suffices (contains 96671024, requested 32768)
[11:27:26.530961] [pieusb] sane_read(): requested 32768 bytes
[11:27:26.530966] [pieusb] sane_read(): buffer suffices (contains 96638256, requested 32768)
[11:27:26.531079] [pieusb] sane_read(): requested 32768 bytes
[11:27:26.531083] [pieusb] sane_read(): buffer suffices (contains 96605488, requested 32768)
[11:27:26.531201] [pieusb] sane_read(): requested 32768 bytes
[11:27:26.531205] [pieusb] sane_read(): buffer suffices (contains 96572720, requested 32768)
[11:27:26.531312] [pieusb] sane_read(): requested 32768 bytes
[11:27:26.531317] [pieusb] sane_read(): buffer suffices (contains 96539952, requested 32768)
[11:27:26.531425] [pieusb] sane_read(): requested 32768 bytes
[11:27:26.531430] [pieusb] sane_read(): buffer suffices (contains 96507184, requested 32768)
[11:27:26.531536] [pieusb] sane_read(): requested 32768 bytes
[11:27:26.531540] [pieusb] sane_read(): buffer suffices (contains 96474416, requested 32768)
[11:27:26.531646] [pieusb] sane_read(): requested 32768 bytes
[11:27:26.531651] [pieusb] sane_read(): buffer suffices (contains 96441648, requested 32768)
[11:27:26.531758] [pieusb] sane_read(): requested 32768 bytes
[11:27:26.531763] [pieusb] sane_read(): buffer suffices (contains 96408880, requested 32768)
[11:27:26.531869] [pieusb] sane_read(): requested 32768 bytes
[11:27:26.531874] [pieusb] sane_read(): buffer suffices (contains 96376112, requested 32768)
[11:27:26.531986] [pieusb] sane_read(): requested 32768 bytes
[11:27:26.531990] [pieusb] sane_read(): buffer suffices (contains 96343344, requested 32768)
[11:27:26.532098] [pieusb] sane_read(): requested 32768 bytes
[11:27:26.532103] [pieusb] sane_read(): buffer suffices (contains 96310576, requested 32768)
[11:27:26.532209] [pieusb] sane_read(): requested 32768 bytes
[11:27:26.532214] [pieusb] sane_read(): buffer suffices (contains 96277808, requested 32768)
[11:27:26.532321] [pieusb] sane_read(): requested 32768 bytes
[11:27:26.532326] [pieusb] sane_read(): buffer suffices (contains 96245040, requested 32768)
[11:27:26.532432] [pieusb] sane_read(): requested 32768 bytes
[11:27:26.532437] [pieusb] sane_read(): buffer suffices (contains 96212272, requested 32768)
[11:27:26.532545] [pieusb] sane_read(): requested 32768 bytes
[11:27:26.532549] [pieusb] sane_read(): buffer suffices (contains 96179504, requested 32768)
[11:27:26.532656] [pieusb] sane_read(): requested 32768 bytes
[11:27:26.532660] [pieusb] sane_read(): buffer suffices (contains 96146736, requested 32768)
[11:27:26.532768] [pieusb] sane_read(): requested 32768 bytes
[11:27:26.532773] [pieusb] sane_read(): buffer suffices (contains 96113968, requested 32768)
[11:27:26.532883] [pieusb] sane_read(): requested 32768 bytes
[11:27:26.532887] [pieusb] sane_read(): buffer suffices (contains 96081200, requested 32768)
[11:27:26.532999] [pieusb] sane_read(): requested 32768 bytes
[11:27:26.533003] [pieusb] sane_read(): buffer suffices (contains 96048432, requested 32768)
[11:27:26.533116] [pieusb] sane_read(): requested 32768 bytes
[11:27:26.533120] [pieusb] sane_read(): buffer suffices (contains 96015664, requested 32768)
[11:27:26.533226] [pieusb] sane_read(): requested 32768 bytes
[11:27:26.533230] [pieusb] sane_read(): buffer suffices (contains 95982896, requested 32768)
[11:27:26.533335] [pieusb] sane_read(): requested 32768 bytes
[11:27:26.533340] [pieusb] sane_read(): buffer suffices (contains 95950128, requested 32768)
[11:27:26.533445] [pieusb] sane_read(): requested 32768 bytes
[11:27:26.533449] [pieusb] sane_read(): buffer suffices (contains 95917360, requested 32768)
[11:27:26.533555] [pieusb] sane_read(): requested 32768 bytes
[11:27:26.533561] [pieusb] sane_read(): buffer suffices (contains 95884592, requested 32768)
[11:27:26.533679] [pieusb] sane_read(): requested 32768 bytes
[11:27:26.533683] [pieusb] sane_read(): buffer suffices (contains 95851824, requested 32768)
[11:27:26.533809] [pieusb] sane_read(): requested 32768 bytes
[11:27:26.533814] [pieusb] sane_read(): buffer suffices (contains 95819056, requested 32768)
[11:27:26.533920] [pieusb] sane_read(): requested 32768 bytes
[11:27:26.533924] [pieusb] sane_read(): buffer suffices (contains 95786288, requested 32768)
[11:27:26.534039] [pieusb] sane_read(): requested 32768 bytes
[11:27:26.534044] [pieusb] sane_read(): buffer suffices (contains 95753520, requested 32768)
[11:27:26.534159] [pieusb] sane_read(): requested 32768 bytes
[11:27:26.534164] [pieusb] sane_read(): buffer suffices (contains 95720752, requested 32768)
[11:27:26.534275] [pieusb] sane_read(): requested 32768 bytes
[11:27:26.534280] [pieusb] sane_read(): buffer suffices (contains 95687984, requested 32768)
[11:27:26.534387] [pieusb] sane_read(): requested 32768 bytes
[11:27:26.534392] [pieusb] sane_read(): buffer suffices (contains 95655216, requested 32768)
[11:27:26.534505] [pieusb] sane_read(): requested 32768 bytes
[11:27:26.534511] [pieusb] sane_read(): buffer suffices (contains 95622448, requested 32768)
[11:27:26.534621] [pieusb] sane_read(): requested 32768 bytes
[11:27:26.534627] [pieusb] sane_read(): buffer suffices (contains 95589680, requested 32768)
[11:27:26.534736] [pieusb] sane_read(): requested 32768 bytes
[11:27:26.534741] [pieusb] sane_read(): buffer suffices (contains 95556912, requested 32768)
[11:27:26.534855] [pieusb] sane_read(): requested 32768 bytes
[11:27:26.534861] [pieusb] sane_read(): buffer suffices (contains 95524144, requested 32768)
[11:27:26.534973] [pieusb] sane_read(): requested 32768 bytes
[11:27:26.534978] [pieusb] sane_read(): buffer suffices (contains 95491376, requested 32768)
[11:27:26.535098] [pieusb] sane_read(): requested 32768 bytes
[11:27:26.535105] [pieusb] sane_read(): buffer suffices (contains 95458608, requested 32768)
[11:27:26.535217] [pieusb] sane_read(): requested 32768 bytes
[11:27:26.535222] [pieusb] sane_read(): buffer suffices (contains 95425840, requested 32768)
[11:27:26.535331] [pieusb] sane_read(): requested 32768 bytes
[11:27:26.535337] [pieusb] sane_read(): buffer suffices (contains 95393072, requested 32768)
[11:27:26.535445] [pieusb] sane_read(): requested 32768 bytes
[11:27:26.535450] [pieusb] sane_read(): buffer suffices (contains 95360304, requested 32768)
[11:27:26.535556] [pieusb] sane_read(): requested 32768 bytes
[11:27:26.535561] [pieusb] sane_read(): buffer suffices (contains 95327536, requested 32768)
[11:27:26.535669] [pieusb] sane_read(): requested 32768 bytes
[11:27:26.535673] [pieusb] sane_read(): buffer suffices (contains 95294768, requested 32768)
[11:27:26.535783] [pieusb] sane_read(): requested 32768 bytes
[11:27:26.535788] [pieusb] sane_read(): buffer suffices (contains 95262000, requested 32768)
[11:27:26.535898] [pieusb] sane_read(): requested 32768 bytes
[11:27:26.535903] [pieusb] sane_read(): buffer suffices (contains 95229232, requested 32768)
[11:27:26.536018] [pieusb] sane_read(): requested 32768 bytes
[11:27:26.536023] [pieusb] sane_read(): buffer suffices (contains 95196464, requested 32768)
[11:27:26.536142] [pieusb] sane_read(): requested 32768 bytes
[11:27:26.536147] [pieusb] sane_read(): buffer suffices (contains 95163696, requested 32768)
[11:27:26.536260] [pieusb] sane_read(): requested 32768 bytes
[11:27:26.536266] [pieusb] sane_read(): buffer suffices (contains 95130928, requested 32768)
[11:27:26.536374] [pieusb] sane_read(): requested 32768 bytes
[11:27:26.536379] [pieusb] sane_read(): buffer suffices (contains 95098160, requested 32768)
[11:27:26.536491] [pieusb] sane_read(): requested 32768 bytes
[11:27:26.536496] [pieusb] sane_read(): buffer suffices (contains 95065392, requested 32768)
[11:27:26.536609] [pieusb] sane_read(): requested 32768 bytes
[11:27:26.536615] [pieusb] sane_read(): buffer suffices (contains 95032624, requested 32768)
[11:27:26.536733] [pieusb] sane_read(): requested 32768 bytes
[11:27:26.536739] [pieusb] sane_read(): buffer suffices (contains 94999856, requested 32768)
[11:27:26.536853] [pieusb] sane_read(): requested 32768 bytes
[11:27:26.536859] [pieusb] sane_read(): buffer suffices (contains 94967088, requested 32768)
[11:27:26.536973] [pieusb] sane_read(): requested 32768 bytes
[11:27:26.536979] [pieusb] sane_read(): buffer suffices (contains 94934320, requested 32768)
[11:27:26.537104] [pieusb] sane_read(): requested 32768 bytes
[11:27:26.537110] [pieusb] sane_read(): buffer suffices (contains 94901552, requested 32768)
[11:27:26.537218] [pieusb] sane_read(): requested 32768 bytes
[11:27:26.537224] [pieusb] sane_read(): buffer suffices (contains 94868784, requested 32768)
[11:27:26.537333] [pieusb] sane_read(): requested 32768 bytes
[11:27:26.537338] [pieusb] sane_read(): buffer suffices (contains 94836016, requested 32768)
[11:27:26.537449] [pieusb] sane_read(): requested 32768 bytes
[11:27:26.537455] [pieusb] sane_read(): buffer suffices (contains 94803248, requested 32768)
[11:27:26.537582] [pieusb] sane_read(): requested 32768 bytes
[11:27:26.537587] [pieusb] sane_read(): buffer suffices (contains 94770480, requested 32768)
[11:27:26.537701] [pieusb] sane_read(): requested 32768 bytes
[11:27:26.537706] [pieusb] sane_read(): buffer suffices (contains 94737712, requested 32768)
[11:27:26.537813] [pieusb] sane_read(): requested 32768 bytes
[11:27:26.537818] [pieusb] sane_read(): buffer suffices (contains 94704944, requested 32768)
[11:27:26.537926] [pieusb] sane_read(): requested 32768 bytes
[11:27:26.537930] [pieusb] sane_read(): buffer suffices (contains 94672176, requested 32768)
[11:27:26.538043] [pieusb] sane_read(): requested 32768 bytes
[11:27:26.538048] [pieusb] sane_read(): buffer suffices (contains 94639408, requested 32768)
[11:27:26.538154] [pieusb] sane_read(): requested 32768 bytes
[11:27:26.538158] [pieusb] sane_read(): buffer suffices (contains 94606640, requested 32768)
[11:27:26.538267] [pieusb] sane_read(): requested 32768 bytes
[11:27:26.538271] [pieusb] sane_read(): buffer suffices (contains 94573872, requested 32768)
[11:27:26.538379] [pieusb] sane_read(): requested 32768 bytes
[11:27:26.538384] [pieusb] sane_read(): buffer suffices (contains 94541104, requested 32768)
[11:27:26.538490] [pieusb] sane_read(): requested 32768 bytes
[11:27:26.538495] [pieusb] sane_read(): buffer suffices (contains 94508336, requested 32768)
[11:27:26.538604] [pieusb] sane_read(): requested 32768 bytes
[11:27:26.538609] [pieusb] sane_read(): buffer suffices (contains 94475568, requested 32768)
[11:27:26.538717] [pieusb] sane_read(): requested 32768 bytes
[11:27:26.538722] [pieusb] sane_read(): buffer suffices (contains 94442800, requested 32768)
[11:27:26.538835] [pieusb] sane_read(): requested 32768 bytes
[11:27:26.538840] [pieusb] sane_read(): buffer suffices (contains 94410032, requested 32768)
[11:27:26.538947] [pieusb] sane_read(): requested 32768 bytes
[11:27:26.538952] [pieusb] sane_read(): buffer suffices (contains 94377264, requested 32768)
[11:27:26.539072] [pieusb] sane_read(): requested 32768 bytes
[11:27:26.539081] [pieusb] sane_read(): buffer suffices (contains 94344496, requested 32768)
[11:27:26.539228] [pieusb] sane_read(): requested 32768 bytes
[11:27:26.539233] [pieusb] sane_read(): buffer suffices (contains 94311728, requested 32768)
[11:27:26.539344] [pieusb] sane_read(): requested 32768 bytes
[11:27:26.539351] [pieusb] sane_read(): buffer suffices (contains 94278960, requested 32768)
[11:27:26.539466] [pieusb] sane_read(): requested 32768 bytes
[11:27:26.539471] [pieusb] sane_read(): buffer suffices (contains 94246192, requested 32768)
[11:27:26.539586] [pieusb] sane_read(): requested 32768 bytes
[11:27:26.539591] [pieusb] sane_read(): buffer suffices (contains 94213424, requested 32768)
[11:27:26.539701] [pieusb] sane_read(): requested 32768 bytes
[11:27:26.539705] [pieusb] sane_read(): buffer suffices (contains 94180656, requested 32768)
[11:27:26.539818] [pieusb] sane_read(): requested 32768 bytes
[11:27:26.539823] [pieusb] sane_read(): buffer suffices (contains 94147888, requested 32768)
[11:27:26.539937] [pieusb] sane_read(): requested 32768 bytes
[11:27:26.539941] [pieusb] sane_read(): buffer suffices (contains 94115120, requested 32768)
[11:27:26.540058] [pieusb] sane_read(): requested 32768 bytes
[11:27:26.540063] [pieusb] sane_read(): buffer suffices (contains 94082352, requested 32768)
[11:27:26.540169] [pieusb] sane_read(): requested 32768 bytes
[11:27:26.540174] [pieusb] sane_read(): buffer suffices (contains 94049584, requested 32768)
[11:27:26.540280] [pieusb] sane_read(): requested 32768 bytes
[11:27:26.540285] [pieusb] sane_read(): buffer suffices (contains 94016816, requested 32768)
[11:27:26.540395] [pieusb] sane_read(): requested 32768 bytes
[11:27:26.540400] [pieusb] sane_read(): buffer suffices (contains 93984048, requested 32768)
[11:27:26.540508] [pieusb] sane_read(): requested 32768 bytes
[11:27:26.540513] [pieusb] sane_read(): buffer suffices (contains 93951280, requested 32768)
[11:27:26.540620] [pieusb] sane_read(): requested 32768 bytes
[11:27:26.540624] [pieusb] sane_read(): buffer suffices (contains 93918512, requested 32768)
[11:27:26.540730] [pieusb] sane_read(): requested 32768 bytes
[11:27:26.540735] [pieusb] sane_read(): buffer suffices (contains 93885744, requested 32768)
[11:27:26.540841] [pieusb] sane_read(): requested 32768 bytes
[11:27:26.540846] [pieusb] sane_read(): buffer suffices (contains 93852976, requested 32768)
[11:27:26.540952] [pieusb] sane_read(): requested 32768 bytes
[11:27:26.540956] [pieusb] sane_read(): buffer suffices (contains 93820208, requested 32768)
[11:27:26.541073] [pieusb] sane_read(): requested 32768 bytes
[11:27:26.541078] [pieusb] sane_read(): buffer suffices (contains 93787440, requested 32768)
[11:27:26.541198] [pieusb] sane_read(): requested 32768 bytes
[11:27:26.541202] [pieusb] sane_read(): buffer suffices (contains 93754672, requested 32768)
[11:27:26.541311] [pieusb] sane_read(): requested 32768 bytes
[11:27:26.541316] [pieusb] sane_read(): buffer suffices (contains 93721904, requested 32768)
[11:27:26.541423] [pieusb] sane_read(): requested 32768 bytes
[11:27:26.541427] [pieusb] sane_read(): buffer suffices (contains 93689136, requested 32768)
[11:27:26.541536] [pieusb] sane_read(): requested 32768 bytes
[11:27:26.541541] [pieusb] sane_read(): buffer suffices (contains 93656368, requested 32768)
[11:27:26.541648] [pieusb] sane_read(): requested 32768 bytes
[11:27:26.541653] [pieusb] sane_read(): buffer suffices (contains 93623600, requested 32768)
[11:27:26.541760] [pieusb] sane_read(): requested 32768 bytes
[11:27:26.541765] [pieusb] sane_read(): buffer suffices (contains 93590832, requested 32768)
[11:27:26.541874] [pieusb] sane_read(): requested 32768 bytes
[11:27:26.541879] [pieusb] sane_read(): buffer suffices (contains 93558064, requested 32768)
[11:27:26.541991] [pieusb] sane_read(): requested 32768 bytes
[11:27:26.541996] [pieusb] sane_read(): buffer suffices (contains 93525296, requested 32768)
[11:27:26.542103] [pieusb] sane_read(): requested 32768 bytes
[11:27:26.542108] [pieusb] sane_read(): buffer suffices (contains 93492528, requested 32768)
[11:27:26.542223] [pieusb] sane_read(): requested 32768 bytes
[11:27:26.542228] [pieusb] sane_read(): buffer suffices (contains 93459760, requested 32768)
[11:27:26.542335] [pieusb] sane_read(): requested 32768 bytes
[11:27:26.542339] [pieusb] sane_read(): buffer suffices (contains 93426992, requested 32768)
[11:27:26.542447] [pieusb] sane_read(): requested 32768 bytes
[11:27:26.542452] [pieusb] sane_read(): buffer suffices (contains 93394224, requested 32768)
[11:27:26.542559] [pieusb] sane_read(): requested 32768 bytes
[11:27:26.542564] [pieusb] sane_read(): buffer suffices (contains 93361456, requested 32768)
[11:27:26.542670] [pieusb] sane_read(): requested 32768 bytes
[11:27:26.542674] [pieusb] sane_read(): buffer suffices (contains 93328688, requested 32768)
[11:27:26.542785] [pieusb] sane_read(): requested 32768 bytes
[11:27:26.542789] [pieusb] sane_read(): buffer suffices (contains 93295920, requested 32768)
[11:27:26.542897] [pieusb] sane_read(): requested 32768 bytes
[11:27:26.542901] [pieusb] sane_read(): buffer suffices (contains 93263152, requested 32768)
[11:27:26.543016] [pieusb] sane_read(): requested 32768 bytes
[11:27:26.543021] [pieusb] sane_read(): buffer suffices (contains 93230384, requested 32768)
[11:27:26.543153] [pieusb] sane_read(): requested 32768 bytes
[11:27:26.543158] [pieusb] sane_read(): buffer suffices (contains 93197616, requested 32768)
[11:27:26.543266] [pieusb] sane_read(): requested 32768 bytes
[11:27:26.543271] [pieusb] sane_read(): buffer suffices (contains 93164848, requested 32768)
[11:27:26.543384] [pieusb] sane_read(): requested 32768 bytes
[11:27:26.543391] [pieusb] sane_read(): buffer suffices (contains 93132080, requested 32768)
[11:27:26.543516] [pieusb] sane_read(): requested 32768 bytes
[11:27:26.543522] [pieusb] sane_read(): buffer suffices (contains 93099312, requested 32768)
[11:27:26.543645] [pieusb] sane_read(): requested 32768 bytes
[11:27:26.543651] [pieusb] sane_read(): buffer suffices (contains 93066544, requested 32768)
[11:27:26.543760] [pieusb] sane_read(): requested 32768 bytes
[11:27:26.543765] [pieusb] sane_read(): buffer suffices (contains 93033776, requested 32768)
[11:27:26.543877] [pieusb] sane_read(): requested 32768 bytes
[11:27:26.543883] [pieusb] sane_read(): buffer suffices (contains 93001008, requested 32768)
[11:27:26.544009] [pieusb] sane_read(): requested 32768 bytes
[11:27:26.544015] [pieusb] sane_read(): buffer suffices (contains 92968240, requested 32768)
[11:27:26.544124] [pieusb] sane_read(): requested 32768 bytes
[11:27:26.544130] [pieusb] sane_read(): buffer suffices (contains 92935472, requested 32768)
[11:27:26.544238] [pieusb] sane_read(): requested 32768 bytes
[11:27:26.544244] [pieusb] sane_read(): buffer suffices (contains 92902704, requested 32768)
[11:27:26.544353] [pieusb] sane_read(): requested 32768 bytes
[11:27:26.544359] [pieusb] sane_read(): buffer suffices (contains 92869936, requested 32768)
[11:27:26.544467] [pieusb] sane_read(): requested 32768 bytes
[11:27:26.544472] [pieusb] sane_read(): buffer suffices (contains 92837168, requested 32768)
[11:27:26.544585] [pieusb] sane_read(): requested 32768 bytes
[11:27:26.544591] [pieusb] sane_read(): buffer suffices (contains 92804400, requested 32768)
[11:27:26.544699] [pieusb] sane_read(): requested 32768 bytes
[11:27:26.544705] [pieusb] sane_read(): buffer suffices (contains 92771632, requested 32768)
[11:27:26.544812] [pieusb] sane_read(): requested 32768 bytes
[11:27:26.544817] [pieusb] sane_read(): buffer suffices (contains 92738864, requested 32768)
[11:27:26.544924] [pieusb] sane_read(): requested 32768 bytes
[11:27:26.544929] [pieusb] sane_read(): buffer suffices (contains 92706096, requested 32768)
[11:27:26.545048] [pieusb] sane_read(): requested 32768 bytes
[11:27:26.545053] [pieusb] sane_read(): buffer suffices (contains 92673328, requested 32768)
[11:27:26.545169] [pieusb] sane_read(): requested 32768 bytes
[11:27:26.545174] [pieusb] sane_read(): buffer suffices (contains 92640560, requested 32768)
[11:27:26.545316] [pieusb] sane_read(): requested 32768 bytes
[11:27:26.545320] [pieusb] sane_read(): buffer suffices (contains 92607792, requested 32768)
[11:27:26.545427] [pieusb] sane_read(): requested 32768 bytes
[11:27:26.545432] [pieusb] sane_read(): buffer suffices (contains 92575024, requested 32768)
[11:27:26.545562] [pieusb] sane_read(): requested 32768 bytes
[11:27:26.545567] [pieusb] sane_read(): buffer suffices (contains 92542256, requested 32768)
[11:27:26.545695] [pieusb] sane_read(): requested 32768 bytes
[11:27:26.545700] [pieusb] sane_read(): buffer suffices (contains 92509488, requested 32768)
[11:27:26.545807] [pieusb] sane_read(): requested 32768 bytes
[11:27:26.545812] [pieusb] sane_read(): buffer suffices (contains 92476720, requested 32768)
[11:27:26.545931] [pieusb] sane_read(): requested 32768 bytes
[11:27:26.545936] [pieusb] sane_read(): buffer suffices (contains 92443952, requested 32768)
[11:27:26.546059] [pieusb] sane_read(): requested 32768 bytes
[11:27:26.546063] [pieusb] sane_read(): buffer suffices (contains 92411184, requested 32768)
[11:27:26.546172] [pieusb] sane_read(): requested 32768 bytes
[11:27:26.546176] [pieusb] sane_read(): buffer suffices (contains 92378416, requested 32768)
[11:27:26.546285] [pieusb] sane_read(): requested 32768 bytes
[11:27:26.546289] [pieusb] sane_read(): buffer suffices (contains 92345648, requested 32768)
[11:27:26.546399] [pieusb] sane_read(): requested 32768 bytes
[11:27:26.546403] [pieusb] sane_read(): buffer suffices (contains 92312880, requested 32768)
[11:27:26.546511] [pieusb] sane_read(): requested 32768 bytes
[11:27:26.546515] [pieusb] sane_read(): buffer suffices (contains 92280112, requested 32768)
[11:27:26.546622] [pieusb] sane_read(): requested 32768 bytes
[11:27:26.546626] [pieusb] sane_read(): buffer suffices (contains 92247344, requested 32768)
[11:27:26.546733] [pieusb] sane_read(): requested 32768 bytes
[11:27:26.546738] [pieusb] sane_read(): buffer suffices (contains 92214576, requested 32768)
[11:27:26.546847] [pieusb] sane_read(): requested 32768 bytes
[11:27:26.546852] [pieusb] sane_read(): buffer suffices (contains 92181808, requested 32768)
[11:27:26.546958] [pieusb] sane_read(): requested 32768 bytes
[11:27:26.546963] [pieusb] sane_read(): buffer suffices (contains 92149040, requested 32768)
[11:27:26.547078] [pieusb] sane_read(): requested 32768 bytes
[11:27:26.547082] [pieusb] sane_read(): buffer suffices (contains 92116272, requested 32768)
[11:27:26.547189] [pieusb] sane_read(): requested 32768 bytes
[11:27:26.547194] [pieusb] sane_read(): buffer suffices (contains 92083504, requested 32768)
[11:27:26.547310] [pieusb] sane_read(): requested 32768 bytes
[11:27:26.547315] [pieusb] sane_read(): buffer suffices (contains 92050736, requested 32768)
[11:27:26.547442] [pieusb] sane_read(): requested 32768 bytes
[11:27:26.547447] [pieusb] sane_read(): buffer suffices (contains 92017968, requested 32768)
[11:27:26.547554] [pieusb] sane_read(): requested 32768 bytes
[11:27:26.547559] [pieusb] sane_read(): buffer suffices (contains 91985200, requested 32768)
[11:27:26.547686] [pieusb] sane_read(): requested 32768 bytes
[11:27:26.547690] [pieusb] sane_read(): buffer suffices (contains 91952432, requested 32768)
[11:27:26.547797] [pieusb] sane_read(): requested 32768 bytes
[11:27:26.547802] [pieusb] sane_read(): buffer suffices (contains 91919664, requested 32768)
[11:27:26.547908] [pieusb] sane_read(): requested 32768 bytes
[11:27:26.547913] [pieusb] sane_read(): buffer suffices (contains 91886896, requested 32768)
[11:27:26.548028] [pieusb] sane_read(): requested 32768 bytes
[11:27:26.548033] [pieusb] sane_read(): buffer suffices (contains 91854128, requested 32768)
[11:27:26.548142] [pieusb] sane_read(): requested 32768 bytes
[11:27:26.548147] [pieusb] sane_read(): buffer suffices (contains 91821360, requested 32768)
[11:27:26.548253] [pieusb] sane_read(): requested 32768 bytes
[11:27:26.548258] [pieusb] sane_read(): buffer suffices (contains 91788592, requested 32768)
[11:27:26.548364] [pieusb] sane_read(): requested 32768 bytes
[11:27:26.548369] [pieusb] sane_read(): buffer suffices (contains 91755824, requested 32768)
[11:27:26.548475] [pieusb] sane_read(): requested 32768 bytes
[11:27:26.548479] [pieusb] sane_read(): buffer suffices (contains 91723056, requested 32768)
[11:27:26.548587] [pieusb] sane_read(): requested 32768 bytes
[11:27:26.548591] [pieusb] sane_read(): buffer suffices (contains 91690288, requested 32768)
[11:27:26.548698] [pieusb] sane_read(): requested 32768 bytes
[11:27:26.548703] [pieusb] sane_read(): buffer suffices (contains 91657520, requested 32768)
[11:27:26.548809] [pieusb] sane_read(): requested 32768 bytes
[11:27:26.548814] [pieusb] sane_read(): buffer suffices (contains 91624752, requested 32768)
[11:27:26.548921] [pieusb] sane_read(): requested 32768 bytes
[11:27:26.548925] [pieusb] sane_read(): buffer suffices (contains 91591984, requested 32768)
[11:27:26.549038] [pieusb] sane_read(): requested 32768 bytes
[11:27:26.549043] [pieusb] sane_read(): buffer suffices (contains 91559216, requested 32768)
[11:27:26.549150] [pieusb] sane_read(): requested 32768 bytes
[11:27:26.549155] [pieusb] sane_read(): buffer suffices (contains 91526448, requested 32768)
[11:27:26.549262] [pieusb] sane_read(): requested 32768 bytes
[11:27:26.549266] [pieusb] sane_read(): buffer suffices (contains 91493680, requested 32768)
[11:27:26.549374] [pieusb] sane_read(): requested 32768 bytes
[11:27:26.549378] [pieusb] sane_read(): buffer suffices (contains 91460912, requested 32768)
[11:27:26.549486] [pieusb] sane_read(): requested 32768 bytes
[11:27:26.549490] [pieusb] sane_read(): buffer suffices (contains 91428144, requested 32768)
[11:27:26.549598] [pieusb] sane_read(): requested 32768 bytes
[11:27:26.549603] [pieusb] sane_read(): buffer suffices (contains 91395376, requested 32768)
[11:27:26.549710] [pieusb] sane_read(): requested 32768 bytes
[11:27:26.549714] [pieusb] sane_read(): buffer suffices (contains 91362608, requested 32768)
[11:27:26.549824] [pieusb] sane_read(): requested 32768 bytes
[11:27:26.549828] [pieusb] sane_read(): buffer suffices (contains 91329840, requested 32768)
[11:27:26.549936] [pieusb] sane_read(): requested 32768 bytes
[11:27:26.549941] [pieusb] sane_read(): buffer suffices (contains 91297072, requested 32768)
[11:27:26.550054] [pieusb] sane_read(): requested 32768 bytes
[11:27:26.550058] [pieusb] sane_read(): buffer suffices (contains 91264304, requested 32768)
[11:27:26.550167] [pieusb] sane_read(): requested 32768 bytes
[11:27:26.550171] [pieusb] sane_read(): buffer suffices (contains 91231536, requested 32768)
[11:27:26.550278] [pieusb] sane_read(): requested 32768 bytes
[11:27:26.550283] [pieusb] sane_read(): buffer suffices (contains 91198768, requested 32768)
[11:27:26.550390] [pieusb] sane_read(): requested 32768 bytes
[11:27:26.550395] [pieusb] sane_read(): buffer suffices (contains 91166000, requested 32768)
[11:27:26.550505] [pieusb] sane_read(): requested 32768 bytes
[11:27:26.550509] [pieusb] sane_read(): buffer suffices (contains 91133232, requested 32768)
[11:27:26.550623] [pieusb] sane_read(): requested 32768 bytes
[11:27:26.550628] [pieusb] sane_read(): buffer suffices (contains 91100464, requested 32768)
[11:27:26.550743] [pieusb] sane_read(): requested 32768 bytes
[11:27:26.550747] [pieusb] sane_read(): buffer suffices (contains 91067696, requested 32768)
[11:27:26.550861] [pieusb] sane_read(): requested 32768 bytes
[11:27:26.550866] [pieusb] sane_read(): buffer suffices (contains 91034928, requested 32768)
[11:27:26.550979] [pieusb] sane_read(): requested 32768 bytes
[11:27:26.550990] [pieusb] sane_read(): buffer suffices (contains 91002160, requested 32768)
[11:27:26.551103] [pieusb] sane_read(): requested 32768 bytes
[11:27:26.551110] [pieusb] sane_read(): buffer suffices (contains 90969392, requested 32768)
[11:27:26.551228] [pieusb] sane_read(): requested 32768 bytes
[11:27:26.551234] [pieusb] sane_read(): buffer suffices (contains 90936624, requested 32768)
[11:27:26.551349] [pieusb] sane_read(): requested 32768 bytes
[11:27:26.551356] [pieusb] sane_read(): buffer suffices (contains 90903856, requested 32768)
[11:27:26.551466] [pieusb] sane_read(): requested 32768 bytes
[11:27:26.551472] [pieusb] sane_read(): buffer suffices (contains 90871088, requested 32768)
[11:27:26.551586] [pieusb] sane_read(): requested 32768 bytes
[11:27:26.551593] [pieusb] sane_read(): buffer suffices (contains 90838320, requested 32768)
[11:27:26.551699] [pieusb] sane_read(): requested 32768 bytes
[11:27:26.551704] [pieusb] sane_read(): buffer suffices (contains 90805552, requested 32768)
[11:27:26.551811] [pieusb] sane_read(): requested 32768 bytes
[11:27:26.551816] [pieusb] sane_read(): buffer suffices (contains 90772784, requested 32768)
[11:27:26.551924] [pieusb] sane_read(): requested 32768 bytes
[11:27:26.551928] [pieusb] sane_read(): buffer suffices (contains 90740016, requested 32768)
[11:27:26.552044] [pieusb] sane_read(): requested 32768 bytes
[11:27:26.552049] [pieusb] sane_read(): buffer suffices (contains 90707248, requested 32768)
[11:27:26.552158] [pieusb] sane_read(): requested 32768 bytes
[11:27:26.552164] [pieusb] sane_read(): buffer suffices (contains 90674480, requested 32768)
[11:27:26.552275] [pieusb] sane_read(): requested 32768 bytes
[11:27:26.552281] [pieusb] sane_read(): buffer suffices (contains 90641712, requested 32768)
[11:27:26.552397] [pieusb] sane_read(): requested 32768 bytes
[11:27:26.552403] [pieusb] sane_read(): buffer suffices (contains 90608944, requested 32768)
[11:27:26.552519] [pieusb] sane_read(): requested 32768 bytes
[11:27:26.552525] [pieusb] sane_read(): buffer suffices (contains 90576176, requested 32768)
[11:27:26.552634] [pieusb] sane_read(): requested 32768 bytes
[11:27:26.552640] [pieusb] sane_read(): buffer suffices (contains 90543408, requested 32768)
[11:27:26.552750] [pieusb] sane_read(): requested 32768 bytes
[11:27:26.552757] [pieusb] sane_read(): buffer suffices (contains 90510640, requested 32768)
[11:27:26.552868] [pieusb] sane_read(): requested 32768 bytes
[11:27:26.552875] [pieusb] sane_read(): buffer suffices (contains 90477872, requested 32768)
[11:27:26.552992] [pieusb] sane_read(): requested 32768 bytes
[11:27:26.553000] [pieusb] sane_read(): buffer suffices (contains 90445104, requested 32768)
[11:27:26.553118] [pieusb] sane_read(): requested 32768 bytes
[11:27:26.553124] [pieusb] sane_read(): buffer suffices (contains 90412336, requested 32768)
[11:27:26.553237] [pieusb] sane_read(): requested 32768 bytes
[11:27:26.553243] [pieusb] sane_read(): buffer suffices (contains 90379568, requested 32768)
[11:27:26.553357] [pieusb] sane_read(): requested 32768 bytes
[11:27:26.553363] [pieusb] sane_read(): buffer suffices (contains 90346800, requested 32768)
[11:27:26.553471] [pieusb] sane_read(): requested 32768 bytes
[11:27:26.553477] [pieusb] sane_read(): buffer suffices (contains 90314032, requested 32768)
[11:27:26.553585] [pieusb] sane_read(): requested 32768 bytes
[11:27:26.553590] [pieusb] sane_read(): buffer suffices (contains 90281264, requested 32768)
[11:27:26.553703] [pieusb] sane_read(): requested 32768 bytes
[11:27:26.553708] [pieusb] sane_read(): buffer suffices (contains 90248496, requested 32768)
[11:27:26.553817] [pieusb] sane_read(): requested 32768 bytes
[11:27:26.553822] [pieusb] sane_read(): buffer suffices (contains 90215728, requested 32768)
[11:27:26.553931] [pieusb] sane_read(): requested 32768 bytes
[11:27:26.553935] [pieusb] sane_read(): buffer suffices (contains 90182960, requested 32768)
[11:27:26.554052] [pieusb] sane_read(): requested 32768 bytes
[11:27:26.554057] [pieusb] sane_read(): buffer suffices (contains 90150192, requested 32768)
[11:27:26.554167] [pieusb] sane_read(): requested 32768 bytes
[11:27:26.554172] [pieusb] sane_read(): buffer suffices (contains 90117424, requested 32768)
[11:27:26.554279] [pieusb] sane_read(): requested 32768 bytes
[11:27:26.554284] [pieusb] sane_read(): buffer suffices (contains 90084656, requested 32768)
[11:27:26.554391] [pieusb] sane_read(): requested 32768 bytes
[11:27:26.554396] [pieusb] sane_read(): buffer suffices (contains 90051888, requested 32768)
[11:27:26.554503] [pieusb] sane_read(): requested 32768 bytes
[11:27:26.554508] [pieusb] sane_read(): buffer suffices (contains 90019120, requested 32768)
[11:27:26.554615] [pieusb] sane_read(): requested 32768 bytes
[11:27:26.554620] [pieusb] sane_read(): buffer suffices (contains 89986352, requested 32768)
[11:27:26.554730] [pieusb] sane_read(): requested 32768 bytes
[11:27:26.554734] [pieusb] sane_read(): buffer suffices (contains 89953584, requested 32768)
[11:27:26.554846] [pieusb] sane_read(): requested 32768 bytes
[11:27:26.554851] [pieusb] sane_read(): buffer suffices (contains 89920816, requested 32768)
[11:27:26.554959] [pieusb] sane_read(): requested 32768 bytes
[11:27:26.554963] [pieusb] sane_read(): buffer suffices (contains 89888048, requested 32768)
[11:27:26.555079] [pieusb] sane_read(): requested 32768 bytes
[11:27:26.555084] [pieusb] sane_read(): buffer suffices (contains 89855280, requested 32768)
[11:27:26.555191] [pieusb] sane_read(): requested 32768 bytes
[11:27:26.555197] [pieusb] sane_read(): buffer suffices (contains 89822512, requested 32768)
[11:27:26.555306] [pieusb] sane_read(): requested 32768 bytes
[11:27:26.555312] [pieusb] sane_read(): buffer suffices (contains 89789744, requested 32768)
[11:27:26.555423] [pieusb] sane_read(): requested 32768 bytes
[11:27:26.555428] [pieusb] sane_read(): buffer suffices (contains 89756976, requested 32768)
[11:27:26.555537] [pieusb] sane_read(): requested 32768 bytes
[11:27:26.555542] [pieusb] sane_read(): buffer suffices (contains 89724208, requested 32768)
[11:27:26.555649] [pieusb] sane_read(): requested 32768 bytes
[11:27:26.555654] [pieusb] sane_read(): buffer suffices (contains 89691440, requested 32768)
[11:27:26.555759] [pieusb] sane_read(): requested 32768 bytes
[11:27:26.555764] [pieusb] sane_read(): buffer suffices (contains 89658672, requested 32768)
[11:27:26.555873] [pieusb] sane_read(): requested 32768 bytes
[11:27:26.555878] [pieusb] sane_read(): buffer suffices (contains 89625904, requested 32768)
[11:27:26.555988] [pieusb] sane_read(): requested 32768 bytes
[11:27:26.555993] [pieusb] sane_read(): buffer suffices (contains 89593136, requested 32768)
[11:27:26.556102] [pieusb] sane_read(): requested 32768 bytes
[11:27:26.556106] [pieusb] sane_read(): buffer suffices (contains 89560368, requested 32768)
[11:27:26.556213] [pieusb] sane_read(): requested 32768 bytes
[11:27:26.556218] [pieusb] sane_read(): buffer suffices (contains 89527600, requested 32768)
[11:27:26.556327] [pieusb] sane_read(): requested 32768 bytes
[11:27:26.556331] [pieusb] sane_read(): buffer suffices (contains 89494832, requested 32768)
[11:27:26.556440] [pieusb] sane_read(): requested 32768 bytes
[11:27:26.556445] [pieusb] sane_read(): buffer suffices (contains 89462064, requested 32768)
[11:27:26.556550] [pieusb] sane_read(): requested 32768 bytes
[11:27:26.556555] [pieusb] sane_read(): buffer suffices (contains 89429296, requested 32768)
[11:27:26.556660] [pieusb] sane_read(): requested 32768 bytes
[11:27:26.556665] [pieusb] sane_read(): buffer suffices (contains 89396528, requested 32768)
[11:27:26.556774] [pieusb] sane_read(): requested 32768 bytes
[11:27:26.556779] [pieusb] sane_read(): buffer suffices (contains 89363760, requested 32768)
[11:27:26.556886] [pieusb] sane_read(): requested 32768 bytes
[11:27:26.556890] [pieusb] sane_read(): buffer suffices (contains 89330992, requested 32768)
[11:27:26.557005] [pieusb] sane_read(): requested 32768 bytes
[11:27:26.557010] [pieusb] sane_read(): buffer suffices (contains 89298224, requested 32768)
[11:27:26.557115] [pieusb] sane_read(): requested 32768 bytes
[11:27:26.557120] [pieusb] sane_read(): buffer suffices (contains 89265456, requested 32768)
[11:27:26.557237] [pieusb] sane_read(): requested 32768 bytes
[11:27:26.557242] [pieusb] sane_read(): buffer suffices (contains 89232688, requested 32768)
[11:27:26.557349] [pieusb] sane_read(): requested 32768 bytes
[11:27:26.557354] [pieusb] sane_read(): buffer suffices (contains 89199920, requested 32768)
[11:27:26.557462] [pieusb] sane_read(): requested 32768 bytes
[11:27:26.557467] [pieusb] sane_read(): buffer suffices (contains 89167152, requested 32768)
[11:27:26.557575] [pieusb] sane_read(): requested 32768 bytes
[11:27:26.557580] [pieusb] sane_read(): buffer suffices (contains 89134384, requested 32768)
[11:27:26.557687] [pieusb] sane_read(): requested 32768 bytes
[11:27:26.557692] [pieusb] sane_read(): buffer suffices (contains 89101616, requested 32768)
[11:27:26.557798] [pieusb] sane_read(): requested 32768 bytes
[11:27:26.557803] [pieusb] sane_read(): buffer suffices (contains 89068848, requested 32768)
[11:27:26.557910] [pieusb] sane_read(): requested 32768 bytes
[11:27:26.557915] [pieusb] sane_read(): buffer suffices (contains 89036080, requested 32768)
[11:27:26.558027] [pieusb] sane_read(): requested 32768 bytes
[11:27:26.558032] [pieusb] sane_read(): buffer suffices (contains 89003312, requested 32768)
[11:27:26.558140] [pieusb] sane_read(): requested 32768 bytes
[11:27:26.558145] [pieusb] sane_read(): buffer suffices (contains 88970544, requested 32768)
[11:27:26.558253] [pieusb] sane_read(): requested 32768 bytes
[11:27:26.558258] [pieusb] sane_read(): buffer suffices (contains 88937776, requested 32768)
[11:27:26.558371] [pieusb] sane_read(): requested 32768 bytes
[11:27:26.558375] [pieusb] sane_read(): buffer suffices (contains 88905008, requested 32768)
[11:27:26.558487] [pieusb] sane_read(): requested 32768 bytes
[11:27:26.558492] [pieusb] sane_read(): buffer suffices (contains 88872240, requested 32768)
[11:27:26.558602] [pieusb] sane_read(): requested 32768 bytes
[11:27:26.558607] [pieusb] sane_read(): buffer suffices (contains 88839472, requested 32768)
[11:27:26.558717] [pieusb] sane_read(): requested 32768 bytes
[11:27:26.558722] [pieusb] sane_read(): buffer suffices (contains 88806704, requested 32768)
[11:27:26.558830] [pieusb] sane_read(): requested 32768 bytes
[11:27:26.558836] [pieusb] sane_read(): buffer suffices (contains 88773936, requested 32768)
[11:27:26.558946] [pieusb] sane_read(): requested 32768 bytes
[11:27:26.558950] [pieusb] sane_read(): buffer suffices (contains 88741168, requested 32768)
[11:27:26.559067] [pieusb] sane_read(): requested 32768 bytes
[11:27:26.559073] [pieusb] sane_read(): buffer suffices (contains 88708400, requested 32768)
[11:27:26.559185] [pieusb] sane_read(): requested 32768 bytes
[11:27:26.559191] [pieusb] sane_read(): buffer suffices (contains 88675632, requested 32768)
[11:27:26.559299] [pieusb] sane_read(): requested 32768 bytes
[11:27:26.559304] [pieusb] sane_read(): buffer suffices (contains 88642864, requested 32768)
[11:27:26.559415] [pieusb] sane_read(): requested 32768 bytes
[11:27:26.559420] [pieusb] sane_read(): buffer suffices (contains 88610096, requested 32768)
[11:27:26.559530] [pieusb] sane_read(): requested 32768 bytes
[11:27:26.559536] [pieusb] sane_read(): buffer suffices (contains 88577328, requested 32768)
[11:27:26.559646] [pieusb] sane_read(): requested 32768 bytes
[11:27:26.559652] [pieusb] sane_read(): buffer suffices (contains 88544560, requested 32768)
[11:27:26.559763] [pieusb] sane_read(): requested 32768 bytes
[11:27:26.559768] [pieusb] sane_read(): buffer suffices (contains 88511792, requested 32768)
[11:27:26.559877] [pieusb] sane_read(): requested 32768 bytes
[11:27:26.559883] [pieusb] sane_read(): buffer suffices (contains 88479024, requested 32768)
[11:27:26.560003] [pieusb] sane_read(): requested 32768 bytes
[11:27:26.560008] [pieusb] sane_read(): buffer suffices (contains 88446256, requested 32768)
[11:27:26.560116] [pieusb] sane_read(): requested 32768 bytes
[11:27:26.560121] [pieusb] sane_read(): buffer suffices (contains 88413488, requested 32768)
[11:27:26.560231] [pieusb] sane_read(): requested 32768 bytes
[11:27:26.560236] [pieusb] sane_read(): buffer suffices (contains 88380720, requested 32768)
[11:27:26.560345] [pieusb] sane_read(): requested 32768 bytes
[11:27:26.560350] [pieusb] sane_read(): buffer suffices (contains 88347952, requested 32768)
[11:27:26.560457] [pieusb] sane_read(): requested 32768 bytes
[11:27:26.560461] [pieusb] sane_read(): buffer suffices (contains 88315184, requested 32768)
[11:27:26.560569] [pieusb] sane_read(): requested 32768 bytes
[11:27:26.560573] [pieusb] sane_read(): buffer suffices (contains 88282416, requested 32768)
[11:27:26.560681] [pieusb] sane_read(): requested 32768 bytes
[11:27:26.560686] [pieusb] sane_read(): buffer suffices (contains 88249648, requested 32768)
[11:27:26.560793] [pieusb] sane_read(): requested 32768 bytes
[11:27:26.560797] [pieusb] sane_read(): buffer suffices (contains 88216880, requested 32768)
[11:27:26.560908] [pieusb] sane_read(): requested 32768 bytes
[11:27:26.560912] [pieusb] sane_read(): buffer suffices (contains 88184112, requested 32768)
[11:27:26.561027] [pieusb] sane_read(): requested 32768 bytes
[11:27:26.561031] [pieusb] sane_read(): buffer suffices (contains 88151344, requested 32768)
[11:27:26.561140] [pieusb] sane_read(): requested 32768 bytes
[11:27:26.561144] [pieusb] sane_read(): buffer suffices (contains 88118576, requested 32768)
[11:27:26.561251] [pieusb] sane_read(): requested 32768 bytes
[11:27:26.561255] [pieusb] sane_read(): buffer suffices (contains 88085808, requested 32768)
[11:27:26.561361] [pieusb] sane_read(): requested 32768 bytes
[11:27:26.561366] [pieusb] sane_read(): buffer suffices (contains 88053040, requested 32768)
[11:27:26.561474] [pieusb] sane_read(): requested 32768 bytes
[11:27:26.561479] [pieusb] sane_read(): buffer suffices (contains 88020272, requested 32768)
[11:27:26.561586] [pieusb] sane_read(): requested 32768 bytes
[11:27:26.561591] [pieusb] sane_read(): buffer suffices (contains 87987504, requested 32768)
[11:27:26.561699] [pieusb] sane_read(): requested 32768 bytes
[11:27:26.561704] [pieusb] sane_read(): buffer suffices (contains 87954736, requested 32768)
[11:27:26.561810] [pieusb] sane_read(): requested 32768 bytes
[11:27:26.561814] [pieusb] sane_read(): buffer suffices (contains 87921968, requested 32768)
[11:27:26.561929] [pieusb] sane_read(): requested 32768 bytes
[11:27:26.561933] [pieusb] sane_read(): buffer suffices (contains 87889200, requested 32768)
[11:27:26.562048] [pieusb] sane_read(): requested 32768 bytes
[11:27:26.562053] [pieusb] sane_read(): buffer suffices (contains 87856432, requested 32768)
[11:27:26.562159] [pieusb] sane_read(): requested 32768 bytes
[11:27:26.562164] [pieusb] sane_read(): buffer suffices (contains 87823664, requested 32768)
[11:27:26.562270] [pieusb] sane_read(): requested 32768 bytes
[11:27:26.562275] [pieusb] sane_read(): buffer suffices (contains 87790896, requested 32768)
[11:27:26.562383] [pieusb] sane_read(): requested 32768 bytes
[11:27:26.562387] [pieusb] sane_read(): buffer suffices (contains 87758128, requested 32768)
[11:27:26.562494] [pieusb] sane_read(): requested 32768 bytes
[11:27:26.562499] [pieusb] sane_read(): buffer suffices (contains 87725360, requested 32768)
[11:27:26.562607] [pieusb] sane_read(): requested 32768 bytes
[11:27:26.562611] [pieusb] sane_read(): buffer suffices (contains 87692592, requested 32768)
[11:27:26.562718] [pieusb] sane_read(): requested 32768 bytes
[11:27:26.562723] [pieusb] sane_read(): buffer suffices (contains 87659824, requested 32768)
[11:27:26.562830] [pieusb] sane_read(): requested 32768 bytes
[11:27:26.562834] [pieusb] sane_read(): buffer suffices (contains 87627056, requested 32768)
[11:27:26.562941] [pieusb] sane_read(): requested 32768 bytes
[11:27:26.562946] [pieusb] sane_read(): buffer suffices (contains 87594288, requested 32768)
[11:27:26.563068] [pieusb] sane_read(): requested 32768 bytes
[11:27:26.563073] [pieusb] sane_read(): buffer suffices (contains 87561520, requested 32768)
[11:27:26.563180] [pieusb] sane_read(): requested 32768 bytes
[11:27:26.563184] [pieusb] sane_read(): buffer suffices (contains 87528752, requested 32768)
[11:27:26.563313] [pieusb] sane_read(): requested 32768 bytes
[11:27:26.563317] [pieusb] sane_read(): buffer suffices (contains 87495984, requested 32768)
[11:27:26.563424] [pieusb] sane_read(): requested 32768 bytes
[11:27:26.563429] [pieusb] sane_read(): buffer suffices (contains 87463216, requested 32768)
[11:27:26.563535] [pieusb] sane_read(): requested 32768 bytes
[11:27:26.563540] [pieusb] sane_read(): buffer suffices (contains 87430448, requested 32768)
[11:27:26.563650] [pieusb] sane_read(): requested 32768 bytes
[11:27:26.563655] [pieusb] sane_read(): buffer suffices (contains 87397680, requested 32768)
[11:27:26.563763] [pieusb] sane_read(): requested 32768 bytes
[11:27:26.563767] [pieusb] sane_read(): buffer suffices (contains 87364912, requested 32768)
[11:27:26.563874] [pieusb] sane_read(): requested 32768 bytes
[11:27:26.563879] [pieusb] sane_read(): buffer suffices (contains 87332144, requested 32768)
[11:27:26.563993] [pieusb] sane_read(): requested 32768 bytes
[11:27:26.563998] [pieusb] sane_read(): buffer suffices (contains 87299376, requested 32768)
[11:27:26.564106] [pieusb] sane_read(): requested 32768 bytes
[11:27:26.564111] [pieusb] sane_read(): buffer suffices (contains 87266608, requested 32768)
[11:27:26.564218] [pieusb] sane_read(): requested 32768 bytes
[11:27:26.564223] [pieusb] sane_read(): buffer suffices (contains 87233840, requested 32768)
[11:27:26.564331] [pieusb] sane_read(): requested 32768 bytes
[11:27:26.564335] [pieusb] sane_read(): buffer suffices (contains 87201072, requested 32768)
[11:27:26.564443] [pieusb] sane_read(): requested 32768 bytes
[11:27:26.564448] [pieusb] sane_read(): buffer suffices (contains 87168304, requested 32768)
[11:27:26.564553] [pieusb] sane_read(): requested 32768 bytes
[11:27:26.564558] [pieusb] sane_read(): buffer suffices (contains 87135536, requested 32768)
[11:27:26.564663] [pieusb] sane_read(): requested 32768 bytes
[11:27:26.564668] [pieusb] sane_read(): buffer suffices (contains 87102768, requested 32768)
[11:27:26.564776] [pieusb] sane_read(): requested 32768 bytes
[11:27:26.564781] [pieusb] sane_read(): buffer suffices (contains 87070000, requested 32768)
[11:27:26.564887] [pieusb] sane_read(): requested 32768 bytes
[11:27:26.564891] [pieusb] sane_read(): buffer suffices (contains 87037232, requested 32768)
[11:27:26.565005] [pieusb] sane_read(): requested 32768 bytes
[11:27:26.565010] [pieusb] sane_read(): buffer suffices (contains 87004464, requested 32768)
[11:27:26.565147] [pieusb] sane_read(): requested 32768 bytes
[11:27:26.565151] [pieusb] sane_read(): buffer suffices (contains 86971696, requested 32768)
[11:27:26.565256] [pieusb] sane_read(): requested 32768 bytes
[11:27:26.565261] [pieusb] sane_read(): buffer suffices (contains 86938928, requested 32768)
[11:27:26.565370] [pieusb] sane_read(): requested 32768 bytes
[11:27:26.565374] [pieusb] sane_read(): buffer suffices (contains 86906160, requested 32768)
[11:27:26.565484] [pieusb] sane_read(): requested 32768 bytes
[11:27:26.565489] [pieusb] sane_read(): buffer suffices (contains 86873392, requested 32768)
[11:27:26.565597] [pieusb] sane_read(): requested 32768 bytes
[11:27:26.565601] [pieusb] sane_read(): buffer suffices (contains 86840624, requested 32768)
[11:27:26.565708] [pieusb] sane_read(): requested 32768 bytes
[11:27:26.565713] [pieusb] sane_read(): buffer suffices (contains 86807856, requested 32768)
[11:27:26.565819] [pieusb] sane_read(): requested 32768 bytes
[11:27:26.565824] [pieusb] sane_read(): buffer suffices (contains 86775088, requested 32768)
[11:27:26.565931] [pieusb] sane_read(): requested 32768 bytes
[11:27:26.565936] [pieusb] sane_read(): buffer suffices (contains 86742320, requested 32768)
[11:27:26.566048] [pieusb] sane_read(): requested 32768 bytes
[11:27:26.566053] [pieusb] sane_read(): buffer suffices (contains 86709552, requested 32768)
[11:27:26.566160] [pieusb] sane_read(): requested 32768 bytes
[11:27:26.566165] [pieusb] sane_read(): buffer suffices (contains 86676784, requested 32768)
[11:27:26.566272] [pieusb] sane_read(): requested 32768 bytes
[11:27:26.566278] [pieusb] sane_read(): buffer suffices (contains 86644016, requested 32768)
[11:27:26.566388] [pieusb] sane_read(): requested 32768 bytes
[11:27:26.566393] [pieusb] sane_read(): buffer suffices (contains 86611248, requested 32768)
[11:27:26.566502] [pieusb] sane_read(): requested 32768 bytes
[11:27:26.566506] [pieusb] sane_read(): buffer suffices (contains 86578480, requested 32768)
[11:27:26.566613] [pieusb] sane_read(): requested 32768 bytes
[11:27:26.566618] [pieusb] sane_read(): buffer suffices (contains 86545712, requested 32768)
[11:27:26.566725] [pieusb] sane_read(): requested 32768 bytes
[11:27:26.566730] [pieusb] sane_read(): buffer suffices (contains 86512944, requested 32768)
[11:27:26.566836] [pieusb] sane_read(): requested 32768 bytes
[11:27:26.566841] [pieusb] sane_read(): buffer suffices (contains 86480176, requested 32768)
[11:27:26.566949] [pieusb] sane_read(): requested 32768 bytes
[11:27:26.566953] [pieusb] sane_read(): buffer suffices (contains 86447408, requested 32768)
[11:27:26.567068] [pieusb] sane_read(): requested 32768 bytes
[11:27:26.567073] [pieusb] sane_read(): buffer suffices (contains 86414640, requested 32768)
[11:27:26.567181] [pieusb] sane_read(): requested 32768 bytes
[11:27:26.567185] [pieusb] sane_read(): buffer suffices (contains 86381872, requested 32768)
[11:27:26.567295] [pieusb] sane_read(): requested 32768 bytes
[11:27:26.567299] [pieusb] sane_read(): buffer suffices (contains 86349104, requested 32768)
[11:27:26.567413] [pieusb] sane_read(): requested 32768 bytes
[11:27:26.567419] [pieusb] sane_read(): buffer suffices (contains 86316336, requested 32768)
[11:27:26.567533] [pieusb] sane_read(): requested 32768 bytes
[11:27:26.567538] [pieusb] sane_read(): buffer suffices (contains 86283568, requested 32768)
[11:27:26.567648] [pieusb] sane_read(): requested 32768 bytes
[11:27:26.567655] [pieusb] sane_read(): buffer suffices (contains 86250800, requested 32768)
[11:27:26.567762] [pieusb] sane_read(): requested 32768 bytes
[11:27:26.567768] [pieusb] sane_read(): buffer suffices (contains 86218032, requested 32768)
[11:27:26.567876] [pieusb] sane_read(): requested 32768 bytes
[11:27:26.567882] [pieusb] sane_read(): buffer suffices (contains 86185264, requested 32768)
[11:27:26.568000] [pieusb] sane_read(): requested 32768 bytes
[11:27:26.568006] [pieusb] sane_read(): buffer suffices (contains 86152496, requested 32768)
[11:27:26.568120] [pieusb] sane_read(): requested 32768 bytes
[11:27:26.568125] [pieusb] sane_read(): buffer suffices (contains 86119728, requested 32768)
[11:27:26.568237] [pieusb] sane_read(): requested 32768 bytes
[11:27:26.568243] [pieusb] sane_read(): buffer suffices (contains 86086960, requested 32768)
[11:27:26.568355] [pieusb] sane_read(): requested 32768 bytes
[11:27:26.568360] [pieusb] sane_read(): buffer suffices (contains 86054192, requested 32768)
[11:27:26.568468] [pieusb] sane_read(): requested 32768 bytes
[11:27:26.568473] [pieusb] sane_read(): buffer suffices (contains 86021424, requested 32768)
[11:27:26.568581] [pieusb] sane_read(): requested 32768 bytes
[11:27:26.568586] [pieusb] sane_read(): buffer suffices (contains 85988656, requested 32768)
[11:27:26.568694] [pieusb] sane_read(): requested 32768 bytes
[11:27:26.568699] [pieusb] sane_read(): buffer suffices (contains 85955888, requested 32768)
[11:27:26.568809] [pieusb] sane_read(): requested 32768 bytes
[11:27:26.568813] [pieusb] sane_read(): buffer suffices (contains 85923120, requested 32768)
[11:27:26.568922] [pieusb] sane_read(): requested 32768 bytes
[11:27:26.568926] [pieusb] sane_read(): buffer suffices (contains 85890352, requested 32768)
[11:27:26.569048] [pieusb] sane_read(): requested 32768 bytes
[11:27:26.569053] [pieusb] sane_read(): buffer suffices (contains 85857584, requested 32768)
[11:27:26.569164] [pieusb] sane_read(): requested 32768 bytes
[11:27:26.569169] [pieusb] sane_read(): buffer suffices (contains 85824816, requested 32768)
[11:27:26.569315] [pieusb] sane_read(): requested 32768 bytes
[11:27:26.569321] [pieusb] sane_read(): buffer suffices (contains 85792048, requested 32768)
[11:27:26.569432] [pieusb] sane_read(): requested 32768 bytes
[11:27:26.569437] [pieusb] sane_read(): buffer suffices (contains 85759280, requested 32768)
[11:27:26.569548] [pieusb] sane_read(): requested 32768 bytes
[11:27:26.569553] [pieusb] sane_read(): buffer suffices (contains 85726512, requested 32768)
[11:27:26.569664] [pieusb] sane_read(): requested 32768 bytes
[11:27:26.569669] [pieusb] sane_read(): buffer suffices (contains 85693744, requested 32768)
[11:27:26.569783] [pieusb] sane_read(): requested 32768 bytes
[11:27:26.569788] [pieusb] sane_read(): buffer suffices (contains 85660976, requested 32768)
[11:27:26.569905] [pieusb] sane_read(): requested 32768 bytes
[11:27:26.569911] [pieusb] sane_read(): buffer suffices (contains 85628208, requested 32768)
[11:27:26.570040] [pieusb] sane_read(): requested 32768 bytes
[11:27:26.570046] [pieusb] sane_read(): buffer suffices (contains 85595440, requested 32768)
[11:27:26.570158] [pieusb] sane_read(): requested 32768 bytes
[11:27:26.570165] [pieusb] sane_read(): buffer suffices (contains 85562672, requested 32768)
[11:27:26.570277] [pieusb] sane_read(): requested 32768 bytes
[11:27:26.570282] [pieusb] sane_read(): buffer suffices (contains 85529904, requested 32768)
[11:27:26.570390] [pieusb] sane_read(): requested 32768 bytes
[11:27:26.570395] [pieusb] sane_read(): buffer suffices (contains 85497136, requested 32768)
[11:27:26.570508] [pieusb] sane_read(): requested 32768 bytes
[11:27:26.570513] [pieusb] sane_read(): buffer suffices (contains 85464368, requested 32768)
[11:27:26.570629] [pieusb] sane_read(): requested 32768 bytes
[11:27:26.570635] [pieusb] sane_read(): buffer suffices (contains 85431600, requested 32768)
[11:27:26.570747] [pieusb] sane_read(): requested 32768 bytes
[11:27:26.570753] [pieusb] sane_read(): buffer suffices (contains 85398832, requested 32768)
[11:27:26.570863] [pieusb] sane_read(): requested 32768 bytes
[11:27:26.570869] [pieusb] sane_read(): buffer suffices (contains 85366064, requested 32768)
[11:27:26.570979] [pieusb] sane_read(): requested 32768 bytes
[11:27:26.570988] [pieusb] sane_read(): buffer suffices (contains 85333296, requested 32768)
[11:27:26.571101] [pieusb] sane_read(): requested 32768 bytes
[11:27:26.571106] [pieusb] sane_read(): buffer suffices (contains 85300528, requested 32768)
[11:27:26.571216] [pieusb] sane_read(): requested 32768 bytes
[11:27:26.571221] [pieusb] sane_read(): buffer suffices (contains 85267760, requested 32768)
[11:27:26.571329] [pieusb] sane_read(): requested 32768 bytes
[11:27:26.571334] [pieusb] sane_read(): buffer suffices (contains 85234992, requested 32768)
[11:27:26.571440] [pieusb] sane_read(): requested 32768 bytes
[11:27:26.571445] [pieusb] sane_read(): buffer suffices (contains 85202224, requested 32768)
[11:27:26.571554] [pieusb] sane_read(): requested 32768 bytes
[11:27:26.571559] [pieusb] sane_read(): buffer suffices (contains 85169456, requested 32768)
[11:27:26.571672] [pieusb] sane_read(): requested 32768 bytes
[11:27:26.571677] [pieusb] sane_read(): buffer suffices (contains 85136688, requested 32768)
[11:27:26.571785] [pieusb] sane_read(): requested 32768 bytes
[11:27:26.571790] [pieusb] sane_read(): buffer suffices (contains 85103920, requested 32768)
[11:27:26.571898] [pieusb] sane_read(): requested 32768 bytes
[11:27:26.571903] [pieusb] sane_read(): buffer suffices (contains 85071152, requested 32768)
[11:27:26.572031] [pieusb] sane_read(): requested 32768 bytes
[11:27:26.572037] [pieusb] sane_read(): buffer suffices (contains 85038384, requested 32768)
[11:27:26.572181] [pieusb] sane_read(): requested 32768 bytes
[11:27:26.572186] [pieusb] sane_read(): buffer suffices (contains 85005616, requested 32768)
[11:27:26.572295] [pieusb] sane_read(): requested 32768 bytes
[11:27:26.572300] [pieusb] sane_read(): buffer suffices (contains 84972848, requested 32768)
[11:27:26.572415] [pieusb] sane_read(): requested 32768 bytes
[11:27:26.572420] [pieusb] sane_read(): buffer suffices (contains 84940080, requested 32768)
[11:27:26.572525] [pieusb] sane_read(): requested 32768 bytes
[11:27:26.572530] [pieusb] sane_read(): buffer suffices (contains 84907312, requested 32768)
[11:27:26.572636] [pieusb] sane_read(): requested 32768 bytes
[11:27:26.572641] [pieusb] sane_read(): buffer suffices (contains 84874544, requested 32768)
[11:27:26.572753] [pieusb] sane_read(): requested 32768 bytes
[11:27:26.572758] [pieusb] sane_read(): buffer suffices (contains 84841776, requested 32768)
[11:27:26.572866] [pieusb] sane_read(): requested 32768 bytes
[11:27:26.572870] [pieusb] sane_read(): buffer suffices (contains 84809008, requested 32768)
[11:27:26.572978] [pieusb] sane_read(): requested 32768 bytes
[11:27:26.572988] [pieusb] sane_read(): buffer suffices (contains 84776240, requested 32768)
[11:27:26.573097] [pieusb] sane_read(): requested 32768 bytes
[11:27:26.573102] [pieusb] sane_read(): buffer suffices (contains 84743472, requested 32768)
[11:27:26.573235] [pieusb] sane_read(): requested 32768 bytes
[11:27:26.573240] [pieusb] sane_read(): buffer suffices (contains 84710704, requested 32768)
[11:27:26.573347] [pieusb] sane_read(): requested 32768 bytes
[11:27:26.573351] [pieusb] sane_read(): buffer suffices (contains 84677936, requested 32768)
[11:27:26.573457] [pieusb] sane_read(): requested 32768 bytes
[11:27:26.573462] [pieusb] sane_read(): buffer suffices (contains 84645168, requested 32768)
[11:27:26.573567] [pieusb] sane_read(): requested 32768 bytes
[11:27:26.573572] [pieusb] sane_read(): buffer suffices (contains 84612400, requested 32768)
[11:27:26.573679] [pieusb] sane_read(): requested 32768 bytes
[11:27:26.573683] [pieusb] sane_read(): buffer suffices (contains 84579632, requested 32768)
[11:27:26.573791] [pieusb] sane_read(): requested 32768 bytes
[11:27:26.573796] [pieusb] sane_read(): buffer suffices (contains 84546864, requested 32768)
[11:27:26.573904] [pieusb] sane_read(): requested 32768 bytes
[11:27:26.573909] [pieusb] sane_read(): buffer suffices (contains 84514096, requested 32768)
[11:27:26.574022] [pieusb] sane_read(): requested 32768 bytes
[11:27:26.574027] [pieusb] sane_read(): buffer suffices (contains 84481328, requested 32768)
[11:27:26.574164] [pieusb] sane_read(): requested 32768 bytes
[11:27:26.574169] [pieusb] sane_read(): buffer suffices (contains 84448560, requested 32768)
[11:27:26.574276] [pieusb] sane_read(): requested 32768 bytes
[11:27:26.574281] [pieusb] sane_read(): buffer suffices (contains 84415792, requested 32768)
[11:27:26.574389] [pieusb] sane_read(): requested 32768 bytes
[11:27:26.574394] [pieusb] sane_read(): buffer suffices (contains 84383024, requested 32768)
[11:27:26.574503] [pieusb] sane_read(): requested 32768 bytes
[11:27:26.574508] [pieusb] sane_read(): buffer suffices (contains 84350256, requested 32768)
[11:27:26.574615] [pieusb] sane_read(): requested 32768 bytes
[11:27:26.574620] [pieusb] sane_read(): buffer suffices (contains 84317488, requested 32768)
[11:27:26.574727] [pieusb] sane_read(): requested 32768 bytes
[11:27:26.574732] [pieusb] sane_read(): buffer suffices (contains 84284720, requested 32768)
[11:27:26.574839] [pieusb] sane_read(): requested 32768 bytes
[11:27:26.574845] [pieusb] sane_read(): buffer suffices (contains 84251952, requested 32768)
[11:27:26.574956] [pieusb] sane_read(): requested 32768 bytes
[11:27:26.574961] [pieusb] sane_read(): buffer suffices (contains 84219184, requested 32768)
[11:27:26.575078] [pieusb] sane_read(): requested 32768 bytes
[11:27:26.575083] [pieusb] sane_read(): buffer suffices (contains 84186416, requested 32768)
[11:27:26.575202] [pieusb] sane_read(): requested 32768 bytes
[11:27:26.575206] [pieusb] sane_read(): buffer suffices (contains 84153648, requested 32768)
[11:27:26.575316] [pieusb] sane_read(): requested 32768 bytes
[11:27:26.575321] [pieusb] sane_read(): buffer suffices (contains 84120880, requested 32768)
[11:27:26.575431] [pieusb] sane_read(): requested 32768 bytes
[11:27:26.575436] [pieusb] sane_read(): buffer suffices (contains 84088112, requested 32768)
[11:27:26.575546] [pieusb] sane_read(): requested 32768 bytes
[11:27:26.575552] [pieusb] sane_read(): buffer suffices (contains 84055344, requested 32768)
[11:27:26.575665] [pieusb] sane_read(): requested 32768 bytes
[11:27:26.575671] [pieusb] sane_read(): buffer suffices (contains 84022576, requested 32768)
[11:27:26.575781] [pieusb] sane_read(): requested 32768 bytes
[11:27:26.575787] [pieusb] sane_read(): buffer suffices (contains 83989808, requested 32768)
[11:27:26.575900] [pieusb] sane_read(): requested 32768 bytes
[11:27:26.575907] [pieusb] sane_read(): buffer suffices (contains 83957040, requested 32768)
[11:27:26.576028] [pieusb] sane_read(): requested 32768 bytes
[11:27:26.576035] [pieusb] sane_read(): buffer suffices (contains 83924272, requested 32768)
[11:27:26.576157] [pieusb] sane_read(): requested 32768 bytes
[11:27:26.576163] [pieusb] sane_read(): buffer suffices (contains 83891504, requested 32768)
[11:27:26.576275] [pieusb] sane_read(): requested 32768 bytes
[11:27:26.576280] [pieusb] sane_read(): buffer suffices (contains 83858736, requested 32768)
[11:27:26.576393] [pieusb] sane_read(): requested 32768 bytes
[11:27:26.576398] [pieusb] sane_read(): buffer suffices (contains 83825968, requested 32768)
[11:27:26.576506] [pieusb] sane_read(): requested 32768 bytes
[11:27:26.576510] [pieusb] sane_read(): buffer suffices (contains 83793200, requested 32768)
[11:27:26.576617] [pieusb] sane_read(): requested 32768 bytes
[11:27:26.576622] [pieusb] sane_read(): buffer suffices (contains 83760432, requested 32768)
[11:27:26.576731] [pieusb] sane_read(): requested 32768 bytes
[11:27:26.576736] [pieusb] sane_read(): buffer suffices (contains 83727664, requested 32768)
[11:27:26.576845] [pieusb] sane_read(): requested 32768 bytes
[11:27:26.576850] [pieusb] sane_read(): buffer suffices (contains 83694896, requested 32768)
[11:27:26.576956] [pieusb] sane_read(): requested 32768 bytes
[11:27:26.576961] [pieusb] sane_read(): buffer suffices (contains 83662128, requested 32768)
[11:27:26.577075] [pieusb] sane_read(): requested 32768 bytes
[11:27:26.577079] [pieusb] sane_read(): buffer suffices (contains 83629360, requested 32768)
[11:27:26.577202] [pieusb] sane_read(): requested 32768 bytes
[11:27:26.577206] [pieusb] sane_read(): buffer suffices (contains 83596592, requested 32768)
[11:27:26.577314] [pieusb] sane_read(): requested 32768 bytes
[11:27:26.577319] [pieusb] sane_read(): buffer suffices (contains 83563824, requested 32768)
[11:27:26.577426] [pieusb] sane_read(): requested 32768 bytes
[11:27:26.577431] [pieusb] sane_read(): buffer suffices (contains 83531056, requested 32768)
[11:27:26.577537] [pieusb] sane_read(): requested 32768 bytes
[11:27:26.577542] [pieusb] sane_read(): buffer suffices (contains 83498288, requested 32768)
[11:27:26.577651] [pieusb] sane_read(): requested 32768 bytes
[11:27:26.577655] [pieusb] sane_read(): buffer suffices (contains 83465520, requested 32768)
[11:27:26.577764] [pieusb] sane_read(): requested 32768 bytes
[11:27:26.577769] [pieusb] sane_read(): buffer suffices (contains 83432752, requested 32768)
[11:27:26.577877] [pieusb] sane_read(): requested 32768 bytes
[11:27:26.577882] [pieusb] sane_read(): buffer suffices (contains 83399984, requested 32768)
[11:27:26.577993] [pieusb] sane_read(): requested 32768 bytes
[11:27:26.577997] [pieusb] sane_read(): buffer suffices (contains 83367216, requested 32768)
[11:27:26.578106] [pieusb] sane_read(): requested 32768 bytes
[11:27:26.578110] [pieusb] sane_read(): buffer suffices (contains 83334448, requested 32768)
[11:27:26.578217] [pieusb] sane_read(): requested 32768 bytes
[11:27:26.578221] [pieusb] sane_read(): buffer suffices (contains 83301680, requested 32768)
[11:27:26.578328] [pieusb] sane_read(): requested 32768 bytes
[11:27:26.578332] [pieusb] sane_read(): buffer suffices (contains 83268912, requested 32768)
[11:27:26.578441] [pieusb] sane_read(): requested 32768 bytes
[11:27:26.578445] [pieusb] sane_read(): buffer suffices (contains 83236144, requested 32768)
[11:27:26.578553] [pieusb] sane_read(): requested 32768 bytes
[11:27:26.578557] [pieusb] sane_read(): buffer suffices (contains 83203376, requested 32768)
[11:27:26.578665] [pieusb] sane_read(): requested 32768 bytes
[11:27:26.578669] [pieusb] sane_read(): buffer suffices (contains 83170608, requested 32768)
[11:27:26.578776] [pieusb] sane_read(): requested 32768 bytes
[11:27:26.578781] [pieusb] sane_read(): buffer suffices (contains 83137840, requested 32768)
[11:27:26.578888] [pieusb] sane_read(): requested 32768 bytes
[11:27:26.578893] [pieusb] sane_read(): buffer suffices (contains 83105072, requested 32768)
[11:27:26.579005] [pieusb] sane_read(): requested 32768 bytes
[11:27:26.579010] [pieusb] sane_read(): buffer suffices (contains 83072304, requested 32768)
[11:27:26.579118] [pieusb] sane_read(): requested 32768 bytes
[11:27:26.579122] [pieusb] sane_read(): buffer suffices (contains 83039536, requested 32768)
[11:27:26.579229] [pieusb] sane_read(): requested 32768 bytes
[11:27:26.579234] [pieusb] sane_read(): buffer suffices (contains 83006768, requested 32768)
[11:27:26.579342] [pieusb] sane_read(): requested 32768 bytes
[11:27:26.579347] [pieusb] sane_read(): buffer suffices (contains 82974000, requested 32768)
[11:27:26.579454] [pieusb] sane_read(): requested 32768 bytes
[11:27:26.579459] [pieusb] sane_read(): buffer suffices (contains 82941232, requested 32768)
[11:27:26.579567] [pieusb] sane_read(): requested 32768 bytes
[11:27:26.579571] [pieusb] sane_read(): buffer suffices (contains 82908464, requested 32768)
[11:27:26.579677] [pieusb] sane_read(): requested 32768 bytes
[11:27:26.579682] [pieusb] sane_read(): buffer suffices (contains 82875696, requested 32768)
[11:27:26.579789] [pieusb] sane_read(): requested 32768 bytes
[11:27:26.579793] [pieusb] sane_read(): buffer suffices (contains 82842928, requested 32768)
[11:27:26.579905] [pieusb] sane_read(): requested 32768 bytes
[11:27:26.579909] [pieusb] sane_read(): buffer suffices (contains 82810160, requested 32768)
[11:27:26.580022] [pieusb] sane_read(): requested 32768 bytes
[11:27:26.580026] [pieusb] sane_read(): buffer suffices (contains 82777392, requested 32768)
[11:27:26.580135] [pieusb] sane_read(): requested 32768 bytes
[11:27:26.580140] [pieusb] sane_read(): buffer suffices (contains 82744624, requested 32768)
[11:27:26.580247] [pieusb] sane_read(): requested 32768 bytes
[11:27:26.580251] [pieusb] sane_read(): buffer suffices (contains 82711856, requested 32768)
[11:27:26.580358] [pieusb] sane_read(): requested 32768 bytes
[11:27:26.580363] [pieusb] sane_read(): buffer suffices (contains 82679088, requested 32768)
[11:27:26.580470] [pieusb] sane_read(): requested 32768 bytes
[11:27:26.580474] [pieusb] sane_read(): buffer suffices (contains 82646320, requested 32768)
[11:27:26.580581] [pieusb] sane_read(): requested 32768 bytes
[11:27:26.580586] [pieusb] sane_read(): buffer suffices (contains 82613552, requested 32768)
[11:27:26.580693] [pieusb] sane_read(): requested 32768 bytes
[11:27:26.580698] [pieusb] sane_read(): buffer suffices (contains 82580784, requested 32768)
[11:27:26.580804] [pieusb] sane_read(): requested 32768 bytes
[11:27:26.580809] [pieusb] sane_read(): buffer suffices (contains 82548016, requested 32768)
[11:27:26.580915] [pieusb] sane_read(): requested 32768 bytes
[11:27:26.580920] [pieusb] sane_read(): buffer suffices (contains 82515248, requested 32768)
[11:27:26.581036] [pieusb] sane_read(): requested 32768 bytes
[11:27:26.581041] [pieusb] sane_read(): buffer suffices (contains 82482480, requested 32768)
[11:27:26.581150] [pieusb] sane_read(): requested 32768 bytes
[11:27:26.581155] [pieusb] sane_read(): buffer suffices (contains 82449712, requested 32768)
[11:27:26.581262] [pieusb] sane_read(): requested 32768 bytes
[11:27:26.581266] [pieusb] sane_read(): buffer suffices (contains 82416944, requested 32768)
[11:27:26.581373] [pieusb] sane_read(): requested 32768 bytes
[11:27:26.581378] [pieusb] sane_read(): buffer suffices (contains 82384176, requested 32768)
[11:27:26.581484] [pieusb] sane_read(): requested 32768 bytes
[11:27:26.581489] [pieusb] sane_read(): buffer suffices (contains 82351408, requested 32768)
[11:27:26.581596] [pieusb] sane_read(): requested 32768 bytes
[11:27:26.581601] [pieusb] sane_read(): buffer suffices (contains 82318640, requested 32768)
[11:27:26.581708] [pieusb] sane_read(): requested 32768 bytes
[11:27:26.581713] [pieusb] sane_read(): buffer suffices (contains 82285872, requested 32768)
[11:27:26.581820] [pieusb] sane_read(): requested 32768 bytes
[11:27:26.581825] [pieusb] sane_read(): buffer suffices (contains 82253104, requested 32768)
[11:27:26.581931] [pieusb] sane_read(): requested 32768 bytes
[11:27:26.581936] [pieusb] sane_read(): buffer suffices (contains 82220336, requested 32768)
[11:27:26.582048] [pieusb] sane_read(): requested 32768 bytes
[11:27:26.582052] [pieusb] sane_read(): buffer suffices (contains 82187568, requested 32768)
[11:27:26.582163] [pieusb] sane_read(): requested 32768 bytes
[11:27:26.582168] [pieusb] sane_read(): buffer suffices (contains 82154800, requested 32768)
[11:27:26.582278] [pieusb] sane_read(): requested 32768 bytes
[11:27:26.582282] [pieusb] sane_read(): buffer suffices (contains 82122032, requested 32768)
[11:27:26.582389] [pieusb] sane_read(): requested 32768 bytes
[11:27:26.582394] [pieusb] sane_read(): buffer suffices (contains 82089264, requested 32768)
[11:27:26.582501] [pieusb] sane_read(): requested 32768 bytes
[11:27:26.582505] [pieusb] sane_read(): buffer suffices (contains 82056496, requested 32768)
[11:27:26.582612] [pieusb] sane_read(): requested 32768 bytes
[11:27:26.582616] [pieusb] sane_read(): buffer suffices (contains 82023728, requested 32768)
[11:27:26.582726] [pieusb] sane_read(): requested 32768 bytes
[11:27:26.582731] [pieusb] sane_read(): buffer suffices (contains 81990960, requested 32768)
[11:27:26.582839] [pieusb] sane_read(): requested 32768 bytes
[11:27:26.582844] [pieusb] sane_read(): buffer suffices (contains 81958192, requested 32768)
[11:27:26.582950] [pieusb] sane_read(): requested 32768 bytes
[11:27:26.582955] [pieusb] sane_read(): buffer suffices (contains 81925424, requested 32768)
[11:27:26.583067] [pieusb] sane_read(): requested 32768 bytes
[11:27:26.583071] [pieusb] sane_read(): buffer suffices (contains 81892656, requested 32768)
[11:27:26.583210] [pieusb] sane_read(): requested 32768 bytes
[11:27:26.583215] [pieusb] sane_read(): buffer suffices (contains 81859888, requested 32768)
[11:27:26.583321] [pieusb] sane_read(): requested 32768 bytes
[11:27:26.583325] [pieusb] sane_read(): buffer suffices (contains 81827120, requested 32768)
[11:27:26.583439] [pieusb] sane_read(): requested 32768 bytes
[11:27:26.583443] [pieusb] sane_read(): buffer suffices (contains 81794352, requested 32768)
[11:27:26.583551] [pieusb] sane_read(): requested 32768 bytes
[11:27:26.583556] [pieusb] sane_read(): buffer suffices (contains 81761584, requested 32768)
[11:27:26.583662] [pieusb] sane_read(): requested 32768 bytes
[11:27:26.583667] [pieusb] sane_read(): buffer suffices (contains 81728816, requested 32768)
[11:27:26.583774] [pieusb] sane_read(): requested 32768 bytes
[11:27:26.583778] [pieusb] sane_read(): buffer suffices (contains 81696048, requested 32768)
[11:27:26.583884] [pieusb] sane_read(): requested 32768 bytes
[11:27:26.583889] [pieusb] sane_read(): buffer suffices (contains 81663280, requested 32768)
[11:27:26.584005] [pieusb] sane_read(): requested 32768 bytes
[11:27:26.584011] [pieusb] sane_read(): buffer suffices (contains 81630512, requested 32768)
[11:27:26.584123] [pieusb] sane_read(): requested 32768 bytes
[11:27:26.584128] [pieusb] sane_read(): buffer suffices (contains 81597744, requested 32768)
[11:27:26.584261] [pieusb] sane_read(): requested 32768 bytes
[11:27:26.584266] [pieusb] sane_read(): buffer suffices (contains 81564976, requested 32768)
[11:27:26.584376] [pieusb] sane_read(): requested 32768 bytes
[11:27:26.584382] [pieusb] sane_read(): buffer suffices (contains 81532208, requested 32768)
[11:27:26.584494] [pieusb] sane_read(): requested 32768 bytes
[11:27:26.584499] [pieusb] sane_read(): buffer suffices (contains 81499440, requested 32768)
[11:27:26.584612] [pieusb] sane_read(): requested 32768 bytes
[11:27:26.584618] [pieusb] sane_read(): buffer suffices (contains 81466672, requested 32768)
[11:27:26.584731] [pieusb] sane_read(): requested 32768 bytes
[11:27:26.584738] [pieusb] sane_read(): buffer suffices (contains 81433904, requested 32768)
[11:27:26.584849] [pieusb] sane_read(): requested 32768 bytes
[11:27:26.584855] [pieusb] sane_read(): buffer suffices (contains 81401136, requested 32768)
[11:27:26.584969] [pieusb] sane_read(): requested 32768 bytes
[11:27:26.584975] [pieusb] sane_read(): buffer suffices (contains 81368368, requested 32768)
[11:27:26.585100] [pieusb] sane_read(): requested 32768 bytes
[11:27:26.585106] [pieusb] sane_read(): buffer suffices (contains 81335600, requested 32768)
[11:27:26.585230] [pieusb] sane_read(): requested 32768 bytes
[11:27:26.585235] [pieusb] sane_read(): buffer suffices (contains 81302832, requested 32768)
[11:27:26.585342] [pieusb] sane_read(): requested 32768 bytes
[11:27:26.585347] [pieusb] sane_read(): buffer suffices (contains 81270064, requested 32768)
[11:27:26.585454] [pieusb] sane_read(): requested 32768 bytes
[11:27:26.585459] [pieusb] sane_read(): buffer suffices (contains 81237296, requested 32768)
[11:27:26.585567] [pieusb] sane_read(): requested 32768 bytes
[11:27:26.585572] [pieusb] sane_read(): buffer suffices (contains 81204528, requested 32768)
[11:27:26.585688] [pieusb] sane_read(): requested 32768 bytes
[11:27:26.585694] [pieusb] sane_read(): buffer suffices (contains 81171760, requested 32768)
[11:27:26.585802] [pieusb] sane_read(): requested 32768 bytes
[11:27:26.585807] [pieusb] sane_read(): buffer suffices (contains 81138992, requested 32768)
[11:27:26.585915] [pieusb] sane_read(): requested 32768 bytes
[11:27:26.585920] [pieusb] sane_read(): buffer suffices (contains 81106224, requested 32768)
[11:27:26.586042] [pieusb] sane_read(): requested 32768 bytes
[11:27:26.586049] [pieusb] sane_read(): buffer suffices (contains 81073456, requested 32768)
[11:27:26.586171] [pieusb] sane_read(): requested 32768 bytes
[11:27:26.586178] [pieusb] sane_read(): buffer suffices (contains 81040688, requested 32768)
[11:27:26.586295] [pieusb] sane_read(): requested 32768 bytes
[11:27:26.586303] [pieusb] sane_read(): buffer suffices (contains 81007920, requested 32768)
[11:27:26.586420] [pieusb] sane_read(): requested 32768 bytes
[11:27:26.586426] [pieusb] sane_read(): buffer suffices (contains 80975152, requested 32768)
[11:27:26.586539] [pieusb] sane_read(): requested 32768 bytes
[11:27:26.586544] [pieusb] sane_read(): buffer suffices (contains 80942384, requested 32768)
[11:27:26.586654] [pieusb] sane_read(): requested 32768 bytes
[11:27:26.586660] [pieusb] sane_read(): buffer suffices (contains 80909616, requested 32768)
[11:27:26.586772] [pieusb] sane_read(): requested 32768 bytes
[11:27:26.586779] [pieusb] sane_read(): buffer suffices (contains 80876848, requested 32768)
[11:27:26.586891] [pieusb] sane_read(): requested 32768 bytes
[11:27:26.586897] [pieusb] sane_read(): buffer suffices (contains 80844080, requested 32768)
[11:27:26.587016] [pieusb] sane_read(): requested 32768 bytes
[11:27:26.587022] [pieusb] sane_read(): buffer suffices (contains 80811312, requested 32768)
[11:27:26.587139] [pieusb] sane_read(): requested 32768 bytes
[11:27:26.587144] [pieusb] sane_read(): buffer suffices (contains 80778544, requested 32768)
[11:27:26.587263] [pieusb] sane_read(): requested 32768 bytes
[11:27:26.587269] [pieusb] sane_read(): buffer suffices (contains 80745776, requested 32768)
[11:27:26.587385] [pieusb] sane_read(): requested 32768 bytes
[11:27:26.587389] [pieusb] sane_read(): buffer suffices (contains 80713008, requested 32768)
[11:27:26.587498] [pieusb] sane_read(): requested 32768 bytes
[11:27:26.587503] [pieusb] sane_read(): buffer suffices (contains 80680240, requested 32768)
[11:27:26.587612] [pieusb] sane_read(): requested 32768 bytes
[11:27:26.587617] [pieusb] sane_read(): buffer suffices (contains 80647472, requested 32768)
[11:27:26.587724] [pieusb] sane_read(): requested 32768 bytes
[11:27:26.587729] [pieusb] sane_read(): buffer suffices (contains 80614704, requested 32768)
[11:27:26.587837] [pieusb] sane_read(): requested 32768 bytes
[11:27:26.587842] [pieusb] sane_read(): buffer suffices (contains 80581936, requested 32768)
[11:27:26.587950] [pieusb] sane_read(): requested 32768 bytes
[11:27:26.587955] [pieusb] sane_read(): buffer suffices (contains 80549168, requested 32768)
[11:27:26.588074] [pieusb] sane_read(): requested 32768 bytes
[11:27:26.588079] [pieusb] sane_read(): buffer suffices (contains 80516400, requested 32768)
[11:27:26.588208] [pieusb] sane_read(): requested 32768 bytes
[11:27:26.588213] [pieusb] sane_read(): buffer suffices (contains 80483632, requested 32768)
[11:27:26.588321] [pieusb] sane_read(): requested 32768 bytes
[11:27:26.588325] [pieusb] sane_read(): buffer suffices (contains 80450864, requested 32768)
[11:27:26.588432] [pieusb] sane_read(): requested 32768 bytes
[11:27:26.588437] [pieusb] sane_read(): buffer suffices (contains 80418096, requested 32768)
[11:27:26.588543] [pieusb] sane_read(): requested 32768 bytes
[11:27:26.588548] [pieusb] sane_read(): buffer suffices (contains 80385328, requested 32768)
[11:27:26.588661] [pieusb] sane_read(): requested 32768 bytes
[11:27:26.588666] [pieusb] sane_read(): buffer suffices (contains 80352560, requested 32768)
[11:27:26.588773] [pieusb] sane_read(): requested 32768 bytes
[11:27:26.588778] [pieusb] sane_read(): buffer suffices (contains 80319792, requested 32768)
[11:27:26.588906] [pieusb] sane_read(): requested 32768 bytes
[11:27:26.588911] [pieusb] sane_read(): buffer suffices (contains 80287024, requested 32768)
[11:27:26.589027] [pieusb] sane_read(): requested 32768 bytes
[11:27:26.589037] [pieusb] sane_read(): buffer suffices (contains 80254256, requested 32768)
[11:27:26.589145] [pieusb] sane_read(): requested 32768 bytes
[11:27:26.589150] [pieusb] sane_read(): buffer suffices (contains 80221488, requested 32768)
[11:27:26.589257] [pieusb] sane_read(): requested 32768 bytes
[11:27:26.589261] [pieusb] sane_read(): buffer suffices (contains 80188720, requested 32768)
[11:27:26.589366] [pieusb] sane_read(): requested 32768 bytes
[11:27:26.589371] [pieusb] sane_read(): buffer suffices (contains 80155952, requested 32768)
[11:27:26.589476] [pieusb] sane_read(): requested 32768 bytes
[11:27:26.589480] [pieusb] sane_read(): buffer suffices (contains 80123184, requested 32768)
[11:27:26.589585] [pieusb] sane_read(): requested 32768 bytes
[11:27:26.589590] [pieusb] sane_read(): buffer suffices (contains 80090416, requested 32768)
[11:27:26.589699] [pieusb] sane_read(): requested 32768 bytes
[11:27:26.589704] [pieusb] sane_read(): buffer suffices (contains 80057648, requested 32768)
[11:27:26.589815] [pieusb] sane_read(): requested 32768 bytes
[11:27:26.589820] [pieusb] sane_read(): buffer suffices (contains 80024880, requested 32768)
[11:27:26.589929] [pieusb] sane_read(): requested 32768 bytes
[11:27:26.589933] [pieusb] sane_read(): buffer suffices (contains 79992112, requested 32768)
[11:27:26.590048] [pieusb] sane_read(): requested 32768 bytes
[11:27:26.590052] [pieusb] sane_read(): buffer suffices (contains 79959344, requested 32768)
[11:27:26.590159] [pieusb] sane_read(): requested 32768 bytes
[11:27:26.590163] [pieusb] sane_read(): buffer suffices (contains 79926576, requested 32768)
[11:27:26.590272] [pieusb] sane_read(): requested 32768 bytes
[11:27:26.590277] [pieusb] sane_read(): buffer suffices (contains 79893808, requested 32768)
[11:27:26.590384] [pieusb] sane_read(): requested 32768 bytes
[11:27:26.590389] [pieusb] sane_read(): buffer suffices (contains 79861040, requested 32768)
[11:27:26.590496] [pieusb] sane_read(): requested 32768 bytes
[11:27:26.590500] [pieusb] sane_read(): buffer suffices (contains 79828272, requested 32768)
[11:27:26.590607] [pieusb] sane_read(): requested 32768 bytes
[11:27:26.590612] [pieusb] sane_read(): buffer suffices (contains 79795504, requested 32768)
[11:27:26.590725] [pieusb] sane_read(): requested 32768 bytes
[11:27:26.590730] [pieusb] sane_read(): buffer suffices (contains 79762736, requested 32768)
[11:27:26.590837] [pieusb] sane_read(): requested 32768 bytes
[11:27:26.590842] [pieusb] sane_read(): buffer suffices (contains 79729968, requested 32768)
[11:27:26.590949] [pieusb] sane_read(): requested 32768 bytes
[11:27:26.590954] [pieusb] sane_read(): buffer suffices (contains 79697200, requested 32768)
[11:27:26.591068] [pieusb] sane_read(): requested 32768 bytes
[11:27:26.591073] [pieusb] sane_read(): buffer suffices (contains 79664432, requested 32768)
[11:27:26.591183] [pieusb] sane_read(): requested 32768 bytes
[11:27:26.591188] [pieusb] sane_read(): buffer suffices (contains 79631664, requested 32768)
[11:27:26.591295] [pieusb] sane_read(): requested 32768 bytes
[11:27:26.591299] [pieusb] sane_read(): buffer suffices (contains 79598896, requested 32768)
[11:27:26.591411] [pieusb] sane_read(): requested 32768 bytes
[11:27:26.591416] [pieusb] sane_read(): buffer suffices (contains 79566128, requested 32768)
[11:27:26.591528] [pieusb] sane_read(): requested 32768 bytes
[11:27:26.591532] [pieusb] sane_read(): buffer suffices (contains 79533360, requested 32768)
[11:27:26.591643] [pieusb] sane_read(): requested 32768 bytes
[11:27:26.591648] [pieusb] sane_read(): buffer suffices (contains 79500592, requested 32768)
[11:27:26.591757] [pieusb] sane_read(): requested 32768 bytes
[11:27:26.591762] [pieusb] sane_read(): buffer suffices (contains 79467824, requested 32768)
[11:27:26.591873] [pieusb] sane_read(): requested 32768 bytes
[11:27:26.591878] [pieusb] sane_read(): buffer suffices (contains 79435056, requested 32768)
[11:27:26.591997] [pieusb] sane_read(): requested 32768 bytes
[11:27:26.592002] [pieusb] sane_read(): buffer suffices (contains 79402288, requested 32768)
[11:27:26.592112] [pieusb] sane_read(): requested 32768 bytes
[11:27:26.592117] [pieusb] sane_read(): buffer suffices (contains 79369520, requested 32768)
[11:27:26.592224] [pieusb] sane_read(): requested 32768 bytes
[11:27:26.592229] [pieusb] sane_read(): buffer suffices (contains 79336752, requested 32768)
[11:27:26.592338] [pieusb] sane_read(): requested 32768 bytes
[11:27:26.592344] [pieusb] sane_read(): buffer suffices (contains 79303984, requested 32768)
[11:27:26.592454] [pieusb] sane_read(): requested 32768 bytes
[11:27:26.592460] [pieusb] sane_read(): buffer suffices (contains 79271216, requested 32768)
[11:27:26.592572] [pieusb] sane_read(): requested 32768 bytes
[11:27:26.592577] [pieusb] sane_read(): buffer suffices (contains 79238448, requested 32768)
[11:27:26.592686] [pieusb] sane_read(): requested 32768 bytes
[11:27:26.592691] [pieusb] sane_read(): buffer suffices (contains 79205680, requested 32768)
[11:27:26.592801] [pieusb] sane_read(): requested 32768 bytes
[11:27:26.592806] [pieusb] sane_read(): buffer suffices (contains 79172912, requested 32768)
[11:27:26.592913] [pieusb] sane_read(): requested 32768 bytes
[11:27:26.592918] [pieusb] sane_read(): buffer suffices (contains 79140144, requested 32768)
[11:27:26.593037] [pieusb] sane_read(): requested 32768 bytes
[11:27:26.593042] [pieusb] sane_read(): buffer suffices (contains 79107376, requested 32768)
[11:27:26.593153] [pieusb] sane_read(): requested 32768 bytes
[11:27:26.593158] [pieusb] sane_read(): buffer suffices (contains 79074608, requested 32768)
[11:27:26.593269] [pieusb] sane_read(): requested 32768 bytes
[11:27:26.593273] [pieusb] sane_read(): buffer suffices (contains 79041840, requested 32768)
[11:27:26.593380] [pieusb] sane_read(): requested 32768 bytes
[11:27:26.593385] [pieusb] sane_read(): buffer suffices (contains 79009072, requested 32768)
[11:27:26.593491] [pieusb] sane_read(): requested 32768 bytes
[11:27:26.593496] [pieusb] sane_read(): buffer suffices (contains 78976304, requested 32768)
[11:27:26.593615] [pieusb] sane_read(): requested 32768 bytes
[11:27:26.593621] [pieusb] sane_read(): buffer suffices (contains 78943536, requested 32768)
[11:27:26.593741] [pieusb] sane_read(): requested 32768 bytes
[11:27:26.593749] [pieusb] sane_read(): buffer suffices (contains 78910768, requested 32768)
[11:27:26.593856] [pieusb] sane_read(): requested 32768 bytes
[11:27:26.593860] [pieusb] sane_read(): buffer suffices (contains 78878000, requested 32768)
[11:27:26.593967] [pieusb] sane_read(): requested 32768 bytes
[11:27:26.593972] [pieusb] sane_read(): buffer suffices (contains 78845232, requested 32768)
[11:27:26.594085] [pieusb] sane_read(): requested 32768 bytes
[11:27:26.594090] [pieusb] sane_read(): buffer suffices (contains 78812464, requested 32768)
[11:27:26.594197] [pieusb] sane_read(): requested 32768 bytes
[11:27:26.594201] [pieusb] sane_read(): buffer suffices (contains 78779696, requested 32768)
[11:27:26.594315] [pieusb] sane_read(): requested 32768 bytes
[11:27:26.594319] [pieusb] sane_read(): buffer suffices (contains 78746928, requested 32768)
[11:27:26.594427] [pieusb] sane_read(): requested 32768 bytes
[11:27:26.594432] [pieusb] sane_read(): buffer suffices (contains 78714160, requested 32768)
[11:27:26.594539] [pieusb] sane_read(): requested 32768 bytes
[11:27:26.594544] [pieusb] sane_read(): buffer suffices (contains 78681392, requested 32768)
[11:27:26.594651] [pieusb] sane_read(): requested 32768 bytes
[11:27:26.594655] [pieusb] sane_read(): buffer suffices (contains 78648624, requested 32768)
[11:27:26.594763] [pieusb] sane_read(): requested 32768 bytes
[11:27:26.594768] [pieusb] sane_read(): buffer suffices (contains 78615856, requested 32768)
[11:27:26.594874] [pieusb] sane_read(): requested 32768 bytes
[11:27:26.594879] [pieusb] sane_read(): buffer suffices (contains 78583088, requested 32768)
[11:27:26.594991] [pieusb] sane_read(): requested 32768 bytes
[11:27:26.594996] [pieusb] sane_read(): buffer suffices (contains 78550320, requested 32768)
[11:27:26.595104] [pieusb] sane_read(): requested 32768 bytes
[11:27:26.595109] [pieusb] sane_read(): buffer suffices (contains 78517552, requested 32768)
[11:27:26.595215] [pieusb] sane_read(): requested 32768 bytes
[11:27:26.595220] [pieusb] sane_read(): buffer suffices (contains 78484784, requested 32768)
[11:27:26.595329] [pieusb] sane_read(): requested 32768 bytes
[11:27:26.595333] [pieusb] sane_read(): buffer suffices (contains 78452016, requested 32768)
[11:27:26.595441] [pieusb] sane_read(): requested 32768 bytes
[11:27:26.595446] [pieusb] sane_read(): buffer suffices (contains 78419248, requested 32768)
[11:27:26.595553] [pieusb] sane_read(): requested 32768 bytes
[11:27:26.595558] [pieusb] sane_read(): buffer suffices (contains 78386480, requested 32768)
[11:27:26.595664] [pieusb] sane_read(): requested 32768 bytes
[11:27:26.595669] [pieusb] sane_read(): buffer suffices (contains 78353712, requested 32768)
[11:27:26.595775] [pieusb] sane_read(): requested 32768 bytes
[11:27:26.595780] [pieusb] sane_read(): buffer suffices (contains 78320944, requested 32768)
[11:27:26.595888] [pieusb] sane_read(): requested 32768 bytes
[11:27:26.595893] [pieusb] sane_read(): buffer suffices (contains 78288176, requested 32768)
[11:27:26.596007] [pieusb] sane_read(): requested 32768 bytes
[11:27:26.596011] [pieusb] sane_read(): buffer suffices (contains 78255408, requested 32768)
[11:27:26.596118] [pieusb] sane_read(): requested 32768 bytes
[11:27:26.596123] [pieusb] sane_read(): buffer suffices (contains 78222640, requested 32768)
[11:27:26.596231] [pieusb] sane_read(): requested 32768 bytes
[11:27:26.596236] [pieusb] sane_read(): buffer suffices (contains 78189872, requested 32768)
[11:27:26.596342] [pieusb] sane_read(): requested 32768 bytes
[11:27:26.596347] [pieusb] sane_read(): buffer suffices (contains 78157104, requested 32768)
[11:27:26.596455] [pieusb] sane_read(): requested 32768 bytes
[11:27:26.596459] [pieusb] sane_read(): buffer suffices (contains 78124336, requested 32768)
[11:27:26.596566] [pieusb] sane_read(): requested 32768 bytes
[11:27:26.596571] [pieusb] sane_read(): buffer suffices (contains 78091568, requested 32768)
[11:27:26.596680] [pieusb] sane_read(): requested 32768 bytes
[11:27:26.596685] [pieusb] sane_read(): buffer suffices (contains 78058800, requested 32768)
[11:27:26.596791] [pieusb] sane_read(): requested 32768 bytes
[11:27:26.596796] [pieusb] sane_read(): buffer suffices (contains 78026032, requested 32768)
[11:27:26.596903] [pieusb] sane_read(): requested 32768 bytes
[11:27:26.596907] [pieusb] sane_read(): buffer suffices (contains 77993264, requested 32768)
[11:27:26.597022] [pieusb] sane_read(): requested 32768 bytes
[11:27:26.597027] [pieusb] sane_read(): buffer suffices (contains 77960496, requested 32768)
[11:27:26.597135] [pieusb] sane_read(): requested 32768 bytes
[11:27:26.597140] [pieusb] sane_read(): buffer suffices (contains 77927728, requested 32768)
[11:27:26.597247] [pieusb] sane_read(): requested 32768 bytes
[11:27:26.597251] [pieusb] sane_read(): buffer suffices (contains 77894960, requested 32768)
[11:27:26.597358] [pieusb] sane_read(): requested 32768 bytes
[11:27:26.597363] [pieusb] sane_read(): buffer suffices (contains 77862192, requested 32768)
[11:27:26.597469] [pieusb] sane_read(): requested 32768 bytes
[11:27:26.597474] [pieusb] sane_read(): buffer suffices (contains 77829424, requested 32768)
[11:27:26.597584] [pieusb] sane_read(): requested 32768 bytes
[11:27:26.597589] [pieusb] sane_read(): buffer suffices (contains 77796656, requested 32768)
[11:27:26.597695] [pieusb] sane_read(): requested 32768 bytes
[11:27:26.597700] [pieusb] sane_read(): buffer suffices (contains 77763888, requested 32768)
[11:27:26.597812] [pieusb] sane_read(): requested 32768 bytes
[11:27:26.597817] [pieusb] sane_read(): buffer suffices (contains 77731120, requested 32768)
[11:27:26.597924] [pieusb] sane_read(): requested 32768 bytes
[11:27:26.597929] [pieusb] sane_read(): buffer suffices (contains 77698352, requested 32768)
[11:27:26.598043] [pieusb] sane_read(): requested 32768 bytes
[11:27:26.598048] [pieusb] sane_read(): buffer suffices (contains 77665584, requested 32768)
[11:27:26.598157] [pieusb] sane_read(): requested 32768 bytes
[11:27:26.598161] [pieusb] sane_read(): buffer suffices (contains 77632816, requested 32768)
[11:27:26.598268] [pieusb] sane_read(): requested 32768 bytes
[11:27:26.598273] [pieusb] sane_read(): buffer suffices (contains 77600048, requested 32768)
[11:27:26.598383] [pieusb] sane_read(): requested 32768 bytes
[11:27:26.598387] [pieusb] sane_read(): buffer suffices (contains 77567280, requested 32768)
[11:27:26.598494] [pieusb] sane_read(): requested 32768 bytes
[11:27:26.598498] [pieusb] sane_read(): buffer suffices (contains 77534512, requested 32768)
[11:27:26.598606] [pieusb] sane_read(): requested 32768 bytes
[11:27:26.598610] [pieusb] sane_read(): buffer suffices (contains 77501744, requested 32768)
[11:27:26.598718] [pieusb] sane_read(): requested 32768 bytes
[11:27:26.598723] [pieusb] sane_read(): buffer suffices (contains 77468976, requested 32768)
[11:27:26.598830] [pieusb] sane_read(): requested 32768 bytes
[11:27:26.598835] [pieusb] sane_read(): buffer suffices (contains 77436208, requested 32768)
[11:27:26.598942] [pieusb] sane_read(): requested 32768 bytes
[11:27:26.598947] [pieusb] sane_read(): buffer suffices (contains 77403440, requested 32768)
[11:27:26.599060] [pieusb] sane_read(): requested 32768 bytes
[11:27:26.599065] [pieusb] sane_read(): buffer suffices (contains 77370672, requested 32768)
[11:27:26.599175] [pieusb] sane_read(): requested 32768 bytes
[11:27:26.599179] [pieusb] sane_read(): buffer suffices (contains 77337904, requested 32768)
[11:27:26.599286] [pieusb] sane_read(): requested 32768 bytes
[11:27:26.599291] [pieusb] sane_read(): buffer suffices (contains 77305136, requested 32768)
[11:27:26.599398] [pieusb] sane_read(): requested 32768 bytes
[11:27:26.599402] [pieusb] sane_read(): buffer suffices (contains 77272368, requested 32768)
[11:27:26.599510] [pieusb] sane_read(): requested 32768 bytes
[11:27:26.599515] [pieusb] sane_read(): buffer suffices (contains 77239600, requested 32768)
[11:27:26.599622] [pieusb] sane_read(): requested 32768 bytes
[11:27:26.599626] [pieusb] sane_read(): buffer suffices (contains 77206832, requested 32768)
[11:27:26.599735] [pieusb] sane_read(): requested 32768 bytes
[11:27:26.599739] [pieusb] sane_read(): buffer suffices (contains 77174064, requested 32768)
[11:27:26.599846] [pieusb] sane_read(): requested 32768 bytes
[11:27:26.599851] [pieusb] sane_read(): buffer suffices (contains 77141296, requested 32768)
[11:27:26.599959] [pieusb] sane_read(): requested 32768 bytes
[11:27:26.599964] [pieusb] sane_read(): buffer suffices (contains 77108528, requested 32768)
[11:27:26.600090] [pieusb] sane_read(): requested 32768 bytes
[11:27:26.600095] [pieusb] sane_read(): buffer suffices (contains 77075760, requested 32768)
[11:27:26.600203] [pieusb] sane_read(): requested 32768 bytes
[11:27:26.600208] [pieusb] sane_read(): buffer suffices (contains 77042992, requested 32768)
[11:27:26.600319] [pieusb] sane_read(): requested 32768 bytes
[11:27:26.600323] [pieusb] sane_read(): buffer suffices (contains 77010224, requested 32768)
[11:27:26.600431] [pieusb] sane_read(): requested 32768 bytes
[11:27:26.600435] [pieusb] sane_read(): buffer suffices (contains 76977456, requested 32768)
[11:27:26.600545] [pieusb] sane_read(): requested 32768 bytes
[11:27:26.600550] [pieusb] sane_read(): buffer suffices (contains 76944688, requested 32768)
[11:27:26.600662] [pieusb] sane_read(): requested 32768 bytes
[11:27:26.600667] [pieusb] sane_read(): buffer suffices (contains 76911920, requested 32768)
[11:27:26.600779] [pieusb] sane_read(): requested 32768 bytes
[11:27:26.600785] [pieusb] sane_read(): buffer suffices (contains 76879152, requested 32768)
[11:27:26.600898] [pieusb] sane_read(): requested 32768 bytes
[11:27:26.600904] [pieusb] sane_read(): buffer suffices (contains 76846384, requested 32768)
[11:27:26.601025] [pieusb] sane_read(): requested 32768 bytes
[11:27:26.601031] [pieusb] sane_read(): buffer suffices (contains 76813616, requested 32768)
[11:27:26.601144] [pieusb] sane_read(): requested 32768 bytes
[11:27:26.601150] [pieusb] sane_read(): buffer suffices (contains 76780848, requested 32768)
[11:27:26.601266] [pieusb] sane_read(): requested 32768 bytes
[11:27:26.601273] [pieusb] sane_read(): buffer suffices (contains 76748080, requested 32768)
[11:27:26.601390] [pieusb] sane_read(): requested 32768 bytes
[11:27:26.601396] [pieusb] sane_read(): buffer suffices (contains 76715312, requested 32768)
[11:27:26.601506] [pieusb] sane_read(): requested 32768 bytes
[11:27:26.601512] [pieusb] sane_read(): buffer suffices (contains 76682544, requested 32768)
[11:27:26.601622] [pieusb] sane_read(): requested 32768 bytes
[11:27:26.601627] [pieusb] sane_read(): buffer suffices (contains 76649776, requested 32768)
[11:27:26.601737] [pieusb] sane_read(): requested 32768 bytes
[11:27:26.601743] [pieusb] sane_read(): buffer suffices (contains 76617008, requested 32768)
[11:27:26.601854] [pieusb] sane_read(): requested 32768 bytes
[11:27:26.601859] [pieusb] sane_read(): buffer suffices (contains 76584240, requested 32768)
[11:27:26.601968] [pieusb] sane_read(): requested 32768 bytes
[11:27:26.601973] [pieusb] sane_read(): buffer suffices (contains 76551472, requested 32768)
[11:27:26.602096] [pieusb] sane_read(): requested 32768 bytes
[11:27:26.602101] [pieusb] sane_read(): buffer suffices (contains 76518704, requested 32768)
[11:27:26.602210] [pieusb] sane_read(): requested 32768 bytes
[11:27:26.602215] [pieusb] sane_read(): buffer suffices (contains 76485936, requested 32768)
[11:27:26.602326] [pieusb] sane_read(): requested 32768 bytes
[11:27:26.602331] [pieusb] sane_read(): buffer suffices (contains 76453168, requested 32768)
[11:27:26.602438] [pieusb] sane_read(): requested 32768 bytes
[11:27:26.602443] [pieusb] sane_read(): buffer suffices (contains 76420400, requested 32768)
[11:27:26.602555] [pieusb] sane_read(): requested 32768 bytes
[11:27:26.602561] [pieusb] sane_read(): buffer suffices (contains 76387632, requested 32768)
[11:27:26.602672] [pieusb] sane_read(): requested 32768 bytes
[11:27:26.602677] [pieusb] sane_read(): buffer suffices (contains 76354864, requested 32768)
[11:27:26.602789] [pieusb] sane_read(): requested 32768 bytes
[11:27:26.602794] [pieusb] sane_read(): buffer suffices (contains 76322096, requested 32768)
[11:27:26.602903] [pieusb] sane_read(): requested 32768 bytes
[11:27:26.602909] [pieusb] sane_read(): buffer suffices (contains 76289328, requested 32768)
[11:27:26.603028] [pieusb] sane_read(): requested 32768 bytes
[11:27:26.603034] [pieusb] sane_read(): buffer suffices (contains 76256560, requested 32768)
[11:27:26.603143] [pieusb] sane_read(): requested 32768 bytes
[11:27:26.603148] [pieusb] sane_read(): buffer suffices (contains 76223792, requested 32768)
[11:27:26.603265] [pieusb] sane_read(): requested 32768 bytes
[11:27:26.603271] [pieusb] sane_read(): buffer suffices (contains 76191024, requested 32768)
[11:27:26.603384] [pieusb] sane_read(): requested 32768 bytes
[11:27:26.603392] [pieusb] sane_read(): buffer suffices (contains 76158256, requested 32768)
[11:27:26.603502] [pieusb] sane_read(): requested 32768 bytes
[11:27:26.603508] [pieusb] sane_read(): buffer suffices (contains 76125488, requested 32768)
[11:27:26.603622] [pieusb] sane_read(): requested 32768 bytes
[11:27:26.603628] [pieusb] sane_read(): buffer suffices (contains 76092720, requested 32768)
[11:27:26.603738] [pieusb] sane_read(): requested 32768 bytes
[11:27:26.603744] [pieusb] sane_read(): buffer suffices (contains 76059952, requested 32768)
[11:27:26.603852] [pieusb] sane_read(): requested 32768 bytes
[11:27:26.603858] [pieusb] sane_read(): buffer suffices (contains 76027184, requested 32768)
[11:27:26.603966] [pieusb] sane_read(): requested 32768 bytes
[11:27:26.603971] [pieusb] sane_read(): buffer suffices (contains 75994416, requested 32768)
[11:27:26.604086] [pieusb] sane_read(): requested 32768 bytes
[11:27:26.604092] [pieusb] sane_read(): buffer suffices (contains 75961648, requested 32768)
[11:27:26.604199] [pieusb] sane_read(): requested 32768 bytes
[11:27:26.604203] [pieusb] sane_read(): buffer suffices (contains 75928880, requested 32768)
[11:27:26.604313] [pieusb] sane_read(): requested 32768 bytes
[11:27:26.604317] [pieusb] sane_read(): buffer suffices (contains 75896112, requested 32768)
[11:27:26.604424] [pieusb] sane_read(): requested 32768 bytes
[11:27:26.604429] [pieusb] sane_read(): buffer suffices (contains 75863344, requested 32768)
[11:27:26.604537] [pieusb] sane_read(): requested 32768 bytes
[11:27:26.604542] [pieusb] sane_read(): buffer suffices (contains 75830576, requested 32768)
[11:27:26.604648] [pieusb] sane_read(): requested 32768 bytes
[11:27:26.604653] [pieusb] sane_read(): buffer suffices (contains 75797808, requested 32768)
[11:27:26.604761] [pieusb] sane_read(): requested 32768 bytes
[11:27:26.604766] [pieusb] sane_read(): buffer suffices (contains 75765040, requested 32768)
[11:27:26.604875] [pieusb] sane_read(): requested 32768 bytes
[11:27:26.604880] [pieusb] sane_read(): buffer suffices (contains 75732272, requested 32768)
[11:27:26.605004] [pieusb] sane_read(): requested 32768 bytes
[11:27:26.605009] [pieusb] sane_read(): buffer suffices (contains 75699504, requested 32768)
[11:27:26.605117] [pieusb] sane_read(): requested 32768 bytes
[11:27:26.605121] [pieusb] sane_read(): buffer suffices (contains 75666736, requested 32768)
[11:27:26.605229] [pieusb] sane_read(): requested 32768 bytes
[11:27:26.605234] [pieusb] sane_read(): buffer suffices (contains 75633968, requested 32768)
[11:27:26.605345] [pieusb] sane_read(): requested 32768 bytes
[11:27:26.605350] [pieusb] sane_read(): buffer suffices (contains 75601200, requested 32768)
[11:27:26.605462] [pieusb] sane_read(): requested 32768 bytes
[11:27:26.605466] [pieusb] sane_read(): buffer suffices (contains 75568432, requested 32768)
[11:27:26.605574] [pieusb] sane_read(): requested 32768 bytes
[11:27:26.605579] [pieusb] sane_read(): buffer suffices (contains 75535664, requested 32768)
[11:27:26.605685] [pieusb] sane_read(): requested 32768 bytes
[11:27:26.605690] [pieusb] sane_read(): buffer suffices (contains 75502896, requested 32768)
[11:27:26.605797] [pieusb] sane_read(): requested 32768 bytes
[11:27:26.605802] [pieusb] sane_read(): buffer suffices (contains 75470128, requested 32768)
[11:27:26.605909] [pieusb] sane_read(): requested 32768 bytes
[11:27:26.605914] [pieusb] sane_read(): buffer suffices (contains 75437360, requested 32768)
[11:27:26.606032] [pieusb] sane_read(): requested 32768 bytes
[11:27:26.606037] [pieusb] sane_read(): buffer suffices (contains 75404592, requested 32768)
[11:27:26.606145] [pieusb] sane_read(): requested 32768 bytes
[11:27:26.606150] [pieusb] sane_read(): buffer suffices (contains 75371824, requested 32768)
[11:27:26.606259] [pieusb] sane_read(): requested 32768 bytes
[11:27:26.606264] [pieusb] sane_read(): buffer suffices (contains 75339056, requested 32768)
[11:27:26.606373] [pieusb] sane_read(): requested 32768 bytes
[11:27:26.606378] [pieusb] sane_read(): buffer suffices (contains 75306288, requested 32768)
[11:27:26.606486] [pieusb] sane_read(): requested 32768 bytes
[11:27:26.606492] [pieusb] sane_read(): buffer suffices (contains 75273520, requested 32768)
[11:27:26.606604] [pieusb] sane_read(): requested 32768 bytes
[11:27:26.606608] [pieusb] sane_read(): buffer suffices (contains 75240752, requested 32768)
[11:27:26.606717] [pieusb] sane_read(): requested 32768 bytes
[11:27:26.606722] [pieusb] sane_read(): buffer suffices (contains 75207984, requested 32768)
[11:27:26.606830] [pieusb] sane_read(): requested 32768 bytes
[11:27:26.606835] [pieusb] sane_read(): buffer suffices (contains 75175216, requested 32768)
[11:27:26.606944] [pieusb] sane_read(): requested 32768 bytes
[11:27:26.606949] [pieusb] sane_read(): buffer suffices (contains 75142448, requested 32768)
[11:27:26.607075] [pieusb] sane_read(): requested 32768 bytes
[11:27:26.607081] [pieusb] sane_read(): buffer suffices (contains 75109680, requested 32768)
[11:27:26.607192] [pieusb] sane_read(): requested 32768 bytes
[11:27:26.607196] [pieusb] sane_read(): buffer suffices (contains 75076912, requested 32768)
[11:27:26.607304] [pieusb] sane_read(): requested 32768 bytes
[11:27:26.607308] [pieusb] sane_read(): buffer suffices (contains 75044144, requested 32768)
[11:27:26.607414] [pieusb] sane_read(): requested 32768 bytes
[11:27:26.607419] [pieusb] sane_read(): buffer suffices (contains 75011376, requested 32768)
[11:27:26.607526] [pieusb] sane_read(): requested 32768 bytes
[11:27:26.607531] [pieusb] sane_read(): buffer suffices (contains 74978608, requested 32768)
[11:27:26.607638] [pieusb] sane_read(): requested 32768 bytes
[11:27:26.607643] [pieusb] sane_read(): buffer suffices (contains 74945840, requested 32768)
[11:27:26.607750] [pieusb] sane_read(): requested 32768 bytes
[11:27:26.607755] [pieusb] sane_read(): buffer suffices (contains 74913072, requested 32768)
[11:27:26.607862] [pieusb] sane_read(): requested 32768 bytes
[11:27:26.607867] [pieusb] sane_read(): buffer suffices (contains 74880304, requested 32768)
[11:27:26.607975] [pieusb] sane_read(): requested 32768 bytes
[11:27:26.607979] [pieusb] sane_read(): buffer suffices (contains 74847536, requested 32768)
[11:27:26.608093] [pieusb] sane_read(): requested 32768 bytes
[11:27:26.608097] [pieusb] sane_read(): buffer suffices (contains 74814768, requested 32768)
[11:27:26.608206] [pieusb] sane_read(): requested 32768 bytes
[11:27:26.608211] [pieusb] sane_read(): buffer suffices (contains 74782000, requested 32768)
[11:27:26.608318] [pieusb] sane_read(): requested 32768 bytes
[11:27:26.608323] [pieusb] sane_read(): buffer suffices (contains 74749232, requested 32768)
[11:27:26.608430] [pieusb] sane_read(): requested 32768 bytes
[11:27:26.608435] [pieusb] sane_read(): buffer suffices (contains 74716464, requested 32768)
[11:27:26.608547] [pieusb] sane_read(): requested 32768 bytes
[11:27:26.608552] [pieusb] sane_read(): buffer suffices (contains 74683696, requested 32768)
[11:27:26.608660] [pieusb] sane_read(): requested 32768 bytes
[11:27:26.608665] [pieusb] sane_read(): buffer suffices (contains 74650928, requested 32768)
[11:27:26.608775] [pieusb] sane_read(): requested 32768 bytes
[11:27:26.608780] [pieusb] sane_read(): buffer suffices (contains 74618160, requested 32768)
[11:27:26.608886] [pieusb] sane_read(): requested 32768 bytes
[11:27:26.608891] [pieusb] sane_read(): buffer suffices (contains 74585392, requested 32768)
[11:27:26.609003] [pieusb] sane_read(): requested 32768 bytes
[11:27:26.609008] [pieusb] sane_read(): buffer suffices (contains 74552624, requested 32768)
[11:27:26.609115] [pieusb] sane_read(): requested 32768 bytes
[11:27:26.609119] [pieusb] sane_read(): buffer suffices (contains 74519856, requested 32768)
[11:27:26.609226] [pieusb] sane_read(): requested 32768 bytes
[11:27:26.609231] [pieusb] sane_read(): buffer suffices (contains 74487088, requested 32768)
[11:27:26.609341] [pieusb] sane_read(): requested 32768 bytes
[11:27:26.609346] [pieusb] sane_read(): buffer suffices (contains 74454320, requested 32768)
[11:27:26.609454] [pieusb] sane_read(): requested 32768 bytes
[11:27:26.609459] [pieusb] sane_read(): buffer suffices (contains 74421552, requested 32768)
[11:27:26.609566] [pieusb] sane_read(): requested 32768 bytes
[11:27:26.609570] [pieusb] sane_read(): buffer suffices (contains 74388784, requested 32768)
[11:27:26.609677] [pieusb] sane_read(): requested 32768 bytes
[11:27:26.609682] [pieusb] sane_read(): buffer suffices (contains 74356016, requested 32768)
[11:27:26.609789] [pieusb] sane_read(): requested 32768 bytes
[11:27:26.609794] [pieusb] sane_read(): buffer suffices (contains 74323248, requested 32768)
[11:27:26.609902] [pieusb] sane_read(): requested 32768 bytes
[11:27:26.609907] [pieusb] sane_read(): buffer suffices (contains 74290480, requested 32768)
[11:27:26.610022] [pieusb] sane_read(): requested 32768 bytes
[11:27:26.610027] [pieusb] sane_read(): buffer suffices (contains 74257712, requested 32768)
[11:27:26.610134] [pieusb] sane_read(): requested 32768 bytes
[11:27:26.610139] [pieusb] sane_read(): buffer suffices (contains 74224944, requested 32768)
[11:27:26.610246] [pieusb] sane_read(): requested 32768 bytes
[11:27:26.610251] [pieusb] sane_read(): buffer suffices (contains 74192176, requested 32768)
[11:27:26.610357] [pieusb] sane_read(): requested 32768 bytes
[11:27:26.610361] [pieusb] sane_read(): buffer suffices (contains 74159408, requested 32768)
[11:27:26.610472] [pieusb] sane_read(): requested 32768 bytes
[11:27:26.610476] [pieusb] sane_read(): buffer suffices (contains 74126640, requested 32768)
[11:27:26.610584] [pieusb] sane_read(): requested 32768 bytes
[11:27:26.610589] [pieusb] sane_read(): buffer suffices (contains 74093872, requested 32768)
[11:27:26.610696] [pieusb] sane_read(): requested 32768 bytes
[11:27:26.610701] [pieusb] sane_read(): buffer suffices (contains 74061104, requested 32768)
[11:27:26.610808] [pieusb] sane_read(): requested 32768 bytes
[11:27:26.610813] [pieusb] sane_read(): buffer suffices (contains 74028336, requested 32768)
[11:27:26.610921] [pieusb] sane_read(): requested 32768 bytes
[11:27:26.610926] [pieusb] sane_read(): buffer suffices (contains 73995568, requested 32768)
[11:27:26.611038] [pieusb] sane_read(): requested 32768 bytes
[11:27:26.611043] [pieusb] sane_read(): buffer suffices (contains 73962800, requested 32768)
[11:27:26.611149] [pieusb] sane_read(): requested 32768 bytes
[11:27:26.611154] [pieusb] sane_read(): buffer suffices (contains 73930032, requested 32768)
[11:27:26.611261] [pieusb] sane_read(): requested 32768 bytes
[11:27:26.611265] [pieusb] sane_read(): buffer suffices (contains 73897264, requested 32768)
[11:27:26.611374] [pieusb] sane_read(): requested 32768 bytes
[11:27:26.611378] [pieusb] sane_read(): buffer suffices (contains 73864496, requested 32768)
[11:27:26.611484] [pieusb] sane_read(): requested 32768 bytes
[11:27:26.611489] [pieusb] sane_read(): buffer suffices (contains 73831728, requested 32768)
[11:27:26.611597] [pieusb] sane_read(): requested 32768 bytes
[11:27:26.611602] [pieusb] sane_read(): buffer suffices (contains 73798960, requested 32768)
[11:27:26.611708] [pieusb] sane_read(): requested 32768 bytes
[11:27:26.611713] [pieusb] sane_read(): buffer suffices (contains 73766192, requested 32768)
[11:27:26.611820] [pieusb] sane_read(): requested 32768 bytes
[11:27:26.611825] [pieusb] sane_read(): buffer suffices (contains 73733424, requested 32768)
[11:27:26.611932] [pieusb] sane_read(): requested 32768 bytes
[11:27:26.611936] [pieusb] sane_read(): buffer suffices (contains 73700656, requested 32768)
[11:27:26.612055] [pieusb] sane_read(): requested 32768 bytes
[11:27:26.612059] [pieusb] sane_read(): buffer suffices (contains 73667888, requested 32768)
[11:27:26.612169] [pieusb] sane_read(): requested 32768 bytes
[11:27:26.612174] [pieusb] sane_read(): buffer suffices (contains 73635120, requested 32768)
[11:27:26.612281] [pieusb] sane_read(): requested 32768 bytes
[11:27:26.612286] [pieusb] sane_read(): buffer suffices (contains 73602352, requested 32768)
[11:27:26.612393] [pieusb] sane_read(): requested 32768 bytes
[11:27:26.612398] [pieusb] sane_read(): buffer suffices (contains 73569584, requested 32768)
[11:27:26.612504] [pieusb] sane_read(): requested 32768 bytes
[11:27:26.612509] [pieusb] sane_read(): buffer suffices (contains 73536816, requested 32768)
[11:27:26.612617] [pieusb] sane_read(): requested 32768 bytes
[11:27:26.612621] [pieusb] sane_read(): buffer suffices (contains 73504048, requested 32768)
[11:27:26.612729] [pieusb] sane_read(): requested 32768 bytes
[11:27:26.612733] [pieusb] sane_read(): buffer suffices (contains 73471280, requested 32768)
[11:27:26.612840] [pieusb] sane_read(): requested 32768 bytes
[11:27:26.612844] [pieusb] sane_read(): buffer suffices (contains 73438512, requested 32768)
[11:27:26.612952] [pieusb] sane_read(): requested 32768 bytes
[11:27:26.612956] [pieusb] sane_read(): buffer suffices (contains 73405744, requested 32768)
[11:27:26.613069] [pieusb] sane_read(): requested 32768 bytes
[11:27:26.613074] [pieusb] sane_read(): buffer suffices (contains 73372976, requested 32768)
[11:27:26.613182] [pieusb] sane_read(): requested 32768 bytes
[11:27:26.613187] [pieusb] sane_read(): buffer suffices (contains 73340208, requested 32768)
[11:27:26.613294] [pieusb] sane_read(): requested 32768 bytes
[11:27:26.613299] [pieusb] sane_read(): buffer suffices (contains 73307440, requested 32768)
[11:27:26.613407] [pieusb] sane_read(): requested 32768 bytes
[11:27:26.613411] [pieusb] sane_read(): buffer suffices (contains 73274672, requested 32768)
[11:27:26.613518] [pieusb] sane_read(): requested 32768 bytes
[11:27:26.613523] [pieusb] sane_read(): buffer suffices (contains 73241904, requested 32768)
[11:27:26.613631] [pieusb] sane_read(): requested 32768 bytes
[11:27:26.613636] [pieusb] sane_read(): buffer suffices (contains 73209136, requested 32768)
[11:27:26.613744] [pieusb] sane_read(): requested 32768 bytes
[11:27:26.613748] [pieusb] sane_read(): buffer suffices (contains 73176368, requested 32768)
[11:27:26.613858] [pieusb] sane_read(): requested 32768 bytes
[11:27:26.613862] [pieusb] sane_read(): buffer suffices (contains 73143600, requested 32768)
[11:27:26.613969] [pieusb] sane_read(): requested 32768 bytes
[11:27:26.613974] [pieusb] sane_read(): buffer suffices (contains 73110832, requested 32768)
[11:27:26.614086] [pieusb] sane_read(): requested 32768 bytes
[11:27:26.614091] [pieusb] sane_read(): buffer suffices (contains 73078064, requested 32768)
[11:27:26.614197] [pieusb] sane_read(): requested 32768 bytes
[11:27:26.614202] [pieusb] sane_read(): buffer suffices (contains 73045296, requested 32768)
[11:27:26.614311] [pieusb] sane_read(): requested 32768 bytes
[11:27:26.614315] [pieusb] sane_read(): buffer suffices (contains 73012528, requested 32768)
[11:27:26.614423] [pieusb] sane_read(): requested 32768 bytes
[11:27:26.614427] [pieusb] sane_read(): buffer suffices (contains 72979760, requested 32768)
[11:27:26.614536] [pieusb] sane_read(): requested 32768 bytes
[11:27:26.614540] [pieusb] sane_read(): buffer suffices (contains 72946992, requested 32768)
[11:27:26.614648] [pieusb] sane_read(): requested 32768 bytes
[11:27:26.614652] [pieusb] sane_read(): buffer suffices (contains 72914224, requested 32768)
[11:27:26.614759] [pieusb] sane_read(): requested 32768 bytes
[11:27:26.614764] [pieusb] sane_read(): buffer suffices (contains 72881456, requested 32768)
[11:27:26.614872] [pieusb] sane_read(): requested 32768 bytes
[11:27:26.614877] [pieusb] sane_read(): buffer suffices (contains 72848688, requested 32768)
[11:27:26.614988] [pieusb] sane_read(): requested 32768 bytes
[11:27:26.614992] [pieusb] sane_read(): buffer suffices (contains 72815920, requested 32768)
[11:27:26.615101] [pieusb] sane_read(): requested 32768 bytes
[11:27:26.615105] [pieusb] sane_read(): buffer suffices (contains 72783152, requested 32768)
[11:27:26.615212] [pieusb] sane_read(): requested 32768 bytes
[11:27:26.615217] [pieusb] sane_read(): buffer suffices (contains 72750384, requested 32768)
[11:27:26.615324] [pieusb] sane_read(): requested 32768 bytes
[11:27:26.615329] [pieusb] sane_read(): buffer suffices (contains 72717616, requested 32768)
[11:27:26.615439] [pieusb] sane_read(): requested 32768 bytes
[11:27:26.615443] [pieusb] sane_read(): buffer suffices (contains 72684848, requested 32768)
[11:27:26.615558] [pieusb] sane_read(): requested 32768 bytes
[11:27:26.615562] [pieusb] sane_read(): buffer suffices (contains 72652080, requested 32768)
[11:27:26.615669] [pieusb] sane_read(): requested 32768 bytes
[11:27:26.615674] [pieusb] sane_read(): buffer suffices (contains 72619312, requested 32768)
[11:27:26.615781] [pieusb] sane_read(): requested 32768 bytes
[11:27:26.615786] [pieusb] sane_read(): buffer suffices (contains 72586544, requested 32768)
[11:27:26.615892] [pieusb] sane_read(): requested 32768 bytes
[11:27:26.615896] [pieusb] sane_read(): buffer suffices (contains 72553776, requested 32768)
[11:27:26.616012] [pieusb] sane_read(): requested 32768 bytes
[11:27:26.616017] [pieusb] sane_read(): buffer suffices (contains 72521008, requested 32768)
[11:27:26.616125] [pieusb] sane_read(): requested 32768 bytes
[11:27:26.616130] [pieusb] sane_read(): buffer suffices (contains 72488240, requested 32768)
[11:27:26.616237] [pieusb] sane_read(): requested 32768 bytes
[11:27:26.616241] [pieusb] sane_read(): buffer suffices (contains 72455472, requested 32768)
[11:27:26.616350] [pieusb] sane_read(): requested 32768 bytes
[11:27:26.616354] [pieusb] sane_read(): buffer suffices (contains 72422704, requested 32768)
[11:27:26.616464] [pieusb] sane_read(): requested 32768 bytes
[11:27:26.616469] [pieusb] sane_read(): buffer suffices (contains 72389936, requested 32768)
[11:27:26.616579] [pieusb] sane_read(): requested 32768 bytes
[11:27:26.616583] [pieusb] sane_read(): buffer suffices (contains 72357168, requested 32768)
[11:27:26.616691] [pieusb] sane_read(): requested 32768 bytes
[11:27:26.616696] [pieusb] sane_read(): buffer suffices (contains 72324400, requested 32768)
[11:27:26.616803] [pieusb] sane_read(): requested 32768 bytes
[11:27:26.616808] [pieusb] sane_read(): buffer suffices (contains 72291632, requested 32768)
[11:27:26.616914] [pieusb] sane_read(): requested 32768 bytes
[11:27:26.616919] [pieusb] sane_read(): buffer suffices (contains 72258864, requested 32768)
[11:27:26.617047] [pieusb] sane_read(): requested 32768 bytes
[11:27:26.617052] [pieusb] sane_read(): buffer suffices (contains 72226096, requested 32768)
[11:27:26.617162] [pieusb] sane_read(): requested 32768 bytes
[11:27:26.617167] [pieusb] sane_read(): buffer suffices (contains 72193328, requested 32768)
[11:27:26.617284] [pieusb] sane_read(): requested 32768 bytes
[11:27:26.617289] [pieusb] sane_read(): buffer suffices (contains 72160560, requested 32768)
[11:27:26.617400] [pieusb] sane_read(): requested 32768 bytes
[11:27:26.617406] [pieusb] sane_read(): buffer suffices (contains 72127792, requested 32768)
[11:27:26.617518] [pieusb] sane_read(): requested 32768 bytes
[11:27:26.617524] [pieusb] sane_read(): buffer suffices (contains 72095024, requested 32768)
[11:27:26.617635] [pieusb] sane_read(): requested 32768 bytes
[11:27:26.617642] [pieusb] sane_read(): buffer suffices (contains 72062256, requested 32768)
[11:27:26.617750] [pieusb] sane_read(): requested 32768 bytes
[11:27:26.617755] [pieusb] sane_read(): buffer suffices (contains 72029488, requested 32768)
[11:27:26.617867] [pieusb] sane_read(): requested 32768 bytes
[11:27:26.617873] [pieusb] sane_read(): buffer suffices (contains 71996720, requested 32768)
[11:27:26.617994] [pieusb] sane_read(): requested 32768 bytes
[11:27:26.618001] [pieusb] sane_read(): buffer suffices (contains 71963952, requested 32768)
[11:27:26.618113] [pieusb] sane_read(): requested 32768 bytes
[11:27:26.618119] [pieusb] sane_read(): buffer suffices (contains 71931184, requested 32768)
[11:27:26.618236] [pieusb] sane_read(): requested 32768 bytes
[11:27:26.618241] [pieusb] sane_read(): buffer suffices (contains 71898416, requested 32768)
[11:27:26.618349] [pieusb] sane_read(): requested 32768 bytes
[11:27:26.618354] [pieusb] sane_read(): buffer suffices (contains 71865648, requested 32768)
[11:27:26.618461] [pieusb] sane_read(): requested 32768 bytes
[11:27:26.618465] [pieusb] sane_read(): buffer suffices (contains 71832880, requested 32768)
[11:27:26.618572] [pieusb] sane_read(): requested 32768 bytes
[11:27:26.618577] [pieusb] sane_read(): buffer suffices (contains 71800112, requested 32768)
[11:27:26.618686] [pieusb] sane_read(): requested 32768 bytes
[11:27:26.618691] [pieusb] sane_read(): buffer suffices (contains 71767344, requested 32768)
[11:27:26.618804] [pieusb] sane_read(): requested 32768 bytes
[11:27:26.618809] [pieusb] sane_read(): buffer suffices (contains 71734576, requested 32768)
[11:27:26.618920] [pieusb] sane_read(): requested 32768 bytes
[11:27:26.618925] [pieusb] sane_read(): buffer suffices (contains 71701808, requested 32768)
[11:27:26.619073] [pieusb] sane_read(): requested 32768 bytes
[11:27:26.619079] [pieusb] sane_read(): buffer suffices (contains 71669040, requested 32768)
[11:27:26.619203] [pieusb] sane_read(): requested 32768 bytes
[11:27:26.619208] [pieusb] sane_read(): buffer suffices (contains 71636272, requested 32768)
[11:27:26.619319] [pieusb] sane_read(): requested 32768 bytes
[11:27:26.619324] [pieusb] sane_read(): buffer suffices (contains 71603504, requested 32768)
[11:27:26.619442] [pieusb] sane_read(): requested 32768 bytes
[11:27:26.619446] [pieusb] sane_read(): buffer suffices (contains 71570736, requested 32768)
[11:27:26.619559] [pieusb] sane_read(): requested 32768 bytes
[11:27:26.619564] [pieusb] sane_read(): buffer suffices (contains 71537968, requested 32768)
[11:27:26.619674] [pieusb] sane_read(): requested 32768 bytes
[11:27:26.619681] [pieusb] sane_read(): buffer suffices (contains 71505200, requested 32768)
[11:27:26.619791] [pieusb] sane_read(): requested 32768 bytes
[11:27:26.619796] [pieusb] sane_read(): buffer suffices (contains 71472432, requested 32768)
[11:27:26.619909] [pieusb] sane_read(): requested 32768 bytes
[11:27:26.619915] [pieusb] sane_read(): buffer suffices (contains 71439664, requested 32768)
[11:27:26.620040] [pieusb] sane_read(): requested 32768 bytes
[11:27:26.620046] [pieusb] sane_read(): buffer suffices (contains 71406896, requested 32768)
[11:27:26.620156] [pieusb] sane_read(): requested 32768 bytes
[11:27:26.620162] [pieusb] sane_read(): buffer suffices (contains 71374128, requested 32768)
[11:27:26.620272] [pieusb] sane_read(): requested 32768 bytes
[11:27:26.620278] [pieusb] sane_read(): buffer suffices (contains 71341360, requested 32768)
[11:27:26.620388] [pieusb] sane_read(): requested 32768 bytes
[11:27:26.620394] [pieusb] sane_read(): buffer suffices (contains 71308592, requested 32768)
[11:27:26.620504] [pieusb] sane_read(): requested 32768 bytes
[11:27:26.620510] [pieusb] sane_read(): buffer suffices (contains 71275824, requested 32768)
[11:27:26.620624] [pieusb] sane_read(): requested 32768 bytes
[11:27:26.620630] [pieusb] sane_read(): buffer suffices (contains 71243056, requested 32768)
[11:27:26.620738] [pieusb] sane_read(): requested 32768 bytes
[11:27:26.620743] [pieusb] sane_read(): buffer suffices (contains 71210288, requested 32768)
[11:27:26.620856] [pieusb] sane_read(): requested 32768 bytes
[11:27:26.620861] [pieusb] sane_read(): buffer suffices (contains 71177520, requested 32768)
[11:27:26.620969] [pieusb] sane_read(): requested 32768 bytes
[11:27:26.620974] [pieusb] sane_read(): buffer suffices (contains 71144752, requested 32768)
[11:27:26.621091] [pieusb] sane_read(): requested 32768 bytes
[11:27:26.621096] [pieusb] sane_read(): buffer suffices (contains 71111984, requested 32768)
[11:27:26.621205] [pieusb] sane_read(): requested 32768 bytes
[11:27:26.621210] [pieusb] sane_read(): buffer suffices (contains 71079216, requested 32768)
[11:27:26.621319] [pieusb] sane_read(): requested 32768 bytes
[11:27:26.621324] [pieusb] sane_read(): buffer suffices (contains 71046448, requested 32768)
[11:27:26.621430] [pieusb] sane_read(): requested 32768 bytes
[11:27:26.621435] [pieusb] sane_read(): buffer suffices (contains 71013680, requested 32768)
[11:27:26.621542] [pieusb] sane_read(): requested 32768 bytes
[11:27:26.621547] [pieusb] sane_read(): buffer suffices (contains 70980912, requested 32768)
[11:27:26.621656] [pieusb] sane_read(): requested 32768 bytes
[11:27:26.621661] [pieusb] sane_read(): buffer suffices (contains 70948144, requested 32768)
[11:27:26.621768] [pieusb] sane_read(): requested 32768 bytes
[11:27:26.621772] [pieusb] sane_read(): buffer suffices (contains 70915376, requested 32768)
[11:27:26.621881] [pieusb] sane_read(): requested 32768 bytes
[11:27:26.621885] [pieusb] sane_read(): buffer suffices (contains 70882608, requested 32768)
[11:27:26.622006] [pieusb] sane_read(): requested 32768 bytes
[11:27:26.622013] [pieusb] sane_read(): buffer suffices (contains 70849840, requested 32768)
[11:27:26.622120] [pieusb] sane_read(): requested 32768 bytes
[11:27:26.622125] [pieusb] sane_read(): buffer suffices (contains 70817072, requested 32768)
[11:27:26.622237] [pieusb] sane_read(): requested 32768 bytes
[11:27:26.622241] [pieusb] sane_read(): buffer suffices (contains 70784304, requested 32768)
[11:27:26.622347] [pieusb] sane_read(): requested 32768 bytes
[11:27:26.622352] [pieusb] sane_read(): buffer suffices (contains 70751536, requested 32768)
[11:27:26.622458] [pieusb] sane_read(): requested 32768 bytes
[11:27:26.622462] [pieusb] sane_read(): buffer suffices (contains 70718768, requested 32768)
[11:27:26.622571] [pieusb] sane_read(): requested 32768 bytes
[11:27:26.622575] [pieusb] sane_read(): buffer suffices (contains 70686000, requested 32768)
[11:27:26.622681] [pieusb] sane_read(): requested 32768 bytes
[11:27:26.622686] [pieusb] sane_read(): buffer suffices (contains 70653232, requested 32768)
[11:27:26.622798] [pieusb] sane_read(): requested 32768 bytes
[11:27:26.622802] [pieusb] sane_read(): buffer suffices (contains 70620464, requested 32768)
[11:27:26.622913] [pieusb] sane_read(): requested 32768 bytes
[11:27:26.622918] [pieusb] sane_read(): buffer suffices (contains 70587696, requested 32768)
[11:27:26.623033] [pieusb] sane_read(): requested 32768 bytes
[11:27:26.623038] [pieusb] sane_read(): buffer suffices (contains 70554928, requested 32768)
[11:27:26.623146] [pieusb] sane_read(): requested 32768 bytes
[11:27:26.623151] [pieusb] sane_read(): buffer suffices (contains 70522160, requested 32768)
[11:27:26.623260] [pieusb] sane_read(): requested 32768 bytes
[11:27:26.623265] [pieusb] sane_read(): buffer suffices (contains 70489392, requested 32768)
[11:27:26.623375] [pieusb] sane_read(): requested 32768 bytes
[11:27:26.623380] [pieusb] sane_read(): buffer suffices (contains 70456624, requested 32768)
[11:27:26.623489] [pieusb] sane_read(): requested 32768 bytes
[11:27:26.623494] [pieusb] sane_read(): buffer suffices (contains 70423856, requested 32768)
[11:27:26.623604] [pieusb] sane_read(): requested 32768 bytes
[11:27:26.623609] [pieusb] sane_read(): buffer suffices (contains 70391088, requested 32768)
[11:27:26.623722] [pieusb] sane_read(): requested 32768 bytes
[11:27:26.623727] [pieusb] sane_read(): buffer suffices (contains 70358320, requested 32768)
[11:27:26.623839] [pieusb] sane_read(): requested 32768 bytes
[11:27:26.623845] [pieusb] sane_read(): buffer suffices (contains 70325552, requested 32768)
[11:27:26.623959] [pieusb] sane_read(): requested 32768 bytes
[11:27:26.623965] [pieusb] sane_read(): buffer suffices (contains 70292784, requested 32768)
[11:27:26.624086] [pieusb] sane_read(): requested 32768 bytes
[11:27:26.624092] [pieusb] sane_read(): buffer suffices (contains 70260016, requested 32768)
[11:27:26.624203] [pieusb] sane_read(): requested 32768 bytes
[11:27:26.624208] [pieusb] sane_read(): buffer suffices (contains 70227248, requested 32768)
[11:27:26.624321] [pieusb] sane_read(): requested 32768 bytes
[11:27:26.624327] [pieusb] sane_read(): buffer suffices (contains 70194480, requested 32768)
[11:27:26.624439] [pieusb] sane_read(): requested 32768 bytes
[11:27:26.624445] [pieusb] sane_read(): buffer suffices (contains 70161712, requested 32768)
[11:27:26.624555] [pieusb] sane_read(): requested 32768 bytes
[11:27:26.624561] [pieusb] sane_read(): buffer suffices (contains 70128944, requested 32768)
[11:27:26.624669] [pieusb] sane_read(): requested 32768 bytes
[11:27:26.624673] [pieusb] sane_read(): buffer suffices (contains 70096176, requested 32768)
[11:27:26.624783] [pieusb] sane_read(): requested 32768 bytes
[11:27:26.624788] [pieusb] sane_read(): buffer suffices (contains 70063408, requested 32768)
[11:27:26.624897] [pieusb] sane_read(): requested 32768 bytes
[11:27:26.624902] [pieusb] sane_read(): buffer suffices (contains 70030640, requested 32768)
[11:27:26.625017] [pieusb] sane_read(): requested 32768 bytes
[11:27:26.625022] [pieusb] sane_read(): buffer suffices (contains 69997872, requested 32768)
[11:27:26.625130] [pieusb] sane_read(): requested 32768 bytes
[11:27:26.625134] [pieusb] sane_read(): buffer suffices (contains 69965104, requested 32768)
[11:27:26.625241] [pieusb] sane_read(): requested 32768 bytes
[11:27:26.625246] [pieusb] sane_read(): buffer suffices (contains 69932336, requested 32768)
[11:27:26.625351] [pieusb] sane_read(): requested 32768 bytes
[11:27:26.625356] [pieusb] sane_read(): buffer suffices (contains 69899568, requested 32768)
[11:27:26.625464] [pieusb] sane_read(): requested 32768 bytes
[11:27:26.625469] [pieusb] sane_read(): buffer suffices (contains 69866800, requested 32768)
[11:27:26.625575] [pieusb] sane_read(): requested 32768 bytes
[11:27:26.625580] [pieusb] sane_read(): buffer suffices (contains 69834032, requested 32768)
[11:27:26.625690] [pieusb] sane_read(): requested 32768 bytes
[11:27:26.625695] [pieusb] sane_read(): buffer suffices (contains 69801264, requested 32768)
[11:27:26.625801] [pieusb] sane_read(): requested 32768 bytes
[11:27:26.625806] [pieusb] sane_read(): buffer suffices (contains 69768496, requested 32768)
[11:27:26.625913] [pieusb] sane_read(): requested 32768 bytes
[11:27:26.625917] [pieusb] sane_read(): buffer suffices (contains 69735728, requested 32768)
[11:27:26.626036] [pieusb] sane_read(): requested 32768 bytes
[11:27:26.626040] [pieusb] sane_read(): buffer suffices (contains 69702960, requested 32768)
[11:27:26.626149] [pieusb] sane_read(): requested 32768 bytes
[11:27:26.626154] [pieusb] sane_read(): buffer suffices (contains 69670192, requested 32768)
[11:27:26.626261] [pieusb] sane_read(): requested 32768 bytes
[11:27:26.626265] [pieusb] sane_read(): buffer suffices (contains 69637424, requested 32768)
[11:27:26.626377] [pieusb] sane_read(): requested 32768 bytes
[11:27:26.626381] [pieusb] sane_read(): buffer suffices (contains 69604656, requested 32768)
[11:27:26.626489] [pieusb] sane_read(): requested 32768 bytes
[11:27:26.626494] [pieusb] sane_read(): buffer suffices (contains 69571888, requested 32768)
[11:27:26.626603] [pieusb] sane_read(): requested 32768 bytes
[11:27:26.626607] [pieusb] sane_read(): buffer suffices (contains 69539120, requested 32768)
[11:27:26.626715] [pieusb] sane_read(): requested 32768 bytes
[11:27:26.626720] [pieusb] sane_read(): buffer suffices (contains 69506352, requested 32768)
[11:27:26.626826] [pieusb] sane_read(): requested 32768 bytes
[11:27:26.626831] [pieusb] sane_read(): buffer suffices (contains 69473584, requested 32768)
[11:27:26.626937] [pieusb] sane_read(): requested 32768 bytes
[11:27:26.626941] [pieusb] sane_read(): buffer suffices (contains 69440816, requested 32768)
[11:27:26.627060] [pieusb] sane_read(): requested 32768 bytes
[11:27:26.627065] [pieusb] sane_read(): buffer suffices (contains 69408048, requested 32768)
[11:27:26.627171] [pieusb] sane_read(): requested 32768 bytes
[11:27:26.627176] [pieusb] sane_read(): buffer suffices (contains 69375280, requested 32768)
[11:27:26.627285] [pieusb] sane_read(): requested 32768 bytes
[11:27:26.627289] [pieusb] sane_read(): buffer suffices (contains 69342512, requested 32768)
[11:27:26.627396] [pieusb] sane_read(): requested 32768 bytes
[11:27:26.627400] [pieusb] sane_read(): buffer suffices (contains 69309744, requested 32768)
[11:27:26.627509] [pieusb] sane_read(): requested 32768 bytes
[11:27:26.627513] [pieusb] sane_read(): buffer suffices (contains 69276976, requested 32768)
[11:27:26.627620] [pieusb] sane_read(): requested 32768 bytes
[11:27:26.627624] [pieusb] sane_read(): buffer suffices (contains 69244208, requested 32768)
[11:27:26.627733] [pieusb] sane_read(): requested 32768 bytes
[11:27:26.627738] [pieusb] sane_read(): buffer suffices (contains 69211440, requested 32768)
[11:27:26.627846] [pieusb] sane_read(): requested 32768 bytes
[11:27:26.627851] [pieusb] sane_read(): buffer suffices (contains 69178672, requested 32768)
[11:27:26.627957] [pieusb] sane_read(): requested 32768 bytes
[11:27:26.627962] [pieusb] sane_read(): buffer suffices (contains 69145904, requested 32768)
[11:27:26.628076] [pieusb] sane_read(): requested 32768 bytes
[11:27:26.628081] [pieusb] sane_read(): buffer suffices (contains 69113136, requested 32768)
[11:27:26.628188] [pieusb] sane_read(): requested 32768 bytes
[11:27:26.628193] [pieusb] sane_read(): buffer suffices (contains 69080368, requested 32768)
[11:27:26.628300] [pieusb] sane_read(): requested 32768 bytes
[11:27:26.628304] [pieusb] sane_read(): buffer suffices (contains 69047600, requested 32768)
[11:27:26.628413] [pieusb] sane_read(): requested 32768 bytes
[11:27:26.628418] [pieusb] sane_read(): buffer suffices (contains 69014832, requested 32768)
[11:27:26.628524] [pieusb] sane_read(): requested 32768 bytes
[11:27:26.628529] [pieusb] sane_read(): buffer suffices (contains 68982064, requested 32768)
[11:27:26.628636] [pieusb] sane_read(): requested 32768 bytes
[11:27:26.628640] [pieusb] sane_read(): buffer suffices (contains 68949296, requested 32768)
[11:27:26.628747] [pieusb] sane_read(): requested 32768 bytes
[11:27:26.628752] [pieusb] sane_read(): buffer suffices (contains 68916528, requested 32768)
[11:27:26.628858] [pieusb] sane_read(): requested 32768 bytes
[11:27:26.628863] [pieusb] sane_read(): buffer suffices (contains 68883760, requested 32768)
[11:27:26.628972] [pieusb] sane_read(): requested 32768 bytes
[11:27:26.628976] [pieusb] sane_read(): buffer suffices (contains 68850992, requested 32768)
[11:27:26.629089] [pieusb] sane_read(): requested 32768 bytes
[11:27:26.629093] [pieusb] sane_read(): buffer suffices (contains 68818224, requested 32768)
[11:27:26.629200] [pieusb] sane_read(): requested 32768 bytes
[11:27:26.629205] [pieusb] sane_read(): buffer suffices (contains 68785456, requested 32768)
[11:27:26.629312] [pieusb] sane_read(): requested 32768 bytes
[11:27:26.629317] [pieusb] sane_read(): buffer suffices (contains 68752688, requested 32768)
[11:27:26.629426] [pieusb] sane_read(): requested 32768 bytes
[11:27:26.629431] [pieusb] sane_read(): buffer suffices (contains 68719920, requested 32768)
[11:27:26.629538] [pieusb] sane_read(): requested 32768 bytes
[11:27:26.629543] [pieusb] sane_read(): buffer suffices (contains 68687152, requested 32768)
[11:27:26.629649] [pieusb] sane_read(): requested 32768 bytes
[11:27:26.629653] [pieusb] sane_read(): buffer suffices (contains 68654384, requested 32768)
[11:27:26.629759] [pieusb] sane_read(): requested 32768 bytes
[11:27:26.629764] [pieusb] sane_read(): buffer suffices (contains 68621616, requested 32768)
[11:27:26.629875] [pieusb] sane_read(): requested 32768 bytes
[11:27:26.629879] [pieusb] sane_read(): buffer suffices (contains 68588848, requested 32768)
[11:27:26.629991] [pieusb] sane_read(): requested 32768 bytes
[11:27:26.629996] [pieusb] sane_read(): buffer suffices (contains 68556080, requested 32768)
[11:27:26.630106] [pieusb] sane_read(): requested 32768 bytes
[11:27:26.630110] [pieusb] sane_read(): buffer suffices (contains 68523312, requested 32768)
[11:27:26.630219] [pieusb] sane_read(): requested 32768 bytes
[11:27:26.630223] [pieusb] sane_read(): buffer suffices (contains 68490544, requested 32768)
[11:27:26.630329] [pieusb] sane_read(): requested 32768 bytes
[11:27:26.630334] [pieusb] sane_read(): buffer suffices (contains 68457776, requested 32768)
[11:27:26.630441] [pieusb] sane_read(): requested 32768 bytes
[11:27:26.630445] [pieusb] sane_read(): buffer suffices (contains 68425008, requested 32768)
[11:27:26.630553] [pieusb] sane_read(): requested 32768 bytes
[11:27:26.630558] [pieusb] sane_read(): buffer suffices (contains 68392240, requested 32768)
[11:27:26.630670] [pieusb] sane_read(): requested 32768 bytes
[11:27:26.630675] [pieusb] sane_read(): buffer suffices (contains 68359472, requested 32768)
[11:27:26.630781] [pieusb] sane_read(): requested 32768 bytes
[11:27:26.630785] [pieusb] sane_read(): buffer suffices (contains 68326704, requested 32768)
[11:27:26.630892] [pieusb] sane_read(): requested 32768 bytes
[11:27:26.630897] [pieusb] sane_read(): buffer suffices (contains 68293936, requested 32768)
[11:27:26.631008] [pieusb] sane_read(): requested 32768 bytes
[11:27:26.631013] [pieusb] sane_read(): buffer suffices (contains 68261168, requested 32768)
[11:27:26.631160] [pieusb] sane_read(): requested 32768 bytes
[11:27:26.631165] [pieusb] sane_read(): buffer suffices (contains 68228400, requested 32768)
[11:27:26.631271] [pieusb] sane_read(): requested 32768 bytes
[11:27:26.631276] [pieusb] sane_read(): buffer suffices (contains 68195632, requested 32768)
[11:27:26.631385] [pieusb] sane_read(): requested 32768 bytes
[11:27:26.631390] [pieusb] sane_read(): buffer suffices (contains 68162864, requested 32768)
[11:27:26.631497] [pieusb] sane_read(): requested 32768 bytes
[11:27:26.631501] [pieusb] sane_read(): buffer suffices (contains 68130096, requested 32768)
[11:27:26.631609] [pieusb] sane_read(): requested 32768 bytes
[11:27:26.631614] [pieusb] sane_read(): buffer suffices (contains 68097328, requested 32768)
[11:27:26.631721] [pieusb] sane_read(): requested 32768 bytes
[11:27:26.631726] [pieusb] sane_read(): buffer suffices (contains 68064560, requested 32768)
[11:27:26.631832] [pieusb] sane_read(): requested 32768 bytes
[11:27:26.631837] [pieusb] sane_read(): buffer suffices (contains 68031792, requested 32768)
[11:27:26.631944] [pieusb] sane_read(): requested 32768 bytes
[11:27:26.631949] [pieusb] sane_read(): buffer suffices (contains 67999024, requested 32768)
[11:27:26.632064] [pieusb] sane_read(): requested 32768 bytes
[11:27:26.632068] [pieusb] sane_read(): buffer suffices (contains 67966256, requested 32768)
[11:27:26.632179] [pieusb] sane_read(): requested 32768 bytes
[11:27:26.632183] [pieusb] sane_read(): buffer suffices (contains 67933488, requested 32768)
[11:27:26.632292] [pieusb] sane_read(): requested 32768 bytes
[11:27:26.632296] [pieusb] sane_read(): buffer suffices (contains 67900720, requested 32768)
[11:27:26.632405] [pieusb] sane_read(): requested 32768 bytes
[11:27:26.632409] [pieusb] sane_read(): buffer suffices (contains 67867952, requested 32768)
[11:27:26.632517] [pieusb] sane_read(): requested 32768 bytes
[11:27:26.632521] [pieusb] sane_read(): buffer suffices (contains 67835184, requested 32768)
[11:27:26.632627] [pieusb] sane_read(): requested 32768 bytes
[11:27:26.632632] [pieusb] sane_read(): buffer suffices (contains 67802416, requested 32768)
[11:27:26.632739] [pieusb] sane_read(): requested 32768 bytes
[11:27:26.632744] [pieusb] sane_read(): buffer suffices (contains 67769648, requested 32768)
[11:27:26.632854] [pieusb] sane_read(): requested 32768 bytes
[11:27:26.632859] [pieusb] sane_read(): buffer suffices (contains 67736880, requested 32768)
[11:27:26.632967] [pieusb] sane_read(): requested 32768 bytes
[11:27:26.632971] [pieusb] sane_read(): buffer suffices (contains 67704112, requested 32768)
[11:27:26.633307] [pieusb] sane_read(): requested 32768 bytes
[11:27:26.633312] [pieusb] sane_read(): buffer suffices (contains 67671344, requested 32768)
[11:27:26.633418] [pieusb] sane_read(): requested 32768 bytes
[11:27:26.633422] [pieusb] sane_read(): buffer suffices (contains 67638576, requested 32768)
[11:27:26.633529] [pieusb] sane_read(): requested 32768 bytes
[11:27:26.633534] [pieusb] sane_read(): buffer suffices (contains 67605808, requested 32768)
[11:27:26.633647] [pieusb] sane_read(): requested 32768 bytes
[11:27:26.633651] [pieusb] sane_read(): buffer suffices (contains 67573040, requested 32768)
[11:27:26.633758] [pieusb] sane_read(): requested 32768 bytes
[11:27:26.633763] [pieusb] sane_read(): buffer suffices (contains 67540272, requested 32768)
[11:27:26.633869] [pieusb] sane_read(): requested 32768 bytes
[11:27:26.633874] [pieusb] sane_read(): buffer suffices (contains 67507504, requested 32768)
[11:27:26.633987] [pieusb] sane_read(): requested 32768 bytes
[11:27:26.633992] [pieusb] sane_read(): buffer suffices (contains 67474736, requested 32768)
[11:27:26.634103] [pieusb] sane_read(): requested 32768 bytes
[11:27:26.634108] [pieusb] sane_read(): buffer suffices (contains 67441968, requested 32768)
[11:27:26.634221] [pieusb] sane_read(): requested 32768 bytes
[11:27:26.634226] [pieusb] sane_read(): buffer suffices (contains 67409200, requested 32768)
[11:27:26.634335] [pieusb] sane_read(): requested 32768 bytes
[11:27:26.634341] [pieusb] sane_read(): buffer suffices (contains 67376432, requested 32768)
[11:27:26.634451] [pieusb] sane_read(): requested 32768 bytes
[11:27:26.634457] [pieusb] sane_read(): buffer suffices (contains 67343664, requested 32768)
[11:27:26.634565] [pieusb] sane_read(): requested 32768 bytes
[11:27:26.634571] [pieusb] sane_read(): buffer suffices (contains 67310896, requested 32768)
[11:27:26.634682] [pieusb] sane_read(): requested 32768 bytes
[11:27:26.634688] [pieusb] sane_read(): buffer suffices (contains 67278128, requested 32768)
[11:27:26.634804] [pieusb] sane_read(): requested 32768 bytes
[11:27:26.634810] [pieusb] sane_read(): buffer suffices (contains 67245360, requested 32768)
[11:27:26.634921] [pieusb] sane_read(): requested 32768 bytes
[11:27:26.634926] [pieusb] sane_read(): buffer suffices (contains 67212592, requested 32768)
[11:27:26.635050] [pieusb] sane_read(): requested 32768 bytes
[11:27:26.635055] [pieusb] sane_read(): buffer suffices (contains 67179824, requested 32768)
[11:27:26.635171] [pieusb] sane_read(): requested 32768 bytes
[11:27:26.635176] [pieusb] sane_read(): buffer suffices (contains 67147056, requested 32768)
[11:27:26.635285] [pieusb] sane_read(): requested 32768 bytes
[11:27:26.635290] [pieusb] sane_read(): buffer suffices (contains 67114288, requested 32768)
[11:27:26.635396] [pieusb] sane_read(): requested 32768 bytes
[11:27:26.635401] [pieusb] sane_read(): buffer suffices (contains 67081520, requested 32768)
[11:27:26.635507] [pieusb] sane_read(): requested 32768 bytes
[11:27:26.635511] [pieusb] sane_read(): buffer suffices (contains 67048752, requested 32768)
[11:27:26.635618] [pieusb] sane_read(): requested 32768 bytes
[11:27:26.635623] [pieusb] sane_read(): buffer suffices (contains 67015984, requested 32768)
[11:27:26.635734] [pieusb] sane_read(): requested 32768 bytes
[11:27:26.635739] [pieusb] sane_read(): buffer suffices (contains 66983216, requested 32768)
[11:27:26.635853] [pieusb] sane_read(): requested 32768 bytes
[11:27:26.635859] [pieusb] sane_read(): buffer suffices (contains 66950448, requested 32768)
[11:27:26.635972] [pieusb] sane_read(): requested 32768 bytes
[11:27:26.635977] [pieusb] sane_read(): buffer suffices (contains 66917680, requested 32768)
[11:27:26.636098] [pieusb] sane_read(): requested 32768 bytes
[11:27:26.636104] [pieusb] sane_read(): buffer suffices (contains 66884912, requested 32768)
[11:27:26.636217] [pieusb] sane_read(): requested 32768 bytes
[11:27:26.636224] [pieusb] sane_read(): buffer suffices (contains 66852144, requested 32768)
[11:27:26.636340] [pieusb] sane_read(): requested 32768 bytes
[11:27:26.636346] [pieusb] sane_read(): buffer suffices (contains 66819376, requested 32768)
[11:27:26.636461] [pieusb] sane_read(): requested 32768 bytes
[11:27:26.636467] [pieusb] sane_read(): buffer suffices (contains 66786608, requested 32768)
[11:27:26.636584] [pieusb] sane_read(): requested 32768 bytes
[11:27:26.636591] [pieusb] sane_read(): buffer suffices (contains 66753840, requested 32768)
[11:27:26.636706] [pieusb] sane_read(): requested 32768 bytes
[11:27:26.636713] [pieusb] sane_read(): buffer suffices (contains 66721072, requested 32768)
[11:27:26.636825] [pieusb] sane_read(): requested 32768 bytes
[11:27:26.636831] [pieusb] sane_read(): buffer suffices (contains 66688304, requested 32768)
[11:27:26.636942] [pieusb] sane_read(): requested 32768 bytes
[11:27:26.636947] [pieusb] sane_read(): buffer suffices (contains 66655536, requested 32768)
[11:27:26.637069] [pieusb] sane_read(): requested 32768 bytes
[11:27:26.637074] [pieusb] sane_read(): buffer suffices (contains 66622768, requested 32768)
[11:27:26.637185] [pieusb] sane_read(): requested 32768 bytes
[11:27:26.637190] [pieusb] sane_read(): buffer suffices (contains 66590000, requested 32768)
[11:27:26.637304] [pieusb] sane_read(): requested 32768 bytes
[11:27:26.637309] [pieusb] sane_read(): buffer suffices (contains 66557232, requested 32768)
[11:27:26.637416] [pieusb] sane_read(): requested 32768 bytes
[11:27:26.637421] [pieusb] sane_read(): buffer suffices (contains 66524464, requested 32768)
[11:27:26.637528] [pieusb] sane_read(): requested 32768 bytes
[11:27:26.637533] [pieusb] sane_read(): buffer suffices (contains 66491696, requested 32768)
[11:27:26.637642] [pieusb] sane_read(): requested 32768 bytes
[11:27:26.637647] [pieusb] sane_read(): buffer suffices (contains 66458928, requested 32768)
[11:27:26.637754] [pieusb] sane_read(): requested 32768 bytes
[11:27:26.637759] [pieusb] sane_read(): buffer suffices (contains 66426160, requested 32768)
[11:27:26.637867] [pieusb] sane_read(): requested 32768 bytes
[11:27:26.637872] [pieusb] sane_read(): buffer suffices (contains 66393392, requested 32768)
[11:27:26.637979] [pieusb] sane_read(): requested 32768 bytes
[11:27:26.637989] [pieusb] sane_read(): buffer suffices (contains 66360624, requested 32768)
[11:27:26.638098] [pieusb] sane_read(): requested 32768 bytes
[11:27:26.638103] [pieusb] sane_read(): buffer suffices (contains 66327856, requested 32768)
[11:27:26.638221] [pieusb] sane_read(): requested 32768 bytes
[11:27:26.638225] [pieusb] sane_read(): buffer suffices (contains 66295088, requested 32768)
[11:27:26.638334] [pieusb] sane_read(): requested 32768 bytes
[11:27:26.638339] [pieusb] sane_read(): buffer suffices (contains 66262320, requested 32768)
[11:27:26.638447] [pieusb] sane_read(): requested 32768 bytes
[11:27:26.638452] [pieusb] sane_read(): buffer suffices (contains 66229552, requested 32768)
[11:27:26.638559] [pieusb] sane_read(): requested 32768 bytes
[11:27:26.638564] [pieusb] sane_read(): buffer suffices (contains 66196784, requested 32768)
[11:27:26.638671] [pieusb] sane_read(): requested 32768 bytes
[11:27:26.638677] [pieusb] sane_read(): buffer suffices (contains 66164016, requested 32768)
[11:27:26.638789] [pieusb] sane_read(): requested 32768 bytes
[11:27:26.638794] [pieusb] sane_read(): buffer suffices (contains 66131248, requested 32768)
[11:27:26.638919] [pieusb] sane_read(): requested 32768 bytes
[11:27:26.638924] [pieusb] sane_read(): buffer suffices (contains 66098480, requested 32768)
[11:27:26.639037] [pieusb] sane_read(): requested 32768 bytes
[11:27:26.639041] [pieusb] sane_read(): buffer suffices (contains 66065712, requested 32768)
[11:27:26.639147] [pieusb] sane_read(): requested 32768 bytes
[11:27:26.639152] [pieusb] sane_read(): buffer suffices (contains 66032944, requested 32768)
[11:27:26.639259] [pieusb] sane_read(): requested 32768 bytes
[11:27:26.639264] [pieusb] sane_read(): buffer suffices (contains 66000176, requested 32768)
[11:27:26.639370] [pieusb] sane_read(): requested 32768 bytes
[11:27:26.639375] [pieusb] sane_read(): buffer suffices (contains 65967408, requested 32768)
[11:27:26.639480] [pieusb] sane_read(): requested 32768 bytes
[11:27:26.639485] [pieusb] sane_read(): buffer suffices (contains 65934640, requested 32768)
[11:27:26.639594] [pieusb] sane_read(): requested 32768 bytes
[11:27:26.639599] [pieusb] sane_read(): buffer suffices (contains 65901872, requested 32768)
[11:27:26.639706] [pieusb] sane_read(): requested 32768 bytes
[11:27:26.639711] [pieusb] sane_read(): buffer suffices (contains 65869104, requested 32768)
[11:27:26.639823] [pieusb] sane_read(): requested 32768 bytes
[11:27:26.639827] [pieusb] sane_read(): buffer suffices (contains 65836336, requested 32768)
[11:27:26.639935] [pieusb] sane_read(): requested 32768 bytes
[11:27:26.639939] [pieusb] sane_read(): buffer suffices (contains 65803568, requested 32768)
[11:27:26.640054] [pieusb] sane_read(): requested 32768 bytes
[11:27:26.640059] [pieusb] sane_read(): buffer suffices (contains 65770800, requested 32768)
[11:27:26.640164] [pieusb] sane_read(): requested 32768 bytes
[11:27:26.640169] [pieusb] sane_read(): buffer suffices (contains 65738032, requested 32768)
[11:27:26.640277] [pieusb] sane_read(): requested 32768 bytes
[11:27:26.640281] [pieusb] sane_read(): buffer suffices (contains 65705264, requested 32768)
[11:27:26.640420] [pieusb] sane_read(): requested 32768 bytes
[11:27:26.640425] [pieusb] sane_read(): buffer suffices (contains 65672496, requested 32768)
[11:27:26.640532] [pieusb] sane_read(): requested 32768 bytes
[11:27:26.640537] [pieusb] sane_read(): buffer suffices (contains 65639728, requested 32768)
[11:27:26.640644] [pieusb] sane_read(): requested 32768 bytes
[11:27:26.640649] [pieusb] sane_read(): buffer suffices (contains 65606960, requested 32768)
[11:27:26.640756] [pieusb] sane_read(): requested 32768 bytes
[11:27:26.640761] [pieusb] sane_read(): buffer suffices (contains 65574192, requested 32768)
[11:27:26.640873] [pieusb] sane_read(): requested 32768 bytes
[11:27:26.640878] [pieusb] sane_read(): buffer suffices (contains 65541424, requested 32768)
[11:27:26.640992] [pieusb] sane_read(): requested 32768 bytes
[11:27:26.640996] [pieusb] sane_read(): buffer suffices (contains 65508656, requested 32768)
[11:27:26.641105] [pieusb] sane_read(): requested 32768 bytes
[11:27:26.641110] [pieusb] sane_read(): buffer suffices (contains 65475888, requested 32768)
[11:27:26.641219] [pieusb] sane_read(): requested 32768 bytes
[11:27:26.641224] [pieusb] sane_read(): buffer suffices (contains 65443120, requested 32768)
[11:27:26.641334] [pieusb] sane_read(): requested 32768 bytes
[11:27:26.641338] [pieusb] sane_read(): buffer suffices (contains 65410352, requested 32768)
[11:27:26.641447] [pieusb] sane_read(): requested 32768 bytes
[11:27:26.641452] [pieusb] sane_read(): buffer suffices (contains 65377584, requested 32768)
[11:27:26.641563] [pieusb] sane_read(): requested 32768 bytes
[11:27:26.641568] [pieusb] sane_read(): buffer suffices (contains 65344816, requested 32768)
[11:27:26.641676] [pieusb] sane_read(): requested 32768 bytes
[11:27:26.641681] [pieusb] sane_read(): buffer suffices (contains 65312048, requested 32768)
[11:27:26.641792] [pieusb] sane_read(): requested 32768 bytes
[11:27:26.641797] [pieusb] sane_read(): buffer suffices (contains 65279280, requested 32768)
[11:27:26.641908] [pieusb] sane_read(): requested 32768 bytes
[11:27:26.641913] [pieusb] sane_read(): buffer suffices (contains 65246512, requested 32768)
[11:27:26.642068] [pieusb] sane_read(): requested 32768 bytes
[11:27:26.642073] [pieusb] sane_read(): buffer suffices (contains 65213744, requested 32768)
[11:27:26.642184] [pieusb] sane_read(): requested 32768 bytes
[11:27:26.642190] [pieusb] sane_read(): buffer suffices (contains 65180976, requested 32768)
[11:27:26.642303] [pieusb] sane_read(): requested 32768 bytes
[11:27:26.642308] [pieusb] sane_read(): buffer suffices (contains 65148208, requested 32768)
[11:27:26.642419] [pieusb] sane_read(): requested 32768 bytes
[11:27:26.642425] [pieusb] sane_read(): buffer suffices (contains 65115440, requested 32768)
[11:27:26.642538] [pieusb] sane_read(): requested 32768 bytes
[11:27:26.642544] [pieusb] sane_read(): buffer suffices (contains 65082672, requested 32768)
[11:27:26.642657] [pieusb] sane_read(): requested 32768 bytes
[11:27:26.642663] [pieusb] sane_read(): buffer suffices (contains 65049904, requested 32768)
[11:27:26.642777] [pieusb] sane_read(): requested 32768 bytes
[11:27:26.642782] [pieusb] sane_read(): buffer suffices (contains 65017136, requested 32768)
[11:27:26.642891] [pieusb] sane_read(): requested 32768 bytes
[11:27:26.642897] [pieusb] sane_read(): buffer suffices (contains 64984368, requested 32768)
[11:27:26.643019] [pieusb] sane_read(): requested 32768 bytes
[11:27:26.643036] [pieusb] sane_read(): buffer suffices (contains 64951600, requested 32768)
[11:27:26.643146] [pieusb] sane_read(): requested 32768 bytes
[11:27:26.643151] [pieusb] sane_read(): buffer suffices (contains 64918832, requested 32768)
[11:27:26.643262] [pieusb] sane_read(): requested 32768 bytes
[11:27:26.643267] [pieusb] sane_read(): buffer suffices (contains 64886064, requested 32768)
[11:27:26.643377] [pieusb] sane_read(): requested 32768 bytes
[11:27:26.643382] [pieusb] sane_read(): buffer suffices (contains 64853296, requested 32768)
[11:27:26.643493] [pieusb] sane_read(): requested 32768 bytes
[11:27:26.643498] [pieusb] sane_read(): buffer suffices (contains 64820528, requested 32768)
[11:27:26.643608] [pieusb] sane_read(): requested 32768 bytes
[11:27:26.643614] [pieusb] sane_read(): buffer suffices (contains 64787760, requested 32768)
[11:27:26.643730] [pieusb] sane_read(): requested 32768 bytes
[11:27:26.643734] [pieusb] sane_read(): buffer suffices (contains 64754992, requested 32768)
[11:27:26.643869] [pieusb] sane_read(): requested 32768 bytes
[11:27:26.643874] [pieusb] sane_read(): buffer suffices (contains 64722224, requested 32768)
[11:27:26.644000] [pieusb] sane_read(): requested 32768 bytes
[11:27:26.644006] [pieusb] sane_read(): buffer suffices (contains 64689456, requested 32768)
[11:27:26.644113] [pieusb] sane_read(): requested 32768 bytes
[11:27:26.644118] [pieusb] sane_read(): buffer suffices (contains 64656688, requested 32768)
[11:27:26.644225] [pieusb] sane_read(): requested 32768 bytes
[11:27:26.644229] [pieusb] sane_read(): buffer suffices (contains 64623920, requested 32768)
[11:27:26.644342] [pieusb] sane_read(): requested 32768 bytes
[11:27:26.644347] [pieusb] sane_read(): buffer suffices (contains 64591152, requested 32768)
[11:27:26.644455] [pieusb] sane_read(): requested 32768 bytes
[11:27:26.644460] [pieusb] sane_read(): buffer suffices (contains 64558384, requested 32768)
[11:27:26.644590] [pieusb] sane_read(): requested 32768 bytes
[11:27:26.644595] [pieusb] sane_read(): buffer suffices (contains 64525616, requested 32768)
[11:27:26.644703] [pieusb] sane_read(): requested 32768 bytes
[11:27:26.644708] [pieusb] sane_read(): buffer suffices (contains 64492848, requested 32768)
[11:27:26.644825] [pieusb] sane_read(): requested 32768 bytes
[11:27:26.644829] [pieusb] sane_read(): buffer suffices (contains 64460080, requested 32768)
[11:27:26.644936] [pieusb] sane_read(): requested 32768 bytes
[11:27:26.644941] [pieusb] sane_read(): buffer suffices (contains 64427312, requested 32768)
[11:27:26.645055] [pieusb] sane_read(): requested 32768 bytes
[11:27:26.645060] [pieusb] sane_read(): buffer suffices (contains 64394544, requested 32768)
[11:27:26.645167] [pieusb] sane_read(): requested 32768 bytes
[11:27:26.645172] [pieusb] sane_read(): buffer suffices (contains 64361776, requested 32768)
[11:27:26.645279] [pieusb] sane_read(): requested 32768 bytes
[11:27:26.645283] [pieusb] sane_read(): buffer suffices (contains 64329008, requested 32768)
[11:27:26.645392] [pieusb] sane_read(): requested 32768 bytes
[11:27:26.645397] [pieusb] sane_read(): buffer suffices (contains 64296240, requested 32768)
[11:27:26.645503] [pieusb] sane_read(): requested 32768 bytes
[11:27:26.645508] [pieusb] sane_read(): buffer suffices (contains 64263472, requested 32768)
[11:27:26.645616] [pieusb] sane_read(): requested 32768 bytes
[11:27:26.645621] [pieusb] sane_read(): buffer suffices (contains 64230704, requested 32768)
[11:27:26.645728] [pieusb] sane_read(): requested 32768 bytes
[11:27:26.645733] [pieusb] sane_read(): buffer suffices (contains 64197936, requested 32768)
[11:27:26.645840] [pieusb] sane_read(): requested 32768 bytes
[11:27:26.645844] [pieusb] sane_read(): buffer suffices (contains 64165168, requested 32768)
[11:27:26.645951] [pieusb] sane_read(): requested 32768 bytes
[11:27:26.645955] [pieusb] sane_read(): buffer suffices (contains 64132400, requested 32768)
[11:27:26.646067] [pieusb] sane_read(): requested 32768 bytes
[11:27:26.646072] [pieusb] sane_read(): buffer suffices (contains 64099632, requested 32768)
[11:27:26.646180] [pieusb] sane_read(): requested 32768 bytes
[11:27:26.646184] [pieusb] sane_read(): buffer suffices (contains 64066864, requested 32768)
[11:27:26.646292] [pieusb] sane_read(): requested 32768 bytes
[11:27:26.646297] [pieusb] sane_read(): buffer suffices (contains 64034096, requested 32768)
[11:27:26.646404] [pieusb] sane_read(): requested 32768 bytes
[11:27:26.646408] [pieusb] sane_read(): buffer suffices (contains 64001328, requested 32768)
[11:27:26.646516] [pieusb] sane_read(): requested 32768 bytes
[11:27:26.646520] [pieusb] sane_read(): buffer suffices (contains 63968560, requested 32768)
[11:27:26.646627] [pieusb] sane_read(): requested 32768 bytes
[11:27:26.646632] [pieusb] sane_read(): buffer suffices (contains 63935792, requested 32768)
[11:27:26.646740] [pieusb] sane_read(): requested 32768 bytes
[11:27:26.646744] [pieusb] sane_read(): buffer suffices (contains 63903024, requested 32768)
[11:27:26.646851] [pieusb] sane_read(): requested 32768 bytes
[11:27:26.646855] [pieusb] sane_read(): buffer suffices (contains 63870256, requested 32768)
[11:27:26.646963] [pieusb] sane_read(): requested 32768 bytes
[11:27:26.646967] [pieusb] sane_read(): buffer suffices (contains 63837488, requested 32768)
[11:27:26.647083] [pieusb] sane_read(): requested 32768 bytes
[11:27:26.647088] [pieusb] sane_read(): buffer suffices (contains 63804720, requested 32768)
[11:27:26.647195] [pieusb] sane_read(): requested 32768 bytes
[11:27:26.647200] [pieusb] sane_read(): buffer suffices (contains 63771952, requested 32768)
[11:27:26.647308] [pieusb] sane_read(): requested 32768 bytes
[11:27:26.647312] [pieusb] sane_read(): buffer suffices (contains 63739184, requested 32768)
[11:27:26.647419] [pieusb] sane_read(): requested 32768 bytes
[11:27:26.647423] [pieusb] sane_read(): buffer suffices (contains 63706416, requested 32768)
[11:27:26.647530] [pieusb] sane_read(): requested 32768 bytes
[11:27:26.647535] [pieusb] sane_read(): buffer suffices (contains 63673648, requested 32768)
[11:27:26.647641] [pieusb] sane_read(): requested 32768 bytes
[11:27:26.647645] [pieusb] sane_read(): buffer suffices (contains 63640880, requested 32768)
[11:27:26.647752] [pieusb] sane_read(): requested 32768 bytes
[11:27:26.647756] [pieusb] sane_read(): buffer suffices (contains 63608112, requested 32768)
[11:27:26.647865] [pieusb] sane_read(): requested 32768 bytes
[11:27:26.647869] [pieusb] sane_read(): buffer suffices (contains 63575344, requested 32768)
[11:27:26.647976] [pieusb] sane_read(): requested 32768 bytes
[11:27:26.647986] [pieusb] sane_read(): buffer suffices (contains 63542576, requested 32768)
[11:27:26.648100] [pieusb] sane_read(): requested 32768 bytes
[11:27:26.648104] [pieusb] sane_read(): buffer suffices (contains 63509808, requested 32768)
[11:27:26.648211] [pieusb] sane_read(): requested 32768 bytes
[11:27:26.648216] [pieusb] sane_read(): buffer suffices (contains 63477040, requested 32768)
[11:27:26.648322] [pieusb] sane_read(): requested 32768 bytes
[11:27:26.648326] [pieusb] sane_read(): buffer suffices (contains 63444272, requested 32768)
[11:27:26.648434] [pieusb] sane_read(): requested 32768 bytes
[11:27:26.648439] [pieusb] sane_read(): buffer suffices (contains 63411504, requested 32768)
[11:27:26.648546] [pieusb] sane_read(): requested 32768 bytes
[11:27:26.648550] [pieusb] sane_read(): buffer suffices (contains 63378736, requested 32768)
[11:27:26.648657] [pieusb] sane_read(): requested 32768 bytes
[11:27:26.648662] [pieusb] sane_read(): buffer suffices (contains 63345968, requested 32768)
[11:27:26.648771] [pieusb] sane_read(): requested 32768 bytes
[11:27:26.648775] [pieusb] sane_read(): buffer suffices (contains 63313200, requested 32768)
[11:27:26.648883] [pieusb] sane_read(): requested 32768 bytes
[11:27:26.648888] [pieusb] sane_read(): buffer suffices (contains 63280432, requested 32768)
[11:27:26.649001] [pieusb] sane_read(): requested 32768 bytes
[11:27:26.649005] [pieusb] sane_read(): buffer suffices (contains 63247664, requested 32768)
[11:27:26.649113] [pieusb] sane_read(): requested 32768 bytes
[11:27:26.649117] [pieusb] sane_read(): buffer suffices (contains 63214896, requested 32768)
[11:27:26.649224] [pieusb] sane_read(): requested 32768 bytes
[11:27:26.649228] [pieusb] sane_read(): buffer suffices (contains 63182128, requested 32768)
[11:27:26.649334] [pieusb] sane_read(): requested 32768 bytes
[11:27:26.649339] [pieusb] sane_read(): buffer suffices (contains 63149360, requested 32768)
[11:27:26.649447] [pieusb] sane_read(): requested 32768 bytes
[11:27:26.649452] [pieusb] sane_read(): buffer suffices (contains 63116592, requested 32768)
[11:27:26.649558] [pieusb] sane_read(): requested 32768 bytes
[11:27:26.649563] [pieusb] sane_read(): buffer suffices (contains 63083824, requested 32768)
[11:27:26.649670] [pieusb] sane_read(): requested 32768 bytes
[11:27:26.649674] [pieusb] sane_read(): buffer suffices (contains 63051056, requested 32768)
[11:27:26.649782] [pieusb] sane_read(): requested 32768 bytes
[11:27:26.649787] [pieusb] sane_read(): buffer suffices (contains 63018288, requested 32768)
[11:27:26.649894] [pieusb] sane_read(): requested 32768 bytes
[11:27:26.649899] [pieusb] sane_read(): buffer suffices (contains 62985520, requested 32768)
[11:27:26.650012] [pieusb] sane_read(): requested 32768 bytes
[11:27:26.650017] [pieusb] sane_read(): buffer suffices (contains 62952752, requested 32768)
[11:27:26.650125] [pieusb] sane_read(): requested 32768 bytes
[11:27:26.650130] [pieusb] sane_read(): buffer suffices (contains 62919984, requested 32768)
[11:27:26.650237] [pieusb] sane_read(): requested 32768 bytes
[11:27:26.650242] [pieusb] sane_read(): buffer suffices (contains 62887216, requested 32768)
[11:27:26.650350] [pieusb] sane_read(): requested 32768 bytes
[11:27:26.650354] [pieusb] sane_read(): buffer suffices (contains 62854448, requested 32768)
[11:27:26.650465] [pieusb] sane_read(): requested 32768 bytes
[11:27:26.650470] [pieusb] sane_read(): buffer suffices (contains 62821680, requested 32768)
[11:27:26.650579] [pieusb] sane_read(): requested 32768 bytes
[11:27:26.650584] [pieusb] sane_read(): buffer suffices (contains 62788912, requested 32768)
[11:27:26.650694] [pieusb] sane_read(): requested 32768 bytes
[11:27:26.650699] [pieusb] sane_read(): buffer suffices (contains 62756144, requested 32768)
[11:27:26.650810] [pieusb] sane_read(): requested 32768 bytes
[11:27:26.650817] [pieusb] sane_read(): buffer suffices (contains 62723376, requested 32768)
[11:27:26.650928] [pieusb] sane_read(): requested 32768 bytes
[11:27:26.650934] [pieusb] sane_read(): buffer suffices (contains 62690608, requested 32768)
[11:27:26.651063] [pieusb] sane_read(): requested 32768 bytes
[11:27:26.651069] [pieusb] sane_read(): buffer suffices (contains 62657840, requested 32768)
[11:27:26.651183] [pieusb] sane_read(): requested 32768 bytes
[11:27:26.651188] [pieusb] sane_read(): buffer suffices (contains 62625072, requested 32768)
[11:27:26.651298] [pieusb] sane_read(): requested 32768 bytes
[11:27:26.651305] [pieusb] sane_read(): buffer suffices (contains 62592304, requested 32768)
[11:27:26.651419] [pieusb] sane_read(): requested 32768 bytes
[11:27:26.651425] [pieusb] sane_read(): buffer suffices (contains 62559536, requested 32768)
[11:27:26.651535] [pieusb] sane_read(): requested 32768 bytes
[11:27:26.651541] [pieusb] sane_read(): buffer suffices (contains 62526768, requested 32768)
[11:27:26.651655] [pieusb] sane_read(): requested 32768 bytes
[11:27:26.651660] [pieusb] sane_read(): buffer suffices (contains 62494000, requested 32768)
[11:27:26.651770] [pieusb] sane_read(): requested 32768 bytes
[11:27:26.651775] [pieusb] sane_read(): buffer suffices (contains 62461232, requested 32768)
[11:27:26.651882] [pieusb] sane_read(): requested 32768 bytes
[11:27:26.651887] [pieusb] sane_read(): buffer suffices (contains 62428464, requested 32768)
[11:27:26.652001] [pieusb] sane_read(): requested 32768 bytes
[11:27:26.652006] [pieusb] sane_read(): buffer suffices (contains 62395696, requested 32768)
[11:27:26.652115] [pieusb] sane_read(): requested 32768 bytes
[11:27:26.652119] [pieusb] sane_read(): buffer suffices (contains 62362928, requested 32768)
[11:27:26.652234] [pieusb] sane_read(): requested 32768 bytes
[11:27:26.652240] [pieusb] sane_read(): buffer suffices (contains 62330160, requested 32768)
[11:27:26.652354] [pieusb] sane_read(): requested 32768 bytes
[11:27:26.652361] [pieusb] sane_read(): buffer suffices (contains 62297392, requested 32768)
[11:27:26.652472] [pieusb] sane_read(): requested 32768 bytes
[11:27:26.652478] [pieusb] sane_read(): buffer suffices (contains 62264624, requested 32768)
[11:27:26.652592] [pieusb] sane_read(): requested 32768 bytes
[11:27:26.652599] [pieusb] sane_read(): buffer suffices (contains 62231856, requested 32768)
[11:27:26.652715] [pieusb] sane_read(): requested 32768 bytes
[11:27:26.652721] [pieusb] sane_read(): buffer suffices (contains 62199088, requested 32768)
[11:27:26.652832] [pieusb] sane_read(): requested 32768 bytes
[11:27:26.652839] [pieusb] sane_read(): buffer suffices (contains 62166320, requested 32768)
[11:27:26.652953] [pieusb] sane_read(): requested 32768 bytes
[11:27:26.652960] [pieusb] sane_read(): buffer suffices (contains 62133552, requested 32768)
[11:27:26.653084] [pieusb] sane_read(): requested 32768 bytes
[11:27:26.653088] [pieusb] sane_read(): buffer suffices (contains 62100784, requested 32768)
[11:27:26.653200] [pieusb] sane_read(): requested 32768 bytes
[11:27:26.653207] [pieusb] sane_read(): buffer suffices (contains 62068016, requested 32768)
[11:27:26.653318] [pieusb] sane_read(): requested 32768 bytes
[11:27:26.653324] [pieusb] sane_read(): buffer suffices (contains 62035248, requested 32768)
[11:27:26.653435] [pieusb] sane_read(): requested 32768 bytes
[11:27:26.653441] [pieusb] sane_read(): buffer suffices (contains 62002480, requested 32768)
[11:27:26.653551] [pieusb] sane_read(): requested 32768 bytes
[11:27:26.653557] [pieusb] sane_read(): buffer suffices (contains 61969712, requested 32768)
[11:27:26.653667] [pieusb] sane_read(): requested 32768 bytes
[11:27:26.653672] [pieusb] sane_read(): buffer suffices (contains 61936944, requested 32768)
[11:27:26.653781] [pieusb] sane_read(): requested 32768 bytes
[11:27:26.653786] [pieusb] sane_read(): buffer suffices (contains 61904176, requested 32768)
[11:27:26.653896] [pieusb] sane_read(): requested 32768 bytes
[11:27:26.653901] [pieusb] sane_read(): buffer suffices (contains 61871408, requested 32768)
[11:27:26.654022] [pieusb] sane_read(): requested 32768 bytes
[11:27:26.654027] [pieusb] sane_read(): buffer suffices (contains 61838640, requested 32768)
[11:27:26.654136] [pieusb] sane_read(): requested 32768 bytes
[11:27:26.654141] [pieusb] sane_read(): buffer suffices (contains 61805872, requested 32768)
[11:27:26.654247] [pieusb] sane_read(): requested 32768 bytes
[11:27:26.654252] [pieusb] sane_read(): buffer suffices (contains 61773104, requested 32768)
[11:27:26.654358] [pieusb] sane_read(): requested 32768 bytes
[11:27:26.654363] [pieusb] sane_read(): buffer suffices (contains 61740336, requested 32768)
[11:27:26.654470] [pieusb] sane_read(): requested 32768 bytes
[11:27:26.654475] [pieusb] sane_read(): buffer suffices (contains 61707568, requested 32768)
[11:27:26.654587] [pieusb] sane_read(): requested 32768 bytes
[11:27:26.654592] [pieusb] sane_read(): buffer suffices (contains 61674800, requested 32768)
[11:27:26.654702] [pieusb] sane_read(): requested 32768 bytes
[11:27:26.654708] [pieusb] sane_read(): buffer suffices (contains 61642032, requested 32768)
[11:27:26.654816] [pieusb] sane_read(): requested 32768 bytes
[11:27:26.654821] [pieusb] sane_read(): buffer suffices (contains 61609264, requested 32768)
[11:27:26.654929] [pieusb] sane_read(): requested 32768 bytes
[11:27:26.654934] [pieusb] sane_read(): buffer suffices (contains 61576496, requested 32768)
[11:27:26.655049] [pieusb] sane_read(): requested 32768 bytes
[11:27:26.655054] [pieusb] sane_read(): buffer suffices (contains 61543728, requested 32768)
[11:27:26.655162] [pieusb] sane_read(): requested 32768 bytes
[11:27:26.655167] [pieusb] sane_read(): buffer suffices (contains 61510960, requested 32768)
[11:27:26.655280] [pieusb] sane_read(): requested 32768 bytes
[11:27:26.655285] [pieusb] sane_read(): buffer suffices (contains 61478192, requested 32768)
[11:27:26.655393] [pieusb] sane_read(): requested 32768 bytes
[11:27:26.655397] [pieusb] sane_read(): buffer suffices (contains 61445424, requested 32768)
[11:27:26.655505] [pieusb] sane_read(): requested 32768 bytes
[11:27:26.655510] [pieusb] sane_read(): buffer suffices (contains 61412656, requested 32768)
[11:27:26.655617] [pieusb] sane_read(): requested 32768 bytes
[11:27:26.655621] [pieusb] sane_read(): buffer suffices (contains 61379888, requested 32768)
[11:27:26.655730] [pieusb] sane_read(): requested 32768 bytes
[11:27:26.655734] [pieusb] sane_read(): buffer suffices (contains 61347120, requested 32768)
[11:27:26.655840] [pieusb] sane_read(): requested 32768 bytes
[11:27:26.655845] [pieusb] sane_read(): buffer suffices (contains 61314352, requested 32768)
[11:27:26.655950] [pieusb] sane_read(): requested 32768 bytes
[11:27:26.655955] [pieusb] sane_read(): buffer suffices (contains 61281584, requested 32768)
[11:27:26.656069] [pieusb] sane_read(): requested 32768 bytes
[11:27:26.656074] [pieusb] sane_read(): buffer suffices (contains 61248816, requested 32768)
[11:27:26.656183] [pieusb] sane_read(): requested 32768 bytes
[11:27:26.656188] [pieusb] sane_read(): buffer suffices (contains 61216048, requested 32768)
[11:27:26.656297] [pieusb] sane_read(): requested 32768 bytes
[11:27:26.656302] [pieusb] sane_read(): buffer suffices (contains 61183280, requested 32768)
[11:27:26.656408] [pieusb] sane_read(): requested 32768 bytes
[11:27:26.656412] [pieusb] sane_read(): buffer suffices (contains 61150512, requested 32768)
[11:27:26.656520] [pieusb] sane_read(): requested 32768 bytes
[11:27:26.656525] [pieusb] sane_read(): buffer suffices (contains 61117744, requested 32768)
[11:27:26.656631] [pieusb] sane_read(): requested 32768 bytes
[11:27:26.656636] [pieusb] sane_read(): buffer suffices (contains 61084976, requested 32768)
[11:27:26.656743] [pieusb] sane_read(): requested 32768 bytes
[11:27:26.656748] [pieusb] sane_read(): buffer suffices (contains 61052208, requested 32768)
[11:27:26.656857] [pieusb] sane_read(): requested 32768 bytes
[11:27:26.656862] [pieusb] sane_read(): buffer suffices (contains 61019440, requested 32768)
[11:27:26.656970] [pieusb] sane_read(): requested 32768 bytes
[11:27:26.656974] [pieusb] sane_read(): buffer suffices (contains 60986672, requested 32768)
[11:27:26.657088] [pieusb] sane_read(): requested 32768 bytes
[11:27:26.657093] [pieusb] sane_read(): buffer suffices (contains 60953904, requested 32768)
[11:27:26.657203] [pieusb] sane_read(): requested 32768 bytes
[11:27:26.657209] [pieusb] sane_read(): buffer suffices (contains 60921136, requested 32768)
[11:27:26.657319] [pieusb] sane_read(): requested 32768 bytes
[11:27:26.657324] [pieusb] sane_read(): buffer suffices (contains 60888368, requested 32768)
[11:27:26.657439] [pieusb] sane_read(): requested 32768 bytes
[11:27:26.657445] [pieusb] sane_read(): buffer suffices (contains 60855600, requested 32768)
[11:27:26.657556] [pieusb] sane_read(): requested 32768 bytes
[11:27:26.657561] [pieusb] sane_read(): buffer suffices (contains 60822832, requested 32768)
[11:27:26.657670] [pieusb] sane_read(): requested 32768 bytes
[11:27:26.657676] [pieusb] sane_read(): buffer suffices (contains 60790064, requested 32768)
[11:27:26.657787] [pieusb] sane_read(): requested 32768 bytes
[11:27:26.657794] [pieusb] sane_read(): buffer suffices (contains 60757296, requested 32768)
[11:27:26.657906] [pieusb] sane_read(): requested 32768 bytes
[11:27:26.657912] [pieusb] sane_read(): buffer suffices (contains 60724528, requested 32768)
[11:27:26.658030] [pieusb] sane_read(): requested 32768 bytes
[11:27:26.658036] [pieusb] sane_read(): buffer suffices (contains 60691760, requested 32768)
[11:27:26.658145] [pieusb] sane_read(): requested 32768 bytes
[11:27:26.658150] [pieusb] sane_read(): buffer suffices (contains 60658992, requested 32768)
[11:27:26.658261] [pieusb] sane_read(): requested 32768 bytes
[11:27:26.658267] [pieusb] sane_read(): buffer suffices (contains 60626224, requested 32768)
[11:27:26.658375] [pieusb] sane_read(): requested 32768 bytes
[11:27:26.658381] [pieusb] sane_read(): buffer suffices (contains 60593456, requested 32768)
[11:27:26.658489] [pieusb] sane_read(): requested 32768 bytes
[11:27:26.658493] [pieusb] sane_read(): buffer suffices (contains 60560688, requested 32768)
[11:27:26.658601] [pieusb] sane_read(): requested 32768 bytes
[11:27:26.658605] [pieusb] sane_read(): buffer suffices (contains 60527920, requested 32768)
[11:27:26.658712] [pieusb] sane_read(): requested 32768 bytes
[11:27:26.658717] [pieusb] sane_read(): buffer suffices (contains 60495152, requested 32768)
[11:27:26.658830] [pieusb] sane_read(): requested 32768 bytes
[11:27:26.658835] [pieusb] sane_read(): buffer suffices (contains 60462384, requested 32768)
[11:27:26.658942] [pieusb] sane_read(): requested 32768 bytes
[11:27:26.658946] [pieusb] sane_read(): buffer suffices (contains 60429616, requested 32768)
[11:27:26.659062] [pieusb] sane_read(): requested 32768 bytes
[11:27:26.659067] [pieusb] sane_read(): buffer suffices (contains 60396848, requested 32768)
[11:27:26.659177] [pieusb] sane_read(): requested 32768 bytes
[11:27:26.659181] [pieusb] sane_read(): buffer suffices (contains 60364080, requested 32768)
[11:27:26.659290] [pieusb] sane_read(): requested 32768 bytes
[11:27:26.659295] [pieusb] sane_read(): buffer suffices (contains 60331312, requested 32768)
[11:27:26.659403] [pieusb] sane_read(): requested 32768 bytes
[11:27:26.659408] [pieusb] sane_read(): buffer suffices (contains 60298544, requested 32768)
[11:27:26.659514] [pieusb] sane_read(): requested 32768 bytes
[11:27:26.659519] [pieusb] sane_read(): buffer suffices (contains 60265776, requested 32768)
[11:27:26.659628] [pieusb] sane_read(): requested 32768 bytes
[11:27:26.659633] [pieusb] sane_read(): buffer suffices (contains 60233008, requested 32768)
[11:27:26.659741] [pieusb] sane_read(): requested 32768 bytes
[11:27:26.659746] [pieusb] sane_read(): buffer suffices (contains 60200240, requested 32768)
[11:27:26.659851] [pieusb] sane_read(): requested 32768 bytes
[11:27:26.659856] [pieusb] sane_read(): buffer suffices (contains 60167472, requested 32768)
[11:27:26.659963] [pieusb] sane_read(): requested 32768 bytes
[11:27:26.659967] [pieusb] sane_read(): buffer suffices (contains 60134704, requested 32768)
[11:27:26.660082] [pieusb] sane_read(): requested 32768 bytes
[11:27:26.660086] [pieusb] sane_read(): buffer suffices (contains 60101936, requested 32768)
[11:27:26.660194] [pieusb] sane_read(): requested 32768 bytes
[11:27:26.660199] [pieusb] sane_read(): buffer suffices (contains 60069168, requested 32768)
[11:27:26.660305] [pieusb] sane_read(): requested 32768 bytes
[11:27:26.660309] [pieusb] sane_read(): buffer suffices (contains 60036400, requested 32768)
[11:27:26.660416] [pieusb] sane_read(): requested 32768 bytes
[11:27:26.660421] [pieusb] sane_read(): buffer suffices (contains 60003632, requested 32768)
[11:27:26.660527] [pieusb] sane_read(): requested 32768 bytes
[11:27:26.660532] [pieusb] sane_read(): buffer suffices (contains 59970864, requested 32768)
[11:27:26.660639] [pieusb] sane_read(): requested 32768 bytes
[11:27:26.660644] [pieusb] sane_read(): buffer suffices (contains 59938096, requested 32768)
[11:27:26.660752] [pieusb] sane_read(): requested 32768 bytes
[11:27:26.660757] [pieusb] sane_read(): buffer suffices (contains 59905328, requested 32768)
[11:27:26.660866] [pieusb] sane_read(): requested 32768 bytes
[11:27:26.660871] [pieusb] sane_read(): buffer suffices (contains 59872560, requested 32768)
[11:27:26.660979] [pieusb] sane_read(): requested 32768 bytes
[11:27:26.660990] [pieusb] sane_read(): buffer suffices (contains 59839792, requested 32768)
[11:27:26.661098] [pieusb] sane_read(): requested 32768 bytes
[11:27:26.661102] [pieusb] sane_read(): buffer suffices (contains 59807024, requested 32768)
[11:27:26.661211] [pieusb] sane_read(): requested 32768 bytes
[11:27:26.661216] [pieusb] sane_read(): buffer suffices (contains 59774256, requested 32768)
[11:27:26.661324] [pieusb] sane_read(): requested 32768 bytes
[11:27:26.661328] [pieusb] sane_read(): buffer suffices (contains 59741488, requested 32768)
[11:27:26.661436] [pieusb] sane_read(): requested 32768 bytes
[11:27:26.661440] [pieusb] sane_read(): buffer suffices (contains 59708720, requested 32768)
[11:27:26.661547] [pieusb] sane_read(): requested 32768 bytes
[11:27:26.661551] [pieusb] sane_read(): buffer suffices (contains 59675952, requested 32768)
[11:27:26.661658] [pieusb] sane_read(): requested 32768 bytes
[11:27:26.661663] [pieusb] sane_read(): buffer suffices (contains 59643184, requested 32768)
[11:27:26.661770] [pieusb] sane_read(): requested 32768 bytes
[11:27:26.661774] [pieusb] sane_read(): buffer suffices (contains 59610416, requested 32768)
[11:27:26.661883] [pieusb] sane_read(): requested 32768 bytes
[11:27:26.661887] [pieusb] sane_read(): buffer suffices (contains 59577648, requested 32768)
[11:27:26.662000] [pieusb] sane_read(): requested 32768 bytes
[11:27:26.662005] [pieusb] sane_read(): buffer suffices (contains 59544880, requested 32768)
[11:27:26.662114] [pieusb] sane_read(): requested 32768 bytes
[11:27:26.662119] [pieusb] sane_read(): buffer suffices (contains 59512112, requested 32768)
[11:27:26.662226] [pieusb] sane_read(): requested 32768 bytes
[11:27:26.662230] [pieusb] sane_read(): buffer suffices (contains 59479344, requested 32768)
[11:27:26.662343] [pieusb] sane_read(): requested 32768 bytes
[11:27:26.662347] [pieusb] sane_read(): buffer suffices (contains 59446576, requested 32768)
[11:27:26.662454] [pieusb] sane_read(): requested 32768 bytes
[11:27:26.662459] [pieusb] sane_read(): buffer suffices (contains 59413808, requested 32768)
[11:27:26.662569] [pieusb] sane_read(): requested 32768 bytes
[11:27:26.662573] [pieusb] sane_read(): buffer suffices (contains 59381040, requested 32768)
[11:27:26.662680] [pieusb] sane_read(): requested 32768 bytes
[11:27:26.662685] [pieusb] sane_read(): buffer suffices (contains 59348272, requested 32768)
[11:27:26.662792] [pieusb] sane_read(): requested 32768 bytes
[11:27:26.662796] [pieusb] sane_read(): buffer suffices (contains 59315504, requested 32768)
[11:27:26.662904] [pieusb] sane_read(): requested 32768 bytes
[11:27:26.662909] [pieusb] sane_read(): buffer suffices (contains 59282736, requested 32768)
[11:27:26.663022] [pieusb] sane_read(): requested 32768 bytes
[11:27:26.663027] [pieusb] sane_read(): buffer suffices (contains 59249968, requested 32768)
[11:27:26.663134] [pieusb] sane_read(): requested 32768 bytes
[11:27:26.663139] [pieusb] sane_read(): buffer suffices (contains 59217200, requested 32768)
[11:27:26.663246] [pieusb] sane_read(): requested 32768 bytes
[11:27:26.663250] [pieusb] sane_read(): buffer suffices (contains 59184432, requested 32768)
[11:27:26.663356] [pieusb] sane_read(): requested 32768 bytes
[11:27:26.663361] [pieusb] sane_read(): buffer suffices (contains 59151664, requested 32768)
[11:27:26.663469] [pieusb] sane_read(): requested 32768 bytes
[11:27:26.663474] [pieusb] sane_read(): buffer suffices (contains 59118896, requested 32768)
[11:27:26.663580] [pieusb] sane_read(): requested 32768 bytes
[11:27:26.663585] [pieusb] sane_read(): buffer suffices (contains 59086128, requested 32768)
[11:27:26.663692] [pieusb] sane_read(): requested 32768 bytes
[11:27:26.663696] [pieusb] sane_read(): buffer suffices (contains 59053360, requested 32768)
[11:27:26.663803] [pieusb] sane_read(): requested 32768 bytes
[11:27:26.663807] [pieusb] sane_read(): buffer suffices (contains 59020592, requested 32768)
[11:27:26.663914] [pieusb] sane_read(): requested 32768 bytes
[11:27:26.663919] [pieusb] sane_read(): buffer suffices (contains 58987824, requested 32768)
[11:27:26.664032] [pieusb] sane_read(): requested 32768 bytes
[11:27:26.664037] [pieusb] sane_read(): buffer suffices (contains 58955056, requested 32768)
[11:27:26.664144] [pieusb] sane_read(): requested 32768 bytes
[11:27:26.664148] [pieusb] sane_read(): buffer suffices (contains 58922288, requested 32768)
[11:27:26.664257] [pieusb] sane_read(): requested 32768 bytes
[11:27:26.664262] [pieusb] sane_read(): buffer suffices (contains 58889520, requested 32768)
[11:27:26.664368] [pieusb] sane_read(): requested 32768 bytes
[11:27:26.664373] [pieusb] sane_read(): buffer suffices (contains 58856752, requested 32768)
[11:27:26.664480] [pieusb] sane_read(): requested 32768 bytes
[11:27:26.664484] [pieusb] sane_read(): buffer suffices (contains 58823984, requested 32768)
[11:27:26.664609] [pieusb] sane_read(): requested 32768 bytes
[11:27:26.664614] [pieusb] sane_read(): buffer suffices (contains 58791216, requested 32768)
[11:27:26.664722] [pieusb] sane_read(): requested 32768 bytes
[11:27:26.664727] [pieusb] sane_read(): buffer suffices (contains 58758448, requested 32768)
[11:27:26.664835] [pieusb] sane_read(): requested 32768 bytes
[11:27:26.664840] [pieusb] sane_read(): buffer suffices (contains 58725680, requested 32768)
[11:27:26.664947] [pieusb] sane_read(): requested 32768 bytes
[11:27:26.664952] [pieusb] sane_read(): buffer suffices (contains 58692912, requested 32768)
[11:27:26.665064] [pieusb] sane_read(): requested 32768 bytes
[11:27:26.665069] [pieusb] sane_read(): buffer suffices (contains 58660144, requested 32768)
[11:27:26.665193] [pieusb] sane_read(): requested 32768 bytes
[11:27:26.665197] [pieusb] sane_read(): buffer suffices (contains 58627376, requested 32768)
[11:27:26.665304] [pieusb] sane_read(): requested 32768 bytes
[11:27:26.665308] [pieusb] sane_read(): buffer suffices (contains 58594608, requested 32768)
[11:27:26.665416] [pieusb] sane_read(): requested 32768 bytes
[11:27:26.665421] [pieusb] sane_read(): buffer suffices (contains 58561840, requested 32768)
[11:27:26.665528] [pieusb] sane_read(): requested 32768 bytes
[11:27:26.665533] [pieusb] sane_read(): buffer suffices (contains 58529072, requested 32768)
[11:27:26.665639] [pieusb] sane_read(): requested 32768 bytes
[11:27:26.665644] [pieusb] sane_read(): buffer suffices (contains 58496304, requested 32768)
[11:27:26.665753] [pieusb] sane_read(): requested 32768 bytes
[11:27:26.665757] [pieusb] sane_read(): buffer suffices (contains 58463536, requested 32768)
[11:27:26.665869] [pieusb] sane_read(): requested 32768 bytes
[11:27:26.665874] [pieusb] sane_read(): buffer suffices (contains 58430768, requested 32768)
[11:27:26.665988] [pieusb] sane_read(): requested 32768 bytes
[11:27:26.665993] [pieusb] sane_read(): buffer suffices (contains 58398000, requested 32768)
[11:27:26.666101] [pieusb] sane_read(): requested 32768 bytes
[11:27:26.666106] [pieusb] sane_read(): buffer suffices (contains 58365232, requested 32768)
[11:27:26.666229] [pieusb] sane_read(): requested 32768 bytes
[11:27:26.666234] [pieusb] sane_read(): buffer suffices (contains 58332464, requested 32768)
[11:27:26.666342] [pieusb] sane_read(): requested 32768 bytes
[11:27:26.666346] [pieusb] sane_read(): buffer suffices (contains 58299696, requested 32768)
[11:27:26.666455] [pieusb] sane_read(): requested 32768 bytes
[11:27:26.666460] [pieusb] sane_read(): buffer suffices (contains 58266928, requested 32768)
[11:27:26.666566] [pieusb] sane_read(): requested 32768 bytes
[11:27:26.666570] [pieusb] sane_read(): buffer suffices (contains 58234160, requested 32768)
[11:27:26.666677] [pieusb] sane_read(): requested 32768 bytes
[11:27:26.666682] [pieusb] sane_read(): buffer suffices (contains 58201392, requested 32768)
[11:27:26.666792] [pieusb] sane_read(): requested 32768 bytes
[11:27:26.666796] [pieusb] sane_read(): buffer suffices (contains 58168624, requested 32768)
[11:27:26.666903] [pieusb] sane_read(): requested 32768 bytes
[11:27:26.666907] [pieusb] sane_read(): buffer suffices (contains 58135856, requested 32768)
[11:27:26.667017] [pieusb] sane_read(): requested 32768 bytes
[11:27:26.667022] [pieusb] sane_read(): buffer suffices (contains 58103088, requested 32768)
[11:27:26.667129] [pieusb] sane_read(): requested 32768 bytes
[11:27:26.667134] [pieusb] sane_read(): buffer suffices (contains 58070320, requested 32768)
[11:27:26.667240] [pieusb] sane_read(): requested 32768 bytes
[11:27:26.667258] [pieusb] sane_read(): buffer suffices (contains 58037552, requested 32768)
[11:27:26.667370] [pieusb] sane_read(): requested 32768 bytes
[11:27:26.667374] [pieusb] sane_read(): buffer suffices (contains 58004784, requested 32768)
[11:27:26.667482] [pieusb] sane_read(): requested 32768 bytes
[11:27:26.667487] [pieusb] sane_read(): buffer suffices (contains 57972016, requested 32768)
[11:27:26.667597] [pieusb] sane_read(): requested 32768 bytes
[11:27:26.667603] [pieusb] sane_read(): buffer suffices (contains 57939248, requested 32768)
[11:27:26.667742] [pieusb] sane_read(): requested 32768 bytes
[11:27:26.667747] [pieusb] sane_read(): buffer suffices (contains 57906480, requested 32768)
[11:27:26.667856] [pieusb] sane_read(): requested 32768 bytes
[11:27:26.667861] [pieusb] sane_read(): buffer suffices (contains 57873712, requested 32768)
[11:27:26.667971] [pieusb] sane_read(): requested 32768 bytes
[11:27:26.667976] [pieusb] sane_read(): buffer suffices (contains 57840944, requested 32768)
[11:27:26.668093] [pieusb] sane_read(): requested 32768 bytes
[11:27:26.668099] [pieusb] sane_read(): buffer suffices (contains 57808176, requested 32768)
[11:27:26.668210] [pieusb] sane_read(): requested 32768 bytes
[11:27:26.668216] [pieusb] sane_read(): buffer suffices (contains 57775408, requested 32768)
[11:27:26.668327] [pieusb] sane_read(): requested 32768 bytes
[11:27:26.668333] [pieusb] sane_read(): buffer suffices (contains 57742640, requested 32768)
[11:27:26.668445] [pieusb] sane_read(): requested 32768 bytes
[11:27:26.668450] [pieusb] sane_read(): buffer suffices (contains 57709872, requested 32768)
[11:27:26.668567] [pieusb] sane_read(): requested 32768 bytes
[11:27:26.668573] [pieusb] sane_read(): buffer suffices (contains 57677104, requested 32768)
[11:27:26.668684] [pieusb] sane_read(): requested 32768 bytes
[11:27:26.668689] [pieusb] sane_read(): buffer suffices (contains 57644336, requested 32768)
[11:27:26.668795] [pieusb] sane_read(): requested 32768 bytes
[11:27:26.668800] [pieusb] sane_read(): buffer suffices (contains 57611568, requested 32768)
[11:27:26.668908] [pieusb] sane_read(): requested 32768 bytes
[11:27:26.668912] [pieusb] sane_read(): buffer suffices (contains 57578800, requested 32768)
[11:27:26.669027] [pieusb] sane_read(): requested 32768 bytes
[11:27:26.669032] [pieusb] sane_read(): buffer suffices (contains 57546032, requested 32768)
[11:27:26.669159] [pieusb] sane_read(): requested 32768 bytes
[11:27:26.669164] [pieusb] sane_read(): buffer suffices (contains 57513264, requested 32768)
[11:27:26.669274] [pieusb] sane_read(): requested 32768 bytes
[11:27:26.669279] [pieusb] sane_read(): buffer suffices (contains 57480496, requested 32768)
[11:27:26.669390] [pieusb] sane_read(): requested 32768 bytes
[11:27:26.669396] [pieusb] sane_read(): buffer suffices (contains 57447728, requested 32768)
[11:27:26.669519] [pieusb] sane_read(): requested 32768 bytes
[11:27:26.669525] [pieusb] sane_read(): buffer suffices (contains 57414960, requested 32768)
[11:27:26.669635] [pieusb] sane_read(): requested 32768 bytes
[11:27:26.669641] [pieusb] sane_read(): buffer suffices (contains 57382192, requested 32768)
[11:27:26.669758] [pieusb] sane_read(): requested 32768 bytes
[11:27:26.669765] [pieusb] sane_read(): buffer suffices (contains 57349424, requested 32768)
[11:27:26.669879] [pieusb] sane_read(): requested 32768 bytes
[11:27:26.669885] [pieusb] sane_read(): buffer suffices (contains 57316656, requested 32768)
[11:27:26.670007] [pieusb] sane_read(): requested 32768 bytes
[11:27:26.670013] [pieusb] sane_read(): buffer suffices (contains 57283888, requested 32768)
[11:27:26.670125] [pieusb] sane_read(): requested 32768 bytes
[11:27:26.670147] [pieusb] sane_read(): buffer suffices (contains 57251120, requested 32768)
[11:27:26.670258] [pieusb] sane_read(): requested 32768 bytes
[11:27:26.670264] [pieusb] sane_read(): buffer suffices (contains 57218352, requested 32768)
[11:27:26.670377] [pieusb] sane_read(): requested 32768 bytes
[11:27:26.670384] [pieusb] sane_read(): buffer suffices (contains 57185584, requested 32768)
[11:27:26.670495] [pieusb] sane_read(): requested 32768 bytes
[11:27:26.670501] [pieusb] sane_read(): buffer suffices (contains 57152816, requested 32768)
[11:27:26.670609] [pieusb] sane_read(): requested 32768 bytes
[11:27:26.670615] [pieusb] sane_read(): buffer suffices (contains 57120048, requested 32768)
[11:27:26.670724] [pieusb] sane_read(): requested 32768 bytes
[11:27:26.670729] [pieusb] sane_read(): buffer suffices (contains 57087280, requested 32768)
[11:27:26.670845] [pieusb] sane_read(): requested 32768 bytes
[11:27:26.670850] [pieusb] sane_read(): buffer suffices (contains 57054512, requested 32768)
[11:27:26.670960] [pieusb] sane_read(): requested 32768 bytes
[11:27:26.670965] [pieusb] sane_read(): buffer suffices (contains 57021744, requested 32768)
[11:27:26.671101] [pieusb] sane_read(): requested 32768 bytes
[11:27:26.671105] [pieusb] sane_read(): buffer suffices (contains 56988976, requested 32768)
[11:27:26.671212] [pieusb] sane_read(): requested 32768 bytes
[11:27:26.671217] [pieusb] sane_read(): buffer suffices (contains 56956208, requested 32768)
[11:27:26.671327] [pieusb] sane_read(): requested 32768 bytes
[11:27:26.671332] [pieusb] sane_read(): buffer suffices (contains 56923440, requested 32768)
[11:27:26.671441] [pieusb] sane_read(): requested 32768 bytes
[11:27:26.671446] [pieusb] sane_read(): buffer suffices (contains 56890672, requested 32768)
[11:27:26.671553] [pieusb] sane_read(): requested 32768 bytes
[11:27:26.671557] [pieusb] sane_read(): buffer suffices (contains 56857904, requested 32768)
[11:27:26.671667] [pieusb] sane_read(): requested 32768 bytes
[11:27:26.671672] [pieusb] sane_read(): buffer suffices (contains 56825136, requested 32768)
[11:27:26.671781] [pieusb] sane_read(): requested 32768 bytes
[11:27:26.671786] [pieusb] sane_read(): buffer suffices (contains 56792368, requested 32768)
[11:27:26.671895] [pieusb] sane_read(): requested 32768 bytes
[11:27:26.671900] [pieusb] sane_read(): buffer suffices (contains 56759600, requested 32768)
[11:27:26.672016] [pieusb] sane_read(): requested 32768 bytes
[11:27:26.672021] [pieusb] sane_read(): buffer suffices (contains 56726832, requested 32768)
[11:27:26.672131] [pieusb] sane_read(): requested 32768 bytes
[11:27:26.672152] [pieusb] sane_read(): buffer suffices (contains 56694064, requested 32768)
[11:27:26.672263] [pieusb] sane_read(): requested 32768 bytes
[11:27:26.672267] [pieusb] sane_read(): buffer suffices (contains 56661296, requested 32768)
[11:27:26.672378] [pieusb] sane_read(): requested 32768 bytes
[11:27:26.672383] [pieusb] sane_read(): buffer suffices (contains 56628528, requested 32768)
[11:27:26.672490] [pieusb] sane_read(): requested 32768 bytes
[11:27:26.672495] [pieusb] sane_read(): buffer suffices (contains 56595760, requested 32768)
[11:27:26.672603] [pieusb] sane_read(): requested 32768 bytes
[11:27:26.672608] [pieusb] sane_read(): buffer suffices (contains 56562992, requested 32768)
[11:27:26.672713] [pieusb] sane_read(): requested 32768 bytes
[11:27:26.672719] [pieusb] sane_read(): buffer suffices (contains 56530224, requested 32768)
[11:27:26.672827] [pieusb] sane_read(): requested 32768 bytes
[11:27:26.672832] [pieusb] sane_read(): buffer suffices (contains 56497456, requested 32768)
[11:27:26.672938] [pieusb] sane_read(): requested 32768 bytes
[11:27:26.672943] [pieusb] sane_read(): buffer suffices (contains 56464688, requested 32768)
[11:27:26.673059] [pieusb] sane_read(): requested 32768 bytes
[11:27:26.673064] [pieusb] sane_read(): buffer suffices (contains 56431920, requested 32768)
[11:27:26.673190] [pieusb] sane_read(): requested 32768 bytes
[11:27:26.673195] [pieusb] sane_read(): buffer suffices (contains 56399152, requested 32768)
[11:27:26.673301] [pieusb] sane_read(): requested 32768 bytes
[11:27:26.673306] [pieusb] sane_read(): buffer suffices (contains 56366384, requested 32768)
[11:27:26.673411] [pieusb] sane_read(): requested 32768 bytes
[11:27:26.673416] [pieusb] sane_read(): buffer suffices (contains 56333616, requested 32768)
[11:27:26.673522] [pieusb] sane_read(): requested 32768 bytes
[11:27:26.673527] [pieusb] sane_read(): buffer suffices (contains 56300848, requested 32768)
[11:27:26.673634] [pieusb] sane_read(): requested 32768 bytes
[11:27:26.673638] [pieusb] sane_read(): buffer suffices (contains 56268080, requested 32768)
[11:27:26.673748] [pieusb] sane_read(): requested 32768 bytes
[11:27:26.673752] [pieusb] sane_read(): buffer suffices (contains 56235312, requested 32768)
[11:27:26.673860] [pieusb] sane_read(): requested 32768 bytes
[11:27:26.673864] [pieusb] sane_read(): buffer suffices (contains 56202544, requested 32768)
[11:27:26.673972] [pieusb] sane_read(): requested 32768 bytes
[11:27:26.673977] [pieusb] sane_read(): buffer suffices (contains 56169776, requested 32768)
[11:27:26.674092] [pieusb] sane_read(): requested 32768 bytes
[11:27:26.674097] [pieusb] sane_read(): buffer suffices (contains 56137008, requested 32768)
[11:27:26.674205] [pieusb] sane_read(): requested 32768 bytes
[11:27:26.674210] [pieusb] sane_read(): buffer suffices (contains 56104240, requested 32768)
[11:27:26.674317] [pieusb] sane_read(): requested 32768 bytes
[11:27:26.674322] [pieusb] sane_read(): buffer suffices (contains 56071472, requested 32768)
[11:27:26.674429] [pieusb] sane_read(): requested 32768 bytes
[11:27:26.674433] [pieusb] sane_read(): buffer suffices (contains 56038704, requested 32768)
[11:27:26.674541] [pieusb] sane_read(): requested 32768 bytes
[11:27:26.674546] [pieusb] sane_read(): buffer suffices (contains 56005936, requested 32768)
[11:27:26.674653] [pieusb] sane_read(): requested 32768 bytes
[11:27:26.674658] [pieusb] sane_read(): buffer suffices (contains 55973168, requested 32768)
[11:27:26.674767] [pieusb] sane_read(): requested 32768 bytes
[11:27:26.674772] [pieusb] sane_read(): buffer suffices (contains 55940400, requested 32768)
[11:27:26.674879] [pieusb] sane_read(): requested 32768 bytes
[11:27:26.674884] [pieusb] sane_read(): buffer suffices (contains 55907632, requested 32768)
[11:27:26.674996] [pieusb] sane_read(): requested 32768 bytes
[11:27:26.675000] [pieusb] sane_read(): buffer suffices (contains 55874864, requested 32768)
[11:27:26.675108] [pieusb] sane_read(): requested 32768 bytes
[11:27:26.675123] [pieusb] sane_read(): buffer suffices (contains 55842096, requested 32768)
[11:27:26.675240] [pieusb] sane_read(): requested 32768 bytes
[11:27:26.675245] [pieusb] sane_read(): buffer suffices (contains 55809328, requested 32768)
[11:27:26.675350] [pieusb] sane_read(): requested 32768 bytes
[11:27:26.675355] [pieusb] sane_read(): buffer suffices (contains 55776560, requested 32768)
[11:27:26.675462] [pieusb] sane_read(): requested 32768 bytes
[11:27:26.675467] [pieusb] sane_read(): buffer suffices (contains 55743792, requested 32768)
[11:27:26.675574] [pieusb] sane_read(): requested 32768 bytes
[11:27:26.675579] [pieusb] sane_read(): buffer suffices (contains 55711024, requested 32768)
[11:27:26.675686] [pieusb] sane_read(): requested 32768 bytes
[11:27:26.675690] [pieusb] sane_read(): buffer suffices (contains 55678256, requested 32768)
[11:27:26.675799] [pieusb] sane_read(): requested 32768 bytes
[11:27:26.675804] [pieusb] sane_read(): buffer suffices (contains 55645488, requested 32768)
[11:27:26.675918] [pieusb] sane_read(): requested 32768 bytes
[11:27:26.675923] [pieusb] sane_read(): buffer suffices (contains 55612720, requested 32768)
[11:27:26.676041] [pieusb] sane_read(): requested 32768 bytes
[11:27:26.676046] [pieusb] sane_read(): buffer suffices (contains 55579952, requested 32768)
[11:27:26.676157] [pieusb] sane_read(): requested 32768 bytes
[11:27:26.676162] [pieusb] sane_read(): buffer suffices (contains 55547184, requested 32768)
[11:27:26.676270] [pieusb] sane_read(): requested 32768 bytes
[11:27:26.676276] [pieusb] sane_read(): buffer suffices (contains 55514416, requested 32768)
[11:27:26.676384] [pieusb] sane_read(): requested 32768 bytes
[11:27:26.676389] [pieusb] sane_read(): buffer suffices (contains 55481648, requested 32768)
[11:27:26.676504] [pieusb] sane_read(): requested 32768 bytes
[11:27:26.676509] [pieusb] sane_read(): buffer suffices (contains 55448880, requested 32768)
[11:27:26.676619] [pieusb] sane_read(): requested 32768 bytes
[11:27:26.676625] [pieusb] sane_read(): buffer suffices (contains 55416112, requested 32768)
[11:27:26.676745] [pieusb] sane_read(): requested 32768 bytes
[11:27:26.676751] [pieusb] sane_read(): buffer suffices (contains 55383344, requested 32768)
[11:27:26.676861] [pieusb] sane_read(): requested 32768 bytes
[11:27:26.676866] [pieusb] sane_read(): buffer suffices (contains 55350576, requested 32768)
[11:27:26.676978] [pieusb] sane_read(): requested 32768 bytes
[11:27:26.676990] [pieusb] sane_read(): buffer suffices (contains 55317808, requested 32768)
[11:27:26.677141] [pieusb] sane_read(): requested 32768 bytes
[11:27:26.677147] [pieusb] sane_read(): buffer suffices (contains 55285040, requested 32768)
[11:27:26.677259] [pieusb] sane_read(): requested 32768 bytes
[11:27:26.677265] [pieusb] sane_read(): buffer suffices (contains 55252272, requested 32768)
[11:27:26.677374] [pieusb] sane_read(): requested 32768 bytes
[11:27:26.677380] [pieusb] sane_read(): buffer suffices (contains 55219504, requested 32768)
[11:27:26.677491] [pieusb] sane_read(): requested 32768 bytes
[11:27:26.677496] [pieusb] sane_read(): buffer suffices (contains 55186736, requested 32768)
[11:27:26.677607] [pieusb] sane_read(): requested 32768 bytes
[11:27:26.677614] [pieusb] sane_read(): buffer suffices (contains 55153968, requested 32768)
[11:27:26.677724] [pieusb] sane_read(): requested 32768 bytes
[11:27:26.677730] [pieusb] sane_read(): buffer suffices (contains 55121200, requested 32768)
[11:27:26.677837] [pieusb] sane_read(): requested 32768 bytes
[11:27:26.677842] [pieusb] sane_read(): buffer suffices (contains 55088432, requested 32768)
[11:27:26.677950] [pieusb] sane_read(): requested 32768 bytes
[11:27:26.677954] [pieusb] sane_read(): buffer suffices (contains 55055664, requested 32768)
[11:27:26.678069] [pieusb] sane_read(): requested 32768 bytes
[11:27:26.678074] [pieusb] sane_read(): buffer suffices (contains 55022896, requested 32768)
[11:27:26.678187] [pieusb] sane_read(): requested 32768 bytes
[11:27:26.678192] [pieusb] sane_read(): buffer suffices (contains 54990128, requested 32768)
[11:27:26.678302] [pieusb] sane_read(): requested 32768 bytes
[11:27:26.678307] [pieusb] sane_read(): buffer suffices (contains 54957360, requested 32768)
[11:27:26.678413] [pieusb] sane_read(): requested 32768 bytes
[11:27:26.678418] [pieusb] sane_read(): buffer suffices (contains 54924592, requested 32768)
[11:27:26.678525] [pieusb] sane_read(): requested 32768 bytes
[11:27:26.678530] [pieusb] sane_read(): buffer suffices (contains 54891824, requested 32768)
[11:27:26.678637] [pieusb] sane_read(): requested 32768 bytes
[11:27:26.678642] [pieusb] sane_read(): buffer suffices (contains 54859056, requested 32768)
[11:27:26.678749] [pieusb] sane_read(): requested 32768 bytes
[11:27:26.678753] [pieusb] sane_read(): buffer suffices (contains 54826288, requested 32768)
[11:27:26.678861] [pieusb] sane_read(): requested 32768 bytes
[11:27:26.678866] [pieusb] sane_read(): buffer suffices (contains 54793520, requested 32768)
[11:27:26.678973] [pieusb] sane_read(): requested 32768 bytes
[11:27:26.678978] [pieusb] sane_read(): buffer suffices (contains 54760752, requested 32768)
[11:27:26.679090] [pieusb] sane_read(): requested 32768 bytes
[11:27:26.679095] [pieusb] sane_read(): buffer suffices (contains 54727984, requested 32768)
[11:27:26.679202] [pieusb] sane_read(): requested 32768 bytes
[11:27:26.679206] [pieusb] sane_read(): buffer suffices (contains 54695216, requested 32768)
[11:27:26.679313] [pieusb] sane_read(): requested 32768 bytes
[11:27:26.679317] [pieusb] sane_read(): buffer suffices (contains 54662448, requested 32768)
[11:27:26.679425] [pieusb] sane_read(): requested 32768 bytes
[11:27:26.679430] [pieusb] sane_read(): buffer suffices (contains 54629680, requested 32768)
[11:27:26.679538] [pieusb] sane_read(): requested 32768 bytes
[11:27:26.679542] [pieusb] sane_read(): buffer suffices (contains 54596912, requested 32768)
[11:27:26.679649] [pieusb] sane_read(): requested 32768 bytes
[11:27:26.679654] [pieusb] sane_read(): buffer suffices (contains 54564144, requested 32768)
[11:27:26.679761] [pieusb] sane_read(): requested 32768 bytes
[11:27:26.679766] [pieusb] sane_read(): buffer suffices (contains 54531376, requested 32768)
[11:27:26.679872] [pieusb] sane_read(): requested 32768 bytes
[11:27:26.679877] [pieusb] sane_read(): buffer suffices (contains 54498608, requested 32768)
[11:27:26.679992] [pieusb] sane_read(): requested 32768 bytes
[11:27:26.679997] [pieusb] sane_read(): buffer suffices (contains 54465840, requested 32768)
[11:27:26.680104] [pieusb] sane_read(): requested 32768 bytes
[11:27:26.680118] [pieusb] sane_read(): buffer suffices (contains 54433072, requested 32768)
[11:27:26.680228] [pieusb] sane_read(): requested 32768 bytes
[11:27:26.680233] [pieusb] sane_read(): buffer suffices (contains 54400304, requested 32768)
[11:27:26.680344] [pieusb] sane_read(): requested 32768 bytes
[11:27:26.680349] [pieusb] sane_read(): buffer suffices (contains 54367536, requested 32768)
[11:27:26.680458] [pieusb] sane_read(): requested 32768 bytes
[11:27:26.680463] [pieusb] sane_read(): buffer suffices (contains 54334768, requested 32768)
[11:27:26.680570] [pieusb] sane_read(): requested 32768 bytes
[11:27:26.680574] [pieusb] sane_read(): buffer suffices (contains 54302000, requested 32768)
[11:27:26.680682] [pieusb] sane_read(): requested 32768 bytes
[11:27:26.680686] [pieusb] sane_read(): buffer suffices (contains 54269232, requested 32768)
[11:27:26.680793] [pieusb] sane_read(): requested 32768 bytes
[11:27:26.680798] [pieusb] sane_read(): buffer suffices (contains 54236464, requested 32768)
[11:27:26.680905] [pieusb] sane_read(): requested 32768 bytes
[11:27:26.680910] [pieusb] sane_read(): buffer suffices (contains 54203696, requested 32768)
[11:27:26.681023] [pieusb] sane_read(): requested 32768 bytes
[11:27:26.681028] [pieusb] sane_read(): buffer suffices (contains 54170928, requested 32768)
[11:27:26.681150] [pieusb] sane_read(): requested 32768 bytes
[11:27:26.681154] [pieusb] sane_read(): buffer suffices (contains 54138160, requested 32768)
[11:27:26.681261] [pieusb] sane_read(): requested 32768 bytes
[11:27:26.681265] [pieusb] sane_read(): buffer suffices (contains 54105392, requested 32768)
[11:27:26.681372] [pieusb] sane_read(): requested 32768 bytes
[11:27:26.681376] [pieusb] sane_read(): buffer suffices (contains 54072624, requested 32768)
[11:27:26.681483] [pieusb] sane_read(): requested 32768 bytes
[11:27:26.681488] [pieusb] sane_read(): buffer suffices (contains 54039856, requested 32768)
[11:27:26.681596] [pieusb] sane_read(): requested 32768 bytes
[11:27:26.681600] [pieusb] sane_read(): buffer suffices (contains 54007088, requested 32768)
[11:27:26.681710] [pieusb] sane_read(): requested 32768 bytes
[11:27:26.681714] [pieusb] sane_read(): buffer suffices (contains 53974320, requested 32768)
[11:27:26.681821] [pieusb] sane_read(): requested 32768 bytes
[11:27:26.681826] [pieusb] sane_read(): buffer suffices (contains 53941552, requested 32768)
[11:27:26.681932] [pieusb] sane_read(): requested 32768 bytes
[11:27:26.681937] [pieusb] sane_read(): buffer suffices (contains 53908784, requested 32768)
[11:27:26.682047] [pieusb] sane_read(): requested 32768 bytes
[11:27:26.682052] [pieusb] sane_read(): buffer suffices (contains 53876016, requested 32768)
[11:27:26.682161] [pieusb] sane_read(): requested 32768 bytes
[11:27:26.682166] [pieusb] sane_read(): buffer suffices (contains 53843248, requested 32768)
[11:27:26.682272] [pieusb] sane_read(): requested 32768 bytes
[11:27:26.682277] [pieusb] sane_read(): buffer suffices (contains 53810480, requested 32768)
[11:27:26.682383] [pieusb] sane_read(): requested 32768 bytes
[11:27:26.682388] [pieusb] sane_read(): buffer suffices (contains 53777712, requested 32768)
[11:27:26.682495] [pieusb] sane_read(): requested 32768 bytes
[11:27:26.682499] [pieusb] sane_read(): buffer suffices (contains 53744944, requested 32768)
[11:27:26.682607] [pieusb] sane_read(): requested 32768 bytes
[11:27:26.682611] [pieusb] sane_read(): buffer suffices (contains 53712176, requested 32768)
[11:27:26.682720] [pieusb] sane_read(): requested 32768 bytes
[11:27:26.682724] [pieusb] sane_read(): buffer suffices (contains 53679408, requested 32768)
[11:27:26.682831] [pieusb] sane_read(): requested 32768 bytes
[11:27:26.682836] [pieusb] sane_read(): buffer suffices (contains 53646640, requested 32768)
[11:27:26.682943] [pieusb] sane_read(): requested 32768 bytes
[11:27:26.682947] [pieusb] sane_read(): buffer suffices (contains 53613872, requested 32768)
[11:27:26.683060] [pieusb] sane_read(): requested 32768 bytes
[11:27:26.683064] [pieusb] sane_read(): buffer suffices (contains 53581104, requested 32768)
[11:27:26.683207] [pieusb] sane_read(): requested 32768 bytes
[11:27:26.683211] [pieusb] sane_read(): buffer suffices (contains 53548336, requested 32768)
[11:27:26.683322] [pieusb] sane_read(): requested 32768 bytes
[11:27:26.683326] [pieusb] sane_read(): buffer suffices (contains 53515568, requested 32768)
[11:27:26.683436] [pieusb] sane_read(): requested 32768 bytes
[11:27:26.683440] [pieusb] sane_read(): buffer suffices (contains 53482800, requested 32768)
[11:27:26.683547] [pieusb] sane_read(): requested 32768 bytes
[11:27:26.683551] [pieusb] sane_read(): buffer suffices (contains 53450032, requested 32768)
[11:27:26.683659] [pieusb] sane_read(): requested 32768 bytes
[11:27:26.683663] [pieusb] sane_read(): buffer suffices (contains 53417264, requested 32768)
[11:27:26.683770] [pieusb] sane_read(): requested 32768 bytes
[11:27:26.683775] [pieusb] sane_read(): buffer suffices (contains 53384496, requested 32768)
[11:27:26.683888] [pieusb] sane_read(): requested 32768 bytes
[11:27:26.683892] [pieusb] sane_read(): buffer suffices (contains 53351728, requested 32768)
[11:27:26.684004] [pieusb] sane_read(): requested 32768 bytes
[11:27:26.684009] [pieusb] sane_read(): buffer suffices (contains 53318960, requested 32768)
[11:27:26.684117] [pieusb] sane_read(): requested 32768 bytes
[11:27:26.684122] [pieusb] sane_read(): buffer suffices (contains 53286192, requested 32768)
[11:27:26.684231] [pieusb] sane_read(): requested 32768 bytes
[11:27:26.684236] [pieusb] sane_read(): buffer suffices (contains 53253424, requested 32768)
[11:27:26.684346] [pieusb] sane_read(): requested 32768 bytes
[11:27:26.684351] [pieusb] sane_read(): buffer suffices (contains 53220656, requested 32768)
[11:27:26.684462] [pieusb] sane_read(): requested 32768 bytes
[11:27:26.684467] [pieusb] sane_read(): buffer suffices (contains 53187888, requested 32768)
[11:27:26.684579] [pieusb] sane_read(): requested 32768 bytes
[11:27:26.684584] [pieusb] sane_read(): buffer suffices (contains 53155120, requested 32768)
[11:27:26.684694] [pieusb] sane_read(): requested 32768 bytes
[11:27:26.684700] [pieusb] sane_read(): buffer suffices (contains 53122352, requested 32768)
[11:27:26.684814] [pieusb] sane_read(): requested 32768 bytes
[11:27:26.684820] [pieusb] sane_read(): buffer suffices (contains 53089584, requested 32768)
[11:27:26.684935] [pieusb] sane_read(): requested 32768 bytes
[11:27:26.684941] [pieusb] sane_read(): buffer suffices (contains 53056816, requested 32768)
[11:27:26.685066] [pieusb] sane_read(): requested 32768 bytes
[11:27:26.685072] [pieusb] sane_read(): buffer suffices (contains 53024048, requested 32768)
[11:27:26.685186] [pieusb] sane_read(): requested 32768 bytes
[11:27:26.685192] [pieusb] sane_read(): buffer suffices (contains 52991280, requested 32768)
[11:27:26.685302] [pieusb] sane_read(): requested 32768 bytes
[11:27:26.685308] [pieusb] sane_read(): buffer suffices (contains 52958512, requested 32768)
[11:27:26.685415] [pieusb] sane_read(): requested 32768 bytes
[11:27:26.685420] [pieusb] sane_read(): buffer suffices (contains 52925744, requested 32768)
[11:27:26.685528] [pieusb] sane_read(): requested 32768 bytes
[11:27:26.685533] [pieusb] sane_read(): buffer suffices (contains 52892976, requested 32768)
[11:27:26.685640] [pieusb] sane_read(): requested 32768 bytes
[11:27:26.685645] [pieusb] sane_read(): buffer suffices (contains 52860208, requested 32768)
[11:27:26.685752] [pieusb] sane_read(): requested 32768 bytes
[11:27:26.685757] [pieusb] sane_read(): buffer suffices (contains 52827440, requested 32768)
[11:27:26.685867] [pieusb] sane_read(): requested 32768 bytes
[11:27:26.685874] [pieusb] sane_read(): buffer suffices (contains 52794672, requested 32768)
[11:27:26.685992] [pieusb] sane_read(): requested 32768 bytes
[11:27:26.685998] [pieusb] sane_read(): buffer suffices (contains 52761904, requested 32768)
[11:27:26.686115] [pieusb] sane_read(): requested 32768 bytes
[11:27:26.686121] [pieusb] sane_read(): buffer suffices (contains 52729136, requested 32768)
[11:27:26.686233] [pieusb] sane_read(): requested 32768 bytes
[11:27:26.686239] [pieusb] sane_read(): buffer suffices (contains 52696368, requested 32768)
[11:27:26.686347] [pieusb] sane_read(): requested 32768 bytes
[11:27:26.686352] [pieusb] sane_read(): buffer suffices (contains 52663600, requested 32768)
[11:27:26.686462] [pieusb] sane_read(): requested 32768 bytes
[11:27:26.686467] [pieusb] sane_read(): buffer suffices (contains 52630832, requested 32768)
[11:27:26.686578] [pieusb] sane_read(): requested 32768 bytes
[11:27:26.686583] [pieusb] sane_read(): buffer suffices (contains 52598064, requested 32768)
[11:27:26.686697] [pieusb] sane_read(): requested 32768 bytes
[11:27:26.686702] [pieusb] sane_read(): buffer suffices (contains 52565296, requested 32768)
[11:27:26.686813] [pieusb] sane_read(): requested 32768 bytes
[11:27:26.686820] [pieusb] sane_read(): buffer suffices (contains 52532528, requested 32768)
[11:27:26.686942] [pieusb] sane_read(): requested 32768 bytes
[11:27:26.686949] [pieusb] sane_read(): buffer suffices (contains 52499760, requested 32768)
[11:27:26.687071] [pieusb] sane_read(): requested 32768 bytes
[11:27:26.687076] [pieusb] sane_read(): buffer suffices (contains 52466992, requested 32768)
[11:27:26.687193] [pieusb] sane_read(): requested 32768 bytes
[11:27:26.687198] [pieusb] sane_read(): buffer suffices (contains 52434224, requested 32768)
[11:27:26.687312] [pieusb] sane_read(): requested 32768 bytes
[11:27:26.687318] [pieusb] sane_read(): buffer suffices (contains 52401456, requested 32768)
[11:27:26.687430] [pieusb] sane_read(): requested 32768 bytes
[11:27:26.687435] [pieusb] sane_read(): buffer suffices (contains 52368688, requested 32768)
[11:27:26.687569] [pieusb] sane_read(): requested 32768 bytes
[11:27:26.687573] [pieusb] sane_read(): buffer suffices (contains 52335920, requested 32768)
[11:27:26.687682] [pieusb] sane_read(): requested 32768 bytes
[11:27:26.687687] [pieusb] sane_read(): buffer suffices (contains 52303152, requested 32768)
[11:27:26.687796] [pieusb] sane_read(): requested 32768 bytes
[11:27:26.687801] [pieusb] sane_read(): buffer suffices (contains 52270384, requested 32768)
[11:27:26.687911] [pieusb] sane_read(): requested 32768 bytes
[11:27:26.687916] [pieusb] sane_read(): buffer suffices (contains 52237616, requested 32768)
[11:27:26.688032] [pieusb] sane_read(): requested 32768 bytes
[11:27:26.688036] [pieusb] sane_read(): buffer suffices (contains 52204848, requested 32768)
[11:27:26.688158] [pieusb] sane_read(): requested 32768 bytes
[11:27:26.688163] [pieusb] sane_read(): buffer suffices (contains 52172080, requested 32768)
[11:27:26.688270] [pieusb] sane_read(): requested 32768 bytes
[11:27:26.688276] [pieusb] sane_read(): buffer suffices (contains 52139312, requested 32768)
[11:27:26.688381] [pieusb] sane_read(): requested 32768 bytes
[11:27:26.688386] [pieusb] sane_read(): buffer suffices (contains 52106544, requested 32768)
[11:27:26.688496] [pieusb] sane_read(): requested 32768 bytes
[11:27:26.688502] [pieusb] sane_read(): buffer suffices (contains 52073776, requested 32768)
[11:27:26.688607] [pieusb] sane_read(): requested 32768 bytes
[11:27:26.688612] [pieusb] sane_read(): buffer suffices (contains 52041008, requested 32768)
[11:27:26.688752] [pieusb] sane_read(): requested 32768 bytes
[11:27:26.688760] [pieusb] sane_read(): buffer suffices (contains 52008240, requested 32768)
[11:27:26.688869] [pieusb] sane_read(): requested 32768 bytes
[11:27:26.688874] [pieusb] sane_read(): buffer suffices (contains 51975472, requested 32768)
[11:27:26.688988] [pieusb] sane_read(): requested 32768 bytes
[11:27:26.688993] [pieusb] sane_read(): buffer suffices (contains 51942704, requested 32768)
[11:27:26.689103] [pieusb] sane_read(): requested 32768 bytes
[11:27:26.689108] [pieusb] sane_read(): buffer suffices (contains 51909936, requested 32768)
[11:27:26.689242] [pieusb] sane_read(): requested 32768 bytes
[11:27:26.689247] [pieusb] sane_read(): buffer suffices (contains 51877168, requested 32768)
[11:27:26.689353] [pieusb] sane_read(): requested 32768 bytes
[11:27:26.689358] [pieusb] sane_read(): buffer suffices (contains 51844400, requested 32768)
[11:27:26.689465] [pieusb] sane_read(): requested 32768 bytes
[11:27:26.689469] [pieusb] sane_read(): buffer suffices (contains 51811632, requested 32768)
[11:27:26.689577] [pieusb] sane_read(): requested 32768 bytes
[11:27:26.689582] [pieusb] sane_read(): buffer suffices (contains 51778864, requested 32768)
[11:27:26.689689] [pieusb] sane_read(): requested 32768 bytes
[11:27:26.689694] [pieusb] sane_read(): buffer suffices (contains 51746096, requested 32768)
[11:27:26.689803] [pieusb] sane_read(): requested 32768 bytes
[11:27:26.689807] [pieusb] sane_read(): buffer suffices (contains 51713328, requested 32768)
[11:27:26.689914] [pieusb] sane_read(): requested 32768 bytes
[11:27:26.689919] [pieusb] sane_read(): buffer suffices (contains 51680560, requested 32768)
[11:27:26.690036] [pieusb] sane_read(): requested 32768 bytes
[11:27:26.690041] [pieusb] sane_read(): buffer suffices (contains 51647792, requested 32768)
[11:27:26.690168] [pieusb] sane_read(): requested 32768 bytes
[11:27:26.690173] [pieusb] sane_read(): buffer suffices (contains 51615024, requested 32768)
[11:27:26.690279] [pieusb] sane_read(): requested 32768 bytes
[11:27:26.690284] [pieusb] sane_read(): buffer suffices (contains 51582256, requested 32768)
[11:27:26.690391] [pieusb] sane_read(): requested 32768 bytes
[11:27:26.690396] [pieusb] sane_read(): buffer suffices (contains 51549488, requested 32768)
[11:27:26.690505] [pieusb] sane_read(): requested 32768 bytes
[11:27:26.690509] [pieusb] sane_read(): buffer suffices (contains 51516720, requested 32768)
[11:27:26.690617] [pieusb] sane_read(): requested 32768 bytes
[11:27:26.690621] [pieusb] sane_read(): buffer suffices (contains 51483952, requested 32768)
[11:27:26.690730] [pieusb] sane_read(): requested 32768 bytes
[11:27:26.690734] [pieusb] sane_read(): buffer suffices (contains 51451184, requested 32768)
[11:27:26.690842] [pieusb] sane_read(): requested 32768 bytes
[11:27:26.690846] [pieusb] sane_read(): buffer suffices (contains 51418416, requested 32768)
[11:27:26.690954] [pieusb] sane_read(): requested 32768 bytes
[11:27:26.690959] [pieusb] sane_read(): buffer suffices (contains 51385648, requested 32768)
[11:27:26.691072] [pieusb] sane_read(): requested 32768 bytes
[11:27:26.691077] [pieusb] sane_read(): buffer suffices (contains 51352880, requested 32768)
[11:27:26.691188] [pieusb] sane_read(): requested 32768 bytes
[11:27:26.691193] [pieusb] sane_read(): buffer suffices (contains 51320112, requested 32768)
[11:27:26.691301] [pieusb] sane_read(): requested 32768 bytes
[11:27:26.691305] [pieusb] sane_read(): buffer suffices (contains 51287344, requested 32768)
[11:27:26.691413] [pieusb] sane_read(): requested 32768 bytes
[11:27:26.691418] [pieusb] sane_read(): buffer suffices (contains 51254576, requested 32768)
[11:27:26.691527] [pieusb] sane_read(): requested 32768 bytes
[11:27:26.691532] [pieusb] sane_read(): buffer suffices (contains 51221808, requested 32768)
[11:27:26.691640] [pieusb] sane_read(): requested 32768 bytes
[11:27:26.691645] [pieusb] sane_read(): buffer suffices (contains 51189040, requested 32768)
[11:27:26.691788] [pieusb] sane_read(): requested 32768 bytes
[11:27:26.691792] [pieusb] sane_read(): buffer suffices (contains 51156272, requested 32768)
[11:27:26.691901] [pieusb] sane_read(): requested 32768 bytes
[11:27:26.691906] [pieusb] sane_read(): buffer suffices (contains 51123504, requested 32768)
[11:27:26.692025] [pieusb] sane_read(): requested 32768 bytes
[11:27:26.692030] [pieusb] sane_read(): buffer suffices (contains 51090736, requested 32768)
[11:27:26.692138] [pieusb] sane_read(): requested 32768 bytes
[11:27:26.692143] [pieusb] sane_read(): buffer suffices (contains 51057968, requested 32768)
[11:27:26.692256] [pieusb] sane_read(): requested 32768 bytes
[11:27:26.692261] [pieusb] sane_read(): buffer suffices (contains 51025200, requested 32768)
[11:27:26.692371] [pieusb] sane_read(): requested 32768 bytes
[11:27:26.692376] [pieusb] sane_read(): buffer suffices (contains 50992432, requested 32768)
[11:27:26.692488] [pieusb] sane_read(): requested 32768 bytes
[11:27:26.692493] [pieusb] sane_read(): buffer suffices (contains 50959664, requested 32768)
[11:27:26.692602] [pieusb] sane_read(): requested 32768 bytes
[11:27:26.692607] [pieusb] sane_read(): buffer suffices (contains 50926896, requested 32768)
[11:27:26.692716] [pieusb] sane_read(): requested 32768 bytes
[11:27:26.692721] [pieusb] sane_read(): buffer suffices (contains 50894128, requested 32768)
[11:27:26.692831] [pieusb] sane_read(): requested 32768 bytes
[11:27:26.692836] [pieusb] sane_read(): buffer suffices (contains 50861360, requested 32768)
[11:27:26.692946] [pieusb] sane_read(): requested 32768 bytes
[11:27:26.692952] [pieusb] sane_read(): buffer suffices (contains 50828592, requested 32768)
[11:27:26.693075] [pieusb] sane_read(): requested 32768 bytes
[11:27:26.693082] [pieusb] sane_read(): buffer suffices (contains 50795824, requested 32768)
[11:27:26.693194] [pieusb] sane_read(): requested 32768 bytes
[11:27:26.693199] [pieusb] sane_read(): buffer suffices (contains 50763056, requested 32768)
[11:27:26.693310] [pieusb] sane_read(): requested 32768 bytes
[11:27:26.693315] [pieusb] sane_read(): buffer suffices (contains 50730288, requested 32768)
[11:27:26.693426] [pieusb] sane_read(): requested 32768 bytes
[11:27:26.693431] [pieusb] sane_read(): buffer suffices (contains 50697520, requested 32768)
[11:27:26.693543] [pieusb] sane_read(): requested 32768 bytes
[11:27:26.693548] [pieusb] sane_read(): buffer suffices (contains 50664752, requested 32768)
[11:27:26.693658] [pieusb] sane_read(): requested 32768 bytes
[11:27:26.693663] [pieusb] sane_read(): buffer suffices (contains 50631984, requested 32768)
[11:27:26.693770] [pieusb] sane_read(): requested 32768 bytes
[11:27:26.693775] [pieusb] sane_read(): buffer suffices (contains 50599216, requested 32768)
[11:27:26.693883] [pieusb] sane_read(): requested 32768 bytes
[11:27:26.693888] [pieusb] sane_read(): buffer suffices (contains 50566448, requested 32768)
[11:27:26.694028] [pieusb] sane_read(): requested 32768 bytes
[11:27:26.694034] [pieusb] sane_read(): buffer suffices (contains 50533680, requested 32768)
[11:27:26.694150] [pieusb] sane_read(): requested 32768 bytes
[11:27:26.694155] [pieusb] sane_read(): buffer suffices (contains 50500912, requested 32768)
[11:27:26.694262] [pieusb] sane_read(): requested 32768 bytes
[11:27:26.694267] [pieusb] sane_read(): buffer suffices (contains 50468144, requested 32768)
[11:27:26.694374] [pieusb] sane_read(): requested 32768 bytes
[11:27:26.694378] [pieusb] sane_read(): buffer suffices (contains 50435376, requested 32768)
[11:27:26.694487] [pieusb] sane_read(): requested 32768 bytes
[11:27:26.694491] [pieusb] sane_read(): buffer suffices (contains 50402608, requested 32768)
[11:27:26.694599] [pieusb] sane_read(): requested 32768 bytes
[11:27:26.694603] [pieusb] sane_read(): buffer suffices (contains 50369840, requested 32768)
[11:27:26.694712] [pieusb] sane_read(): requested 32768 bytes
[11:27:26.694716] [pieusb] sane_read(): buffer suffices (contains 50337072, requested 32768)
[11:27:26.694829] [pieusb] sane_read(): requested 32768 bytes
[11:27:26.694834] [pieusb] sane_read(): buffer suffices (contains 50304304, requested 32768)
[11:27:26.694941] [pieusb] sane_read(): requested 32768 bytes
[11:27:26.694946] [pieusb] sane_read(): buffer suffices (contains 50271536, requested 32768)
[11:27:26.695081] [pieusb] sane_read(): requested 32768 bytes
[11:27:26.695085] [pieusb] sane_read(): buffer suffices (contains 50238768, requested 32768)
[11:27:26.695192] [pieusb] sane_read(): requested 32768 bytes
[11:27:26.695197] [pieusb] sane_read(): buffer suffices (contains 50206000, requested 32768)
[11:27:26.695306] [pieusb] sane_read(): requested 32768 bytes
[11:27:26.695310] [pieusb] sane_read(): buffer suffices (contains 50173232, requested 32768)
[11:27:26.695417] [pieusb] sane_read(): requested 32768 bytes
[11:27:26.695422] [pieusb] sane_read(): buffer suffices (contains 50140464, requested 32768)
[11:27:26.695528] [pieusb] sane_read(): requested 32768 bytes
[11:27:26.695532] [pieusb] sane_read(): buffer suffices (contains 50107696, requested 32768)
[11:27:26.695639] [pieusb] sane_read(): requested 32768 bytes
[11:27:26.695644] [pieusb] sane_read(): buffer suffices (contains 50074928, requested 32768)
[11:27:26.695753] [pieusb] sane_read(): requested 32768 bytes
[11:27:26.695757] [pieusb] sane_read(): buffer suffices (contains 50042160, requested 32768)
[11:27:26.695865] [pieusb] sane_read(): requested 32768 bytes
[11:27:26.695870] [pieusb] sane_read(): buffer suffices (contains 50009392, requested 32768)
[11:27:26.695976] [pieusb] sane_read(): requested 32768 bytes
[11:27:26.695984] [pieusb] sane_read(): buffer suffices (contains 49976624, requested 32768)
[11:27:26.696093] [pieusb] sane_read(): requested 32768 bytes
[11:27:26.696097] [pieusb] sane_read(): buffer suffices (contains 49943856, requested 32768)
[11:27:26.696226] [pieusb] sane_read(): requested 32768 bytes
[11:27:26.696230] [pieusb] sane_read(): buffer suffices (contains 49911088, requested 32768)
[11:27:26.696337] [pieusb] sane_read(): requested 32768 bytes
[11:27:26.696341] [pieusb] sane_read(): buffer suffices (contains 49878320, requested 32768)
[11:27:26.696449] [pieusb] sane_read(): requested 32768 bytes
[11:27:26.696454] [pieusb] sane_read(): buffer suffices (contains 49845552, requested 32768)
[11:27:26.696561] [pieusb] sane_read(): requested 32768 bytes
[11:27:26.696565] [pieusb] sane_read(): buffer suffices (contains 49812784, requested 32768)
[11:27:26.696672] [pieusb] sane_read(): requested 32768 bytes
[11:27:26.696677] [pieusb] sane_read(): buffer suffices (contains 49780016, requested 32768)
[11:27:26.696783] [pieusb] sane_read(): requested 32768 bytes
[11:27:26.696788] [pieusb] sane_read(): buffer suffices (contains 49747248, requested 32768)
[11:27:26.696894] [pieusb] sane_read(): requested 32768 bytes
[11:27:26.696898] [pieusb] sane_read(): buffer suffices (contains 49714480, requested 32768)
[11:27:26.697014] [pieusb] sane_read(): requested 32768 bytes
[11:27:26.697018] [pieusb] sane_read(): buffer suffices (contains 49681712, requested 32768)
[11:27:26.697125] [pieusb] sane_read(): requested 32768 bytes
[11:27:26.697130] [pieusb] sane_read(): buffer suffices (contains 49648944, requested 32768)
[11:27:26.697236] [pieusb] sane_read(): requested 32768 bytes
[11:27:26.697241] [pieusb] sane_read(): buffer suffices (contains 49616176, requested 32768)
[11:27:26.697349] [pieusb] sane_read(): requested 32768 bytes
[11:27:26.697354] [pieusb] sane_read(): buffer suffices (contains 49583408, requested 32768)
[11:27:26.697463] [pieusb] sane_read(): requested 32768 bytes
[11:27:26.697467] [pieusb] sane_read(): buffer suffices (contains 49550640, requested 32768)
[11:27:26.697575] [pieusb] sane_read(): requested 32768 bytes
[11:27:26.697580] [pieusb] sane_read(): buffer suffices (contains 49517872, requested 32768)
[11:27:26.697688] [pieusb] sane_read(): requested 32768 bytes
[11:27:26.697693] [pieusb] sane_read(): buffer suffices (contains 49485104, requested 32768)
[11:27:26.697799] [pieusb] sane_read(): requested 32768 bytes
[11:27:26.697804] [pieusb] sane_read(): buffer suffices (contains 49452336, requested 32768)
[11:27:26.697910] [pieusb] sane_read(): requested 32768 bytes
[11:27:26.697915] [pieusb] sane_read(): buffer suffices (contains 49419568, requested 32768)
[11:27:26.698026] [pieusb] sane_read(): requested 32768 bytes
[11:27:26.698030] [pieusb] sane_read(): buffer suffices (contains 49386800, requested 32768)
[11:27:26.698157] [pieusb] sane_read(): requested 32768 bytes
[11:27:26.698161] [pieusb] sane_read(): buffer suffices (contains 49354032, requested 32768)
[11:27:26.698268] [pieusb] sane_read(): requested 32768 bytes
[11:27:26.698272] [pieusb] sane_read(): buffer suffices (contains 49321264, requested 32768)
[11:27:26.698384] [pieusb] sane_read(): requested 32768 bytes
[11:27:26.698388] [pieusb] sane_read(): buffer suffices (contains 49288496, requested 32768)
[11:27:26.698495] [pieusb] sane_read(): requested 32768 bytes
[11:27:26.698500] [pieusb] sane_read(): buffer suffices (contains 49255728, requested 32768)
[11:27:26.698608] [pieusb] sane_read(): requested 32768 bytes
[11:27:26.698613] [pieusb] sane_read(): buffer suffices (contains 49222960, requested 32768)
[11:27:26.698720] [pieusb] sane_read(): requested 32768 bytes
[11:27:26.698724] [pieusb] sane_read(): buffer suffices (contains 49190192, requested 32768)
[11:27:26.698831] [pieusb] sane_read(): requested 32768 bytes
[11:27:26.698836] [pieusb] sane_read(): buffer suffices (contains 49157424, requested 32768)
[11:27:26.698943] [pieusb] sane_read(): requested 32768 bytes
[11:27:26.698947] [pieusb] sane_read(): buffer suffices (contains 49124656, requested 32768)
[11:27:26.699060] [pieusb] sane_read(): requested 32768 bytes
[11:27:26.699065] [pieusb] sane_read(): buffer suffices (contains 49091888, requested 32768)
[11:27:26.699180] [pieusb] sane_read(): requested 32768 bytes
[11:27:26.699185] [pieusb] sane_read(): buffer suffices (contains 49059120, requested 32768)
[11:27:26.699292] [pieusb] sane_read(): requested 32768 bytes
[11:27:26.699296] [pieusb] sane_read(): buffer suffices (contains 49026352, requested 32768)
[11:27:26.699402] [pieusb] sane_read(): requested 32768 bytes
[11:27:26.699407] [pieusb] sane_read(): buffer suffices (contains 48993584, requested 32768)
[11:27:26.699513] [pieusb] sane_read(): requested 32768 bytes
[11:27:26.699518] [pieusb] sane_read(): buffer suffices (contains 48960816, requested 32768)
[11:27:26.699624] [pieusb] sane_read(): requested 32768 bytes
[11:27:26.699629] [pieusb] sane_read(): buffer suffices (contains 48928048, requested 32768)
[11:27:26.699737] [pieusb] sane_read(): requested 32768 bytes
[11:27:26.699741] [pieusb] sane_read(): buffer suffices (contains 48895280, requested 32768)
[11:27:26.699849] [pieusb] sane_read(): requested 32768 bytes
[11:27:26.699853] [pieusb] sane_read(): buffer suffices (contains 48862512, requested 32768)
[11:27:26.699961] [pieusb] sane_read(): requested 32768 bytes
[11:27:26.699966] [pieusb] sane_read(): buffer suffices (contains 48829744, requested 32768)
[11:27:26.700076] [pieusb] sane_read(): requested 32768 bytes
[11:27:26.700081] [pieusb] sane_read(): buffer suffices (contains 48796976, requested 32768)
[11:27:26.700213] [pieusb] sane_read(): requested 32768 bytes
[11:27:26.700217] [pieusb] sane_read(): buffer suffices (contains 48764208, requested 32768)
[11:27:26.700323] [pieusb] sane_read(): requested 32768 bytes
[11:27:26.700328] [pieusb] sane_read(): buffer suffices (contains 48731440, requested 32768)
[11:27:26.700436] [pieusb] sane_read(): requested 32768 bytes
[11:27:26.700440] [pieusb] sane_read(): buffer suffices (contains 48698672, requested 32768)
[11:27:26.700548] [pieusb] sane_read(): requested 32768 bytes
[11:27:26.700553] [pieusb] sane_read(): buffer suffices (contains 48665904, requested 32768)
[11:27:26.700663] [pieusb] sane_read(): requested 32768 bytes
[11:27:26.700668] [pieusb] sane_read(): buffer suffices (contains 48633136, requested 32768)
[11:27:26.700780] [pieusb] sane_read(): requested 32768 bytes
[11:27:26.700785] [pieusb] sane_read(): buffer suffices (contains 48600368, requested 32768)
[11:27:26.700901] [pieusb] sane_read(): requested 32768 bytes
[11:27:26.700906] [pieusb] sane_read(): buffer suffices (contains 48567600, requested 32768)
[11:27:26.701028] [pieusb] sane_read(): requested 32768 bytes
[11:27:26.701035] [pieusb] sane_read(): buffer suffices (contains 48534832, requested 32768)
[11:27:26.701151] [pieusb] sane_read(): requested 32768 bytes
[11:27:26.701156] [pieusb] sane_read(): buffer suffices (contains 48502064, requested 32768)
[11:27:26.701267] [pieusb] sane_read(): requested 32768 bytes
[11:27:26.701273] [pieusb] sane_read(): buffer suffices (contains 48469296, requested 32768)
[11:27:26.701386] [pieusb] sane_read(): requested 32768 bytes
[11:27:26.701392] [pieusb] sane_read(): buffer suffices (contains 48436528, requested 32768)
[11:27:26.701505] [pieusb] sane_read(): requested 32768 bytes
[11:27:26.701510] [pieusb] sane_read(): buffer suffices (contains 48403760, requested 32768)
[11:27:26.701622] [pieusb] sane_read(): requested 32768 bytes
[11:27:26.701627] [pieusb] sane_read(): buffer suffices (contains 48370992, requested 32768)
[11:27:26.701736] [pieusb] sane_read(): requested 32768 bytes
[11:27:26.701741] [pieusb] sane_read(): buffer suffices (contains 48338224, requested 32768)
[11:27:26.701849] [pieusb] sane_read(): requested 32768 bytes
[11:27:26.701853] [pieusb] sane_read(): buffer suffices (contains 48305456, requested 32768)
[11:27:26.701965] [pieusb] sane_read(): requested 32768 bytes
[11:27:26.701970] [pieusb] sane_read(): buffer suffices (contains 48272688, requested 32768)
[11:27:26.702086] [pieusb] sane_read(): requested 32768 bytes
[11:27:26.702091] [pieusb] sane_read(): buffer suffices (contains 48239920, requested 32768)
[11:27:26.702202] [pieusb] sane_read(): requested 32768 bytes
[11:27:26.702207] [pieusb] sane_read(): buffer suffices (contains 48207152, requested 32768)
[11:27:26.702316] [pieusb] sane_read(): requested 32768 bytes
[11:27:26.702322] [pieusb] sane_read(): buffer suffices (contains 48174384, requested 32768)
[11:27:26.702433] [pieusb] sane_read(): requested 32768 bytes
[11:27:26.702439] [pieusb] sane_read(): buffer suffices (contains 48141616, requested 32768)
[11:27:26.702551] [pieusb] sane_read(): requested 32768 bytes
[11:27:26.702556] [pieusb] sane_read(): buffer suffices (contains 48108848, requested 32768)
[11:27:26.702671] [pieusb] sane_read(): requested 32768 bytes
[11:27:26.702676] [pieusb] sane_read(): buffer suffices (contains 48076080, requested 32768)
[11:27:26.702787] [pieusb] sane_read(): requested 32768 bytes
[11:27:26.702793] [pieusb] sane_read(): buffer suffices (contains 48043312, requested 32768)
[11:27:26.702906] [pieusb] sane_read(): requested 32768 bytes
[11:27:26.702911] [pieusb] sane_read(): buffer suffices (contains 48010544, requested 32768)
[11:27:26.703030] [pieusb] sane_read(): requested 32768 bytes
[11:27:26.703035] [pieusb] sane_read(): buffer suffices (contains 47977776, requested 32768)
[11:27:26.703152] [pieusb] sane_read(): requested 32768 bytes
[11:27:26.703156] [pieusb] sane_read(): buffer suffices (contains 47945008, requested 32768)
[11:27:26.703271] [pieusb] sane_read(): requested 32768 bytes
[11:27:26.703276] [pieusb] sane_read(): buffer suffices (contains 47912240, requested 32768)
[11:27:26.703385] [pieusb] sane_read(): requested 32768 bytes
[11:27:26.703390] [pieusb] sane_read(): buffer suffices (contains 47879472, requested 32768)
[11:27:26.703502] [pieusb] sane_read(): requested 32768 bytes
[11:27:26.703507] [pieusb] sane_read(): buffer suffices (contains 47846704, requested 32768)
[11:27:26.703618] [pieusb] sane_read(): requested 32768 bytes
[11:27:26.703624] [pieusb] sane_read(): buffer suffices (contains 47813936, requested 32768)
[11:27:26.703736] [pieusb] sane_read(): requested 32768 bytes
[11:27:26.703742] [pieusb] sane_read(): buffer suffices (contains 47781168, requested 32768)
[11:27:26.703853] [pieusb] sane_read(): requested 32768 bytes
[11:27:26.703859] [pieusb] sane_read(): buffer suffices (contains 47748400, requested 32768)
[11:27:26.703969] [pieusb] sane_read(): requested 32768 bytes
[11:27:26.703975] [pieusb] sane_read(): buffer suffices (contains 47715632, requested 32768)
[11:27:26.704105] [pieusb] sane_read(): requested 32768 bytes
[11:27:26.704110] [pieusb] sane_read(): buffer suffices (contains 47682864, requested 32768)
[11:27:26.704219] [pieusb] sane_read(): requested 32768 bytes
[11:27:26.704224] [pieusb] sane_read(): buffer suffices (contains 47650096, requested 32768)
[11:27:26.704333] [pieusb] sane_read(): requested 32768 bytes
[11:27:26.704338] [pieusb] sane_read(): buffer suffices (contains 47617328, requested 32768)
[11:27:26.704448] [pieusb] sane_read(): requested 32768 bytes
[11:27:26.704453] [pieusb] sane_read(): buffer suffices (contains 47584560, requested 32768)
[11:27:26.704561] [pieusb] sane_read(): requested 32768 bytes
[11:27:26.704566] [pieusb] sane_read(): buffer suffices (contains 47551792, requested 32768)
[11:27:26.704677] [pieusb] sane_read(): requested 32768 bytes
[11:27:26.704682] [pieusb] sane_read(): buffer suffices (contains 47519024, requested 32768)
[11:27:26.704789] [pieusb] sane_read(): requested 32768 bytes
[11:27:26.704794] [pieusb] sane_read(): buffer suffices (contains 47486256, requested 32768)
[11:27:26.704904] [pieusb] sane_read(): requested 32768 bytes
[11:27:26.704909] [pieusb] sane_read(): buffer suffices (contains 47453488, requested 32768)
[11:27:26.705026] [pieusb] sane_read(): requested 32768 bytes
[11:27:26.705031] [pieusb] sane_read(): buffer suffices (contains 47420720, requested 32768)
[11:27:26.705142] [pieusb] sane_read(): requested 32768 bytes
[11:27:26.705147] [pieusb] sane_read(): buffer suffices (contains 47387952, requested 32768)
[11:27:26.705256] [pieusb] sane_read(): requested 32768 bytes
[11:27:26.705261] [pieusb] sane_read(): buffer suffices (contains 47355184, requested 32768)
[11:27:26.705369] [pieusb] sane_read(): requested 32768 bytes
[11:27:26.705374] [pieusb] sane_read(): buffer suffices (contains 47322416, requested 32768)
[11:27:26.705485] [pieusb] sane_read(): requested 32768 bytes
[11:27:26.705490] [pieusb] sane_read(): buffer suffices (contains 47289648, requested 32768)
[11:27:26.705604] [pieusb] sane_read(): requested 32768 bytes
[11:27:26.705609] [pieusb] sane_read(): buffer suffices (contains 47256880, requested 32768)
[11:27:26.705717] [pieusb] sane_read(): requested 32768 bytes
[11:27:26.705722] [pieusb] sane_read(): buffer suffices (contains 47224112, requested 32768)
[11:27:26.705828] [pieusb] sane_read(): requested 32768 bytes
[11:27:26.705833] [pieusb] sane_read(): buffer suffices (contains 47191344, requested 32768)
[11:27:26.705939] [pieusb] sane_read(): requested 32768 bytes
[11:27:26.705944] [pieusb] sane_read(): buffer suffices (contains 47158576, requested 32768)
[11:27:26.706060] [pieusb] sane_read(): requested 32768 bytes
[11:27:26.706064] [pieusb] sane_read(): buffer suffices (contains 47125808, requested 32768)
[11:27:26.706174] [pieusb] sane_read(): requested 32768 bytes
[11:27:26.706178] [pieusb] sane_read(): buffer suffices (contains 47093040, requested 32768)
[11:27:26.706285] [pieusb] sane_read(): requested 32768 bytes
[11:27:26.706290] [pieusb] sane_read(): buffer suffices (contains 47060272, requested 32768)
[11:27:26.706411] [pieusb] sane_read(): requested 32768 bytes
[11:27:26.706415] [pieusb] sane_read(): buffer suffices (contains 47027504, requested 32768)
[11:27:26.706524] [pieusb] sane_read(): requested 32768 bytes
[11:27:26.706529] [pieusb] sane_read(): buffer suffices (contains 46994736, requested 32768)
[11:27:26.706636] [pieusb] sane_read(): requested 32768 bytes
[11:27:26.706640] [pieusb] sane_read(): buffer suffices (contains 46961968, requested 32768)
[11:27:26.706748] [pieusb] sane_read(): requested 32768 bytes
[11:27:26.706753] [pieusb] sane_read(): buffer suffices (contains 46929200, requested 32768)
[11:27:26.706861] [pieusb] sane_read(): requested 32768 bytes
[11:27:26.706865] [pieusb] sane_read(): buffer suffices (contains 46896432, requested 32768)
[11:27:26.706974] [pieusb] sane_read(): requested 32768 bytes
[11:27:26.706979] [pieusb] sane_read(): buffer suffices (contains 46863664, requested 32768)
[11:27:26.707114] [pieusb] sane_read(): requested 32768 bytes
[11:27:26.707119] [pieusb] sane_read(): buffer suffices (contains 46830896, requested 32768)
[11:27:26.707230] [pieusb] sane_read(): requested 32768 bytes
[11:27:26.707236] [pieusb] sane_read(): buffer suffices (contains 46798128, requested 32768)
[11:27:26.707344] [pieusb] sane_read(): requested 32768 bytes
[11:27:26.707350] [pieusb] sane_read(): buffer suffices (contains 46765360, requested 32768)
[11:27:26.707458] [pieusb] sane_read(): requested 32768 bytes
[11:27:26.707463] [pieusb] sane_read(): buffer suffices (contains 46732592, requested 32768)
[11:27:26.707572] [pieusb] sane_read(): requested 32768 bytes
[11:27:26.707578] [pieusb] sane_read(): buffer suffices (contains 46699824, requested 32768)
[11:27:26.707688] [pieusb] sane_read(): requested 32768 bytes
[11:27:26.707694] [pieusb] sane_read(): buffer suffices (contains 46667056, requested 32768)
[11:27:26.707803] [pieusb] sane_read(): requested 32768 bytes
[11:27:26.707810] [pieusb] sane_read(): buffer suffices (contains 46634288, requested 32768)
[11:27:26.707924] [pieusb] sane_read(): requested 32768 bytes
[11:27:26.707930] [pieusb] sane_read(): buffer suffices (contains 46601520, requested 32768)
[11:27:26.708049] [pieusb] sane_read(): requested 32768 bytes
[11:27:26.708054] [pieusb] sane_read(): buffer suffices (contains 46568752, requested 32768)
[11:27:26.708165] [pieusb] sane_read(): requested 32768 bytes
[11:27:26.708171] [pieusb] sane_read(): buffer suffices (contains 46535984, requested 32768)
[11:27:26.708284] [pieusb] sane_read(): requested 32768 bytes
[11:27:26.708289] [pieusb] sane_read(): buffer suffices (contains 46503216, requested 32768)
[11:27:26.708397] [pieusb] sane_read(): requested 32768 bytes
[11:27:26.708402] [pieusb] sane_read(): buffer suffices (contains 46470448, requested 32768)
[11:27:26.708510] [pieusb] sane_read(): requested 32768 bytes
[11:27:26.708514] [pieusb] sane_read(): buffer suffices (contains 46437680, requested 32768)
[11:27:26.708621] [pieusb] sane_read(): requested 32768 bytes
[11:27:26.708626] [pieusb] sane_read(): buffer suffices (contains 46404912, requested 32768)
[11:27:26.708733] [pieusb] sane_read(): requested 32768 bytes
[11:27:26.708738] [pieusb] sane_read(): buffer suffices (contains 46372144, requested 32768)
[11:27:26.708846] [pieusb] sane_read(): requested 32768 bytes
[11:27:26.708851] [pieusb] sane_read(): buffer suffices (contains 46339376, requested 32768)
[11:27:26.708958] [pieusb] sane_read(): requested 32768 bytes
[11:27:26.708963] [pieusb] sane_read(): buffer suffices (contains 46306608, requested 32768)
[11:27:26.709076] [pieusb] sane_read(): requested 32768 bytes
[11:27:26.709080] [pieusb] sane_read(): buffer suffices (contains 46273840, requested 32768)
[11:27:26.709193] [pieusb] sane_read(): requested 32768 bytes
[11:27:26.709198] [pieusb] sane_read(): buffer suffices (contains 46241072, requested 32768)
[11:27:26.709307] [pieusb] sane_read(): requested 32768 bytes
[11:27:26.709311] [pieusb] sane_read(): buffer suffices (contains 46208304, requested 32768)
[11:27:26.709421] [pieusb] sane_read(): requested 32768 bytes
[11:27:26.709426] [pieusb] sane_read(): buffer suffices (contains 46175536, requested 32768)
[11:27:26.709534] [pieusb] sane_read(): requested 32768 bytes
[11:27:26.709538] [pieusb] sane_read(): buffer suffices (contains 46142768, requested 32768)
[11:27:26.709649] [pieusb] sane_read(): requested 32768 bytes
[11:27:26.709654] [pieusb] sane_read(): buffer suffices (contains 46110000, requested 32768)
[11:27:26.709762] [pieusb] sane_read(): requested 32768 bytes
[11:27:26.709766] [pieusb] sane_read(): buffer suffices (contains 46077232, requested 32768)
[11:27:26.709873] [pieusb] sane_read(): requested 32768 bytes
[11:27:26.709878] [pieusb] sane_read(): buffer suffices (contains 46044464, requested 32768)
[11:27:26.709991] [pieusb] sane_read(): requested 32768 bytes
[11:27:26.709996] [pieusb] sane_read(): buffer suffices (contains 46011696, requested 32768)
[11:27:26.710103] [pieusb] sane_read(): requested 32768 bytes
[11:27:26.710108] [pieusb] sane_read(): buffer suffices (contains 45978928, requested 32768)
[11:27:26.710215] [pieusb] sane_read(): requested 32768 bytes
[11:27:26.710219] [pieusb] sane_read(): buffer suffices (contains 45946160, requested 32768)
[11:27:26.710327] [pieusb] sane_read(): requested 32768 bytes
[11:27:26.710331] [pieusb] sane_read(): buffer suffices (contains 45913392, requested 32768)
[11:27:26.710438] [pieusb] sane_read(): requested 32768 bytes
[11:27:26.710443] [pieusb] sane_read(): buffer suffices (contains 45880624, requested 32768)
[11:27:26.710552] [pieusb] sane_read(): requested 32768 bytes
[11:27:26.710557] [pieusb] sane_read(): buffer suffices (contains 45847856, requested 32768)
[11:27:26.710748] [pieusb] sane_read(): requested 32768 bytes
[11:27:26.710753] [pieusb] sane_read(): buffer suffices (contains 45815088, requested 32768)
[11:27:26.710859] [pieusb] sane_read(): requested 32768 bytes
[11:27:26.710864] [pieusb] sane_read(): buffer suffices (contains 45782320, requested 32768)
[11:27:26.710970] [pieusb] sane_read(): requested 32768 bytes
[11:27:26.710975] [pieusb] sane_read(): buffer suffices (contains 45749552, requested 32768)
[11:27:26.711094] [pieusb] sane_read(): requested 32768 bytes
[11:27:26.711099] [pieusb] sane_read(): buffer suffices (contains 45716784, requested 32768)
[11:27:26.711207] [pieusb] sane_read(): requested 32768 bytes
[11:27:26.711212] [pieusb] sane_read(): buffer suffices (contains 45684016, requested 32768)
[11:27:26.711318] [pieusb] sane_read(): requested 32768 bytes
[11:27:26.711323] [pieusb] sane_read(): buffer suffices (contains 45651248, requested 32768)
[11:27:26.711432] [pieusb] sane_read(): requested 32768 bytes
[11:27:26.711437] [pieusb] sane_read(): buffer suffices (contains 45618480, requested 32768)
[11:27:26.711544] [pieusb] sane_read(): requested 32768 bytes
[11:27:26.711549] [pieusb] sane_read(): buffer suffices (contains 45585712, requested 32768)
[11:27:26.711656] [pieusb] sane_read(): requested 32768 bytes
[11:27:26.711660] [pieusb] sane_read(): buffer suffices (contains 45552944, requested 32768)
[11:27:26.711769] [pieusb] sane_read(): requested 32768 bytes
[11:27:26.711773] [pieusb] sane_read(): buffer suffices (contains 45520176, requested 32768)
[11:27:26.711881] [pieusb] sane_read(): requested 32768 bytes
[11:27:26.711885] [pieusb] sane_read(): buffer suffices (contains 45487408, requested 32768)
[11:27:26.711996] [pieusb] sane_read(): requested 32768 bytes
[11:27:26.712001] [pieusb] sane_read(): buffer suffices (contains 45454640, requested 32768)
[11:27:26.712109] [pieusb] sane_read(): requested 32768 bytes
[11:27:26.712113] [pieusb] sane_read(): buffer suffices (contains 45421872, requested 32768)
[11:27:26.712222] [pieusb] sane_read(): requested 32768 bytes
[11:27:26.712227] [pieusb] sane_read(): buffer suffices (contains 45389104, requested 32768)
[11:27:26.712333] [pieusb] sane_read(): requested 32768 bytes
[11:27:26.712338] [pieusb] sane_read(): buffer suffices (contains 45356336, requested 32768)
[11:27:26.712445] [pieusb] sane_read(): requested 32768 bytes
[11:27:26.712450] [pieusb] sane_read(): buffer suffices (contains 45323568, requested 32768)
[11:27:26.712557] [pieusb] sane_read(): requested 32768 bytes
[11:27:26.712562] [pieusb] sane_read(): buffer suffices (contains 45290800, requested 32768)
[11:27:26.712668] [pieusb] sane_read(): requested 32768 bytes
[11:27:26.712673] [pieusb] sane_read(): buffer suffices (contains 45258032, requested 32768)
[11:27:26.712786] [pieusb] sane_read(): requested 32768 bytes
[11:27:26.712790] [pieusb] sane_read(): buffer suffices (contains 45225264, requested 32768)
[11:27:26.712898] [pieusb] sane_read(): requested 32768 bytes
[11:27:26.712902] [pieusb] sane_read(): buffer suffices (contains 45192496, requested 32768)
[11:27:26.713014] [pieusb] sane_read(): requested 32768 bytes
[11:27:26.713019] [pieusb] sane_read(): buffer suffices (contains 45159728, requested 32768)
[11:27:26.713152] [pieusb] sane_read(): requested 32768 bytes
[11:27:26.713157] [pieusb] sane_read(): buffer suffices (contains 45126960, requested 32768)
[11:27:26.713264] [pieusb] sane_read(): requested 32768 bytes
[11:27:26.713269] [pieusb] sane_read(): buffer suffices (contains 45094192, requested 32768)
[11:27:26.713377] [pieusb] sane_read(): requested 32768 bytes
[11:27:26.713382] [pieusb] sane_read(): buffer suffices (contains 45061424, requested 32768)
[11:27:26.713491] [pieusb] sane_read(): requested 32768 bytes
[11:27:26.713495] [pieusb] sane_read(): buffer suffices (contains 45028656, requested 32768)
[11:27:26.713602] [pieusb] sane_read(): requested 32768 bytes
[11:27:26.713606] [pieusb] sane_read(): buffer suffices (contains 44995888, requested 32768)
[11:27:26.713713] [pieusb] sane_read(): requested 32768 bytes
[11:27:26.713718] [pieusb] sane_read(): buffer suffices (contains 44963120, requested 32768)
[11:27:26.713824] [pieusb] sane_read(): requested 32768 bytes
[11:27:26.713828] [pieusb] sane_read(): buffer suffices (contains 44930352, requested 32768)
[11:27:26.713937] [pieusb] sane_read(): requested 32768 bytes
[11:27:26.713942] [pieusb] sane_read(): buffer suffices (contains 44897584, requested 32768)
[11:27:26.714054] [pieusb] sane_read(): requested 32768 bytes
[11:27:26.714058] [pieusb] sane_read(): buffer suffices (contains 44864816, requested 32768)
[11:27:26.714171] [pieusb] sane_read(): requested 32768 bytes
[11:27:26.714175] [pieusb] sane_read(): buffer suffices (contains 44832048, requested 32768)
[11:27:26.714304] [pieusb] sane_read(): requested 32768 bytes
[11:27:26.714309] [pieusb] sane_read(): buffer suffices (contains 44799280, requested 32768)
[11:27:26.714415] [pieusb] sane_read(): requested 32768 bytes
[11:27:26.714424] [pieusb] sane_read(): buffer suffices (contains 44766512, requested 32768)
[11:27:26.714533] [pieusb] sane_read(): requested 32768 bytes
[11:27:26.714537] [pieusb] sane_read(): buffer suffices (contains 44733744, requested 32768)
[11:27:26.714656] [pieusb] sane_read(): requested 32768 bytes
[11:27:26.714661] [pieusb] sane_read(): buffer suffices (contains 44700976, requested 32768)
[11:27:26.714768] [pieusb] sane_read(): requested 32768 bytes
[11:27:26.714780] [pieusb] sane_read(): buffer suffices (contains 44668208, requested 32768)
[11:27:26.714899] [pieusb] sane_read(): requested 32768 bytes
[11:27:26.714903] [pieusb] sane_read(): buffer suffices (contains 44635440, requested 32768)
[11:27:26.715028] [pieusb] sane_read(): requested 32768 bytes
[11:27:26.715032] [pieusb] sane_read(): buffer suffices (contains 44602672, requested 32768)
[11:27:26.715141] [pieusb] sane_read(): requested 32768 bytes
[11:27:26.715145] [pieusb] sane_read(): buffer suffices (contains 44569904, requested 32768)
[11:27:26.715252] [pieusb] sane_read(): requested 32768 bytes
[11:27:26.715257] [pieusb] sane_read(): buffer suffices (contains 44537136, requested 32768)
[11:27:26.715363] [pieusb] sane_read(): requested 32768 bytes
[11:27:26.715368] [pieusb] sane_read(): buffer suffices (contains 44504368, requested 32768)
[11:27:26.715474] [pieusb] sane_read(): requested 32768 bytes
[11:27:26.715478] [pieusb] sane_read(): buffer suffices (contains 44471600, requested 32768)
[11:27:26.715586] [pieusb] sane_read(): requested 32768 bytes
[11:27:26.715590] [pieusb] sane_read(): buffer suffices (contains 44438832, requested 32768)
[11:27:26.715697] [pieusb] sane_read(): requested 32768 bytes
[11:27:26.715702] [pieusb] sane_read(): buffer suffices (contains 44406064, requested 32768)
[11:27:26.715809] [pieusb] sane_read(): requested 32768 bytes
[11:27:26.715813] [pieusb] sane_read(): buffer suffices (contains 44373296, requested 32768)
[11:27:26.715919] [pieusb] sane_read(): requested 32768 bytes
[11:27:26.715924] [pieusb] sane_read(): buffer suffices (contains 44340528, requested 32768)
[11:27:26.716036] [pieusb] sane_read(): requested 32768 bytes
[11:27:26.716041] [pieusb] sane_read(): buffer suffices (contains 44307760, requested 32768)
[11:27:26.716145] [pieusb] sane_read(): requested 32768 bytes
[11:27:26.716149] [pieusb] sane_read(): buffer suffices (contains 44274992, requested 32768)
[11:27:26.716255] [pieusb] sane_read(): requested 32768 bytes
[11:27:26.716260] [pieusb] sane_read(): buffer suffices (contains 44242224, requested 32768)
[11:27:26.716377] [pieusb] sane_read(): requested 32768 bytes
[11:27:26.716382] [pieusb] sane_read(): buffer suffices (contains 44209456, requested 32768)
[11:27:26.716488] [pieusb] sane_read(): requested 32768 bytes
[11:27:26.716493] [pieusb] sane_read(): buffer suffices (contains 44176688, requested 32768)
[11:27:26.716624] [pieusb] sane_read(): requested 32768 bytes
[11:27:26.716628] [pieusb] sane_read(): buffer suffices (contains 44143920, requested 32768)
[11:27:26.716740] [pieusb] sane_read(): requested 32768 bytes
[11:27:26.716745] [pieusb] sane_read(): buffer suffices (contains 44111152, requested 32768)
[11:27:26.716851] [pieusb] sane_read(): requested 32768 bytes
[11:27:26.716862] [pieusb] sane_read(): buffer suffices (contains 44078384, requested 32768)
[11:27:26.716976] [pieusb] sane_read(): requested 32768 bytes
[11:27:26.716984] [pieusb] sane_read(): buffer suffices (contains 44045616, requested 32768)
[11:27:26.717095] [pieusb] sane_read(): requested 32768 bytes
[11:27:26.717100] [pieusb] sane_read(): buffer suffices (contains 44012848, requested 32768)
[11:27:26.717208] [pieusb] sane_read(): requested 32768 bytes
[11:27:26.717213] [pieusb] sane_read(): buffer suffices (contains 43980080, requested 32768)
[11:27:26.717321] [pieusb] sane_read(): requested 32768 bytes
[11:27:26.717325] [pieusb] sane_read(): buffer suffices (contains 43947312, requested 32768)
[11:27:26.717433] [pieusb] sane_read(): requested 32768 bytes
[11:27:26.717437] [pieusb] sane_read(): buffer suffices (contains 43914544, requested 32768)
[11:27:26.717544] [pieusb] sane_read(): requested 32768 bytes
[11:27:26.717549] [pieusb] sane_read(): buffer suffices (contains 43881776, requested 32768)
[11:27:26.717656] [pieusb] sane_read(): requested 32768 bytes
[11:27:26.717660] [pieusb] sane_read(): buffer suffices (contains 43849008, requested 32768)
[11:27:26.717769] [pieusb] sane_read(): requested 32768 bytes
[11:27:26.717774] [pieusb] sane_read(): buffer suffices (contains 43816240, requested 32768)
[11:27:26.717885] [pieusb] sane_read(): requested 32768 bytes
[11:27:26.717890] [pieusb] sane_read(): buffer suffices (contains 43783472, requested 32768)
[11:27:26.718006] [pieusb] sane_read(): requested 32768 bytes
[11:27:26.718011] [pieusb] sane_read(): buffer suffices (contains 43750704, requested 32768)
[11:27:26.718120] [pieusb] sane_read(): requested 32768 bytes
[11:27:26.718125] [pieusb] sane_read(): buffer suffices (contains 43717936, requested 32768)
[11:27:26.718234] [pieusb] sane_read(): requested 32768 bytes
[11:27:26.718239] [pieusb] sane_read(): buffer suffices (contains 43685168, requested 32768)
[11:27:26.718351] [pieusb] sane_read(): requested 32768 bytes
[11:27:26.718358] [pieusb] sane_read(): buffer suffices (contains 43652400, requested 32768)
[11:27:26.718471] [pieusb] sane_read(): requested 32768 bytes
[11:27:26.718477] [pieusb] sane_read(): buffer suffices (contains 43619632, requested 32768)
[11:27:26.718589] [pieusb] sane_read(): requested 32768 bytes
[11:27:26.718595] [pieusb] sane_read(): buffer suffices (contains 43586864, requested 32768)
[11:27:26.718713] [pieusb] sane_read(): requested 32768 bytes
[11:27:26.718718] [pieusb] sane_read(): buffer suffices (contains 43554096, requested 32768)
[11:27:26.718830] [pieusb] sane_read(): requested 32768 bytes
[11:27:26.718836] [pieusb] sane_read(): buffer suffices (contains 43521328, requested 32768)
[11:27:26.718945] [pieusb] sane_read(): requested 32768 bytes
[11:27:26.718950] [pieusb] sane_read(): buffer suffices (contains 43488560, requested 32768)
[11:27:26.719069] [pieusb] sane_read(): requested 32768 bytes
[11:27:26.719073] [pieusb] sane_read(): buffer suffices (contains 43455792, requested 32768)
[11:27:26.719180] [pieusb] sane_read(): requested 32768 bytes
[11:27:26.719185] [pieusb] sane_read(): buffer suffices (contains 43423024, requested 32768)
[11:27:26.719292] [pieusb] sane_read(): requested 32768 bytes
[11:27:26.719297] [pieusb] sane_read(): buffer suffices (contains 43390256, requested 32768)
[11:27:26.719405] [pieusb] sane_read(): requested 32768 bytes
[11:27:26.719409] [pieusb] sane_read(): buffer suffices (contains 43357488, requested 32768)
[11:27:26.719519] [pieusb] sane_read(): requested 32768 bytes
[11:27:26.719524] [pieusb] sane_read(): buffer suffices (contains 43324720, requested 32768)
[11:27:26.719639] [pieusb] sane_read(): requested 32768 bytes
[11:27:26.719644] [pieusb] sane_read(): buffer suffices (contains 43291952, requested 32768)
[11:27:26.719755] [pieusb] sane_read(): requested 32768 bytes
[11:27:26.719760] [pieusb] sane_read(): buffer suffices (contains 43259184, requested 32768)
[11:27:26.719869] [pieusb] sane_read(): requested 32768 bytes
[11:27:26.719876] [pieusb] sane_read(): buffer suffices (contains 43226416, requested 32768)
[11:27:26.720010] [pieusb] sane_read(): requested 32768 bytes
[11:27:26.720018] [pieusb] sane_read(): buffer suffices (contains 43193648, requested 32768)
[11:27:26.720139] [pieusb] sane_read(): requested 32768 bytes
[11:27:26.720145] [pieusb] sane_read(): buffer suffices (contains 43160880, requested 32768)
[11:27:26.720262] [pieusb] sane_read(): requested 32768 bytes
[11:27:26.720268] [pieusb] sane_read(): buffer suffices (contains 43128112, requested 32768)
[11:27:26.720381] [pieusb] sane_read(): requested 32768 bytes
[11:27:26.720386] [pieusb] sane_read(): buffer suffices (contains 43095344, requested 32768)
[11:27:26.720500] [pieusb] sane_read(): requested 32768 bytes
[11:27:26.720506] [pieusb] sane_read(): buffer suffices (contains 43062576, requested 32768)
[11:27:26.720619] [pieusb] sane_read(): requested 32768 bytes
[11:27:26.720625] [pieusb] sane_read(): buffer suffices (contains 43029808, requested 32768)
[11:27:26.720733] [pieusb] sane_read(): requested 32768 bytes
[11:27:26.720739] [pieusb] sane_read(): buffer suffices (contains 42997040, requested 32768)
[11:27:26.720853] [pieusb] sane_read(): requested 32768 bytes
[11:27:26.720859] [pieusb] sane_read(): buffer suffices (contains 42964272, requested 32768)
[11:27:26.720993] [pieusb] sane_read(): requested 32768 bytes
[11:27:26.721000] [pieusb] sane_read(): buffer suffices (contains 42931504, requested 32768)
[11:27:26.721110] [pieusb] sane_read(): requested 32768 bytes
[11:27:26.721115] [pieusb] sane_read(): buffer suffices (contains 42898736, requested 32768)
[11:27:26.721224] [pieusb] sane_read(): requested 32768 bytes
[11:27:26.721229] [pieusb] sane_read(): buffer suffices (contains 42865968, requested 32768)
[11:27:26.721359] [pieusb] sane_read(): requested 32768 bytes
[11:27:26.721365] [pieusb] sane_read(): buffer suffices (contains 42833200, requested 32768)
[11:27:26.721482] [pieusb] sane_read(): requested 32768 bytes
[11:27:26.721487] [pieusb] sane_read(): buffer suffices (contains 42800432, requested 32768)
[11:27:26.721595] [pieusb] sane_read(): requested 32768 bytes
[11:27:26.721601] [pieusb] sane_read(): buffer suffices (contains 42767664, requested 32768)
[11:27:26.721709] [pieusb] sane_read(): requested 32768 bytes
[11:27:26.721714] [pieusb] sane_read(): buffer suffices (contains 42734896, requested 32768)
[11:27:26.721822] [pieusb] sane_read(): requested 32768 bytes
[11:27:26.721827] [pieusb] sane_read(): buffer suffices (contains 42702128, requested 32768)
[11:27:26.721942] [pieusb] sane_read(): requested 32768 bytes
[11:27:26.721947] [pieusb] sane_read(): buffer suffices (contains 42669360, requested 32768)
[11:27:26.722061] [pieusb] sane_read(): requested 32768 bytes
[11:27:26.722066] [pieusb] sane_read(): buffer suffices (contains 42636592, requested 32768)
[11:27:26.722204] [pieusb] sane_read(): requested 32768 bytes
[11:27:26.722209] [pieusb] sane_read(): buffer suffices (contains 42603824, requested 32768)
[11:27:26.722316] [pieusb] sane_read(): requested 32768 bytes
[11:27:26.722321] [pieusb] sane_read(): buffer suffices (contains 42571056, requested 32768)
[11:27:26.722431] [pieusb] sane_read(): requested 32768 bytes
[11:27:26.722435] [pieusb] sane_read(): buffer suffices (contains 42538288, requested 32768)
[11:27:26.722544] [pieusb] sane_read(): requested 32768 bytes
[11:27:26.722549] [pieusb] sane_read(): buffer suffices (contains 42505520, requested 32768)
[11:27:26.722659] [pieusb] sane_read(): requested 32768 bytes
[11:27:26.722667] [pieusb] sane_read(): buffer suffices (contains 42472752, requested 32768)
[11:27:26.722784] [pieusb] sane_read(): requested 32768 bytes
[11:27:26.722789] [pieusb] sane_read(): buffer suffices (contains 42439984, requested 32768)
[11:27:26.722895] [pieusb] sane_read(): requested 32768 bytes
[11:27:26.722899] [pieusb] sane_read(): buffer suffices (contains 42407216, requested 32768)
[11:27:26.723013] [pieusb] sane_read(): requested 32768 bytes
[11:27:26.723025] [pieusb] sane_read(): buffer suffices (contains 42374448, requested 32768)
[11:27:26.723142] [pieusb] sane_read(): requested 32768 bytes
[11:27:26.723147] [pieusb] sane_read(): buffer suffices (contains 42341680, requested 32768)
[11:27:26.723263] [pieusb] sane_read(): requested 32768 bytes
[11:27:26.723267] [pieusb] sane_read(): buffer suffices (contains 42308912, requested 32768)
[11:27:26.723398] [pieusb] sane_read(): requested 32768 bytes
[11:27:26.723402] [pieusb] sane_read(): buffer suffices (contains 42276144, requested 32768)
[11:27:26.723536] [pieusb] sane_read(): requested 32768 bytes
[11:27:26.723541] [pieusb] sane_read(): buffer suffices (contains 42243376, requested 32768)
[11:27:26.723648] [pieusb] sane_read(): requested 32768 bytes
[11:27:26.723653] [pieusb] sane_read(): buffer suffices (contains 42210608, requested 32768)
[11:27:26.723769] [pieusb] sane_read(): requested 32768 bytes
[11:27:26.723774] [pieusb] sane_read(): buffer suffices (contains 42177840, requested 32768)
[11:27:26.723882] [pieusb] sane_read(): requested 32768 bytes
[11:27:26.723887] [pieusb] sane_read(): buffer suffices (contains 42145072, requested 32768)
[11:27:26.724001] [pieusb] sane_read(): requested 32768 bytes
[11:27:26.724005] [pieusb] sane_read(): buffer suffices (contains 42112304, requested 32768)
[11:27:26.724111] [pieusb] sane_read(): requested 32768 bytes
[11:27:26.724116] [pieusb] sane_read(): buffer suffices (contains 42079536, requested 32768)
[11:27:26.724223] [pieusb] sane_read(): requested 32768 bytes
[11:27:26.724227] [pieusb] sane_read(): buffer suffices (contains 42046768, requested 32768)
[11:27:26.724337] [pieusb] sane_read(): requested 32768 bytes
[11:27:26.724341] [pieusb] sane_read(): buffer suffices (contains 42014000, requested 32768)
[11:27:26.724447] [pieusb] sane_read(): requested 32768 bytes
[11:27:26.724451] [pieusb] sane_read(): buffer suffices (contains 41981232, requested 32768)
[11:27:26.724558] [pieusb] sane_read(): requested 32768 bytes
[11:27:26.724563] [pieusb] sane_read(): buffer suffices (contains 41948464, requested 32768)
[11:27:26.724669] [pieusb] sane_read(): requested 32768 bytes
[11:27:26.724673] [pieusb] sane_read(): buffer suffices (contains 41915696, requested 32768)
[11:27:26.724780] [pieusb] sane_read(): requested 32768 bytes
[11:27:26.724784] [pieusb] sane_read(): buffer suffices (contains 41882928, requested 32768)
[11:27:26.724892] [pieusb] sane_read(): requested 32768 bytes
[11:27:26.724897] [pieusb] sane_read(): buffer suffices (contains 41850160, requested 32768)
[11:27:26.725009] [pieusb] sane_read(): requested 32768 bytes
[11:27:26.725013] [pieusb] sane_read(): buffer suffices (contains 41817392, requested 32768)
[11:27:26.725119] [pieusb] sane_read(): requested 32768 bytes
[11:27:26.725124] [pieusb] sane_read(): buffer suffices (contains 41784624, requested 32768)
[11:27:26.725231] [pieusb] sane_read(): requested 32768 bytes
[11:27:26.725235] [pieusb] sane_read(): buffer suffices (contains 41751856, requested 32768)
[11:27:26.725341] [pieusb] sane_read(): requested 32768 bytes
[11:27:26.725346] [pieusb] sane_read(): buffer suffices (contains 41719088, requested 32768)
[11:27:26.725455] [pieusb] sane_read(): requested 32768 bytes
[11:27:26.725459] [pieusb] sane_read(): buffer suffices (contains 41686320, requested 32768)
[11:27:26.725566] [pieusb] sane_read(): requested 32768 bytes
[11:27:26.725570] [pieusb] sane_read(): buffer suffices (contains 41653552, requested 32768)
[11:27:26.725676] [pieusb] sane_read(): requested 32768 bytes
[11:27:26.725681] [pieusb] sane_read(): buffer suffices (contains 41620784, requested 32768)
[11:27:26.725787] [pieusb] sane_read(): requested 32768 bytes
[11:27:26.725792] [pieusb] sane_read(): buffer suffices (contains 41588016, requested 32768)
[11:27:26.725899] [pieusb] sane_read(): requested 32768 bytes
[11:27:26.725904] [pieusb] sane_read(): buffer suffices (contains 41555248, requested 32768)
[11:27:26.726019] [pieusb] sane_read(): requested 32768 bytes
[11:27:26.726025] [pieusb] sane_read(): buffer suffices (contains 41522480, requested 32768)
[11:27:26.726133] [pieusb] sane_read(): requested 32768 bytes
[11:27:26.726137] [pieusb] sane_read(): buffer suffices (contains 41489712, requested 32768)
[11:27:26.726243] [pieusb] sane_read(): requested 32768 bytes
[11:27:26.726248] [pieusb] sane_read(): buffer suffices (contains 41456944, requested 32768)
[11:27:26.726355] [pieusb] sane_read(): requested 32768 bytes
[11:27:26.726359] [pieusb] sane_read(): buffer suffices (contains 41424176, requested 32768)
[11:27:26.726466] [pieusb] sane_read(): requested 32768 bytes
[11:27:26.726471] [pieusb] sane_read(): buffer suffices (contains 41391408, requested 32768)
[11:27:26.726577] [pieusb] sane_read(): requested 32768 bytes
[11:27:26.726582] [pieusb] sane_read(): buffer suffices (contains 41358640, requested 32768)
[11:27:26.726689] [pieusb] sane_read(): requested 32768 bytes
[11:27:26.726695] [pieusb] sane_read(): buffer suffices (contains 41325872, requested 32768)
[11:27:26.726801] [pieusb] sane_read(): requested 32768 bytes
[11:27:26.726806] [pieusb] sane_read(): buffer suffices (contains 41293104, requested 32768)
[11:27:26.726915] [pieusb] sane_read(): requested 32768 bytes
[11:27:26.726920] [pieusb] sane_read(): buffer suffices (contains 41260336, requested 32768)
[11:27:26.727037] [pieusb] sane_read(): requested 32768 bytes
[11:27:26.727042] [pieusb] sane_read(): buffer suffices (contains 41227568, requested 32768)
[11:27:26.727180] [pieusb] sane_read(): requested 32768 bytes
[11:27:26.727186] [pieusb] sane_read(): buffer suffices (contains 41194800, requested 32768)
[11:27:26.727303] [pieusb] sane_read(): requested 32768 bytes
[11:27:26.727308] [pieusb] sane_read(): buffer suffices (contains 41162032, requested 32768)
[11:27:26.727419] [pieusb] sane_read(): requested 32768 bytes
[11:27:26.727425] [pieusb] sane_read(): buffer suffices (contains 41129264, requested 32768)
[11:27:26.727534] [pieusb] sane_read(): requested 32768 bytes
[11:27:26.727540] [pieusb] sane_read(): buffer suffices (contains 41096496, requested 32768)
[11:27:26.727650] [pieusb] sane_read(): requested 32768 bytes
[11:27:26.727657] [pieusb] sane_read(): buffer suffices (contains 41063728, requested 32768)
[11:27:26.727765] [pieusb] sane_read(): requested 32768 bytes
[11:27:26.727771] [pieusb] sane_read(): buffer suffices (contains 41030960, requested 32768)
[11:27:26.727882] [pieusb] sane_read(): requested 32768 bytes
[11:27:26.727888] [pieusb] sane_read(): buffer suffices (contains 40998192, requested 32768)
[11:27:26.728008] [pieusb] sane_read(): requested 32768 bytes
[11:27:26.728014] [pieusb] sane_read(): buffer suffices (contains 40965424, requested 32768)
[11:27:26.728121] [pieusb] sane_read(): requested 32768 bytes
[11:27:26.728127] [pieusb] sane_read(): buffer suffices (contains 40932656, requested 32768)
[11:27:26.728236] [pieusb] sane_read(): requested 32768 bytes
[11:27:26.728241] [pieusb] sane_read(): buffer suffices (contains 40899888, requested 32768)
[11:27:26.728349] [pieusb] sane_read(): requested 32768 bytes
[11:27:26.728355] [pieusb] sane_read(): buffer suffices (contains 40867120, requested 32768)
[11:27:26.728463] [pieusb] sane_read(): requested 32768 bytes
[11:27:26.728468] [pieusb] sane_read(): buffer suffices (contains 40834352, requested 32768)
[11:27:26.728574] [pieusb] sane_read(): requested 32768 bytes
[11:27:26.728578] [pieusb] sane_read(): buffer suffices (contains 40801584, requested 32768)
[11:27:26.728685] [pieusb] sane_read(): requested 32768 bytes
[11:27:26.728690] [pieusb] sane_read(): buffer suffices (contains 40768816, requested 32768)
[11:27:26.728799] [pieusb] sane_read(): requested 32768 bytes
[11:27:26.728803] [pieusb] sane_read(): buffer suffices (contains 40736048, requested 32768)
[11:27:26.728914] [pieusb] sane_read(): requested 32768 bytes
[11:27:26.728918] [pieusb] sane_read(): buffer suffices (contains 40703280, requested 32768)
[11:27:26.729030] [pieusb] sane_read(): requested 32768 bytes
[11:27:26.729035] [pieusb] sane_read(): buffer suffices (contains 40670512, requested 32768)
[11:27:26.729141] [pieusb] sane_read(): requested 32768 bytes
[11:27:26.729146] [pieusb] sane_read(): buffer suffices (contains 40637744, requested 32768)
[11:27:26.729253] [pieusb] sane_read(): requested 32768 bytes
[11:27:26.729258] [pieusb] sane_read(): buffer suffices (contains 40604976, requested 32768)
[11:27:26.729366] [pieusb] sane_read(): requested 32768 bytes
[11:27:26.729371] [pieusb] sane_read(): buffer suffices (contains 40572208, requested 32768)
[11:27:26.729476] [pieusb] sane_read(): requested 32768 bytes
[11:27:26.729481] [pieusb] sane_read(): buffer suffices (contains 40539440, requested 32768)
[11:27:26.729588] [pieusb] sane_read(): requested 32768 bytes
[11:27:26.729593] [pieusb] sane_read(): buffer suffices (contains 40506672, requested 32768)
[11:27:26.729700] [pieusb] sane_read(): requested 32768 bytes
[11:27:26.729704] [pieusb] sane_read(): buffer suffices (contains 40473904, requested 32768)
[11:27:26.729811] [pieusb] sane_read(): requested 32768 bytes
[11:27:26.729815] [pieusb] sane_read(): buffer suffices (contains 40441136, requested 32768)
[11:27:26.729923] [pieusb] sane_read(): requested 32768 bytes
[11:27:26.729928] [pieusb] sane_read(): buffer suffices (contains 40408368, requested 32768)
[11:27:26.730039] [pieusb] sane_read(): requested 32768 bytes
[11:27:26.730044] [pieusb] sane_read(): buffer suffices (contains 40375600, requested 32768)
[11:27:26.730151] [pieusb] sane_read(): requested 32768 bytes
[11:27:26.730156] [pieusb] sane_read(): buffer suffices (contains 40342832, requested 32768)
[11:27:26.730263] [pieusb] sane_read(): requested 32768 bytes
[11:27:26.730267] [pieusb] sane_read(): buffer suffices (contains 40310064, requested 32768)
[11:27:26.730375] [pieusb] sane_read(): requested 32768 bytes
[11:27:26.730379] [pieusb] sane_read(): buffer suffices (contains 40277296, requested 32768)
[11:27:26.730486] [pieusb] sane_read(): requested 32768 bytes
[11:27:26.730490] [pieusb] sane_read(): buffer suffices (contains 40244528, requested 32768)
[11:27:26.730600] [pieusb] sane_read(): requested 32768 bytes
[11:27:26.730604] [pieusb] sane_read(): buffer suffices (contains 40211760, requested 32768)
[11:27:26.730712] [pieusb] sane_read(): requested 32768 bytes
[11:27:26.730716] [pieusb] sane_read(): buffer suffices (contains 40178992, requested 32768)
[11:27:26.730828] [pieusb] sane_read(): requested 32768 bytes
[11:27:26.730833] [pieusb] sane_read(): buffer suffices (contains 40146224, requested 32768)
[11:27:26.730941] [pieusb] sane_read(): requested 32768 bytes
[11:27:26.730946] [pieusb] sane_read(): buffer suffices (contains 40113456, requested 32768)
[11:27:26.731058] [pieusb] sane_read(): requested 32768 bytes
[11:27:26.731062] [pieusb] sane_read(): buffer suffices (contains 40080688, requested 32768)
[11:27:26.731168] [pieusb] sane_read(): requested 32768 bytes
[11:27:26.731172] [pieusb] sane_read(): buffer suffices (contains 40047920, requested 32768)
[11:27:26.731279] [pieusb] sane_read(): requested 32768 bytes
[11:27:26.731284] [pieusb] sane_read(): buffer suffices (contains 40015152, requested 32768)
[11:27:26.731390] [pieusb] sane_read(): requested 32768 bytes
[11:27:26.731395] [pieusb] sane_read(): buffer suffices (contains 39982384, requested 32768)
[11:27:26.731505] [pieusb] sane_read(): requested 32768 bytes
[11:27:26.731509] [pieusb] sane_read(): buffer suffices (contains 39949616, requested 32768)
[11:27:26.731616] [pieusb] sane_read(): requested 32768 bytes
[11:27:26.731621] [pieusb] sane_read(): buffer suffices (contains 39916848, requested 32768)
[11:27:26.731728] [pieusb] sane_read(): requested 32768 bytes
[11:27:26.731732] [pieusb] sane_read(): buffer suffices (contains 39884080, requested 32768)
[11:27:26.731838] [pieusb] sane_read(): requested 32768 bytes
[11:27:26.731843] [pieusb] sane_read(): buffer suffices (contains 39851312, requested 32768)
[11:27:26.731950] [pieusb] sane_read(): requested 32768 bytes
[11:27:26.731955] [pieusb] sane_read(): buffer suffices (contains 39818544, requested 32768)
[11:27:26.732068] [pieusb] sane_read(): requested 32768 bytes
[11:27:26.732072] [pieusb] sane_read(): buffer suffices (contains 39785776, requested 32768)
[11:27:26.732178] [pieusb] sane_read(): requested 32768 bytes
[11:27:26.732183] [pieusb] sane_read(): buffer suffices (contains 39753008, requested 32768)
[11:27:26.732292] [pieusb] sane_read(): requested 32768 bytes
[11:27:26.732297] [pieusb] sane_read(): buffer suffices (contains 39720240, requested 32768)
[11:27:26.732404] [pieusb] sane_read(): requested 32768 bytes
[11:27:26.732409] [pieusb] sane_read(): buffer suffices (contains 39687472, requested 32768)
[11:27:26.732517] [pieusb] sane_read(): requested 32768 bytes
[11:27:26.732521] [pieusb] sane_read(): buffer suffices (contains 39654704, requested 32768)
[11:27:26.732628] [pieusb] sane_read(): requested 32768 bytes
[11:27:26.732633] [pieusb] sane_read(): buffer suffices (contains 39621936, requested 32768)
[11:27:26.732739] [pieusb] sane_read(): requested 32768 bytes
[11:27:26.732744] [pieusb] sane_read(): buffer suffices (contains 39589168, requested 32768)
[11:27:26.732852] [pieusb] sane_read(): requested 32768 bytes
[11:27:26.732856] [pieusb] sane_read(): buffer suffices (contains 39556400, requested 32768)
[11:27:26.732963] [pieusb] sane_read(): requested 32768 bytes
[11:27:26.732968] [pieusb] sane_read(): buffer suffices (contains 39523632, requested 32768)
[11:27:26.733093] [pieusb] sane_read(): requested 32768 bytes
[11:27:26.733098] [pieusb] sane_read(): buffer suffices (contains 39490864, requested 32768)
[11:27:26.733206] [pieusb] sane_read(): requested 32768 bytes
[11:27:26.733211] [pieusb] sane_read(): buffer suffices (contains 39458096, requested 32768)
[11:27:26.733317] [pieusb] sane_read(): requested 32768 bytes
[11:27:26.733322] [pieusb] sane_read(): buffer suffices (contains 39425328, requested 32768)
[11:27:26.733429] [pieusb] sane_read(): requested 32768 bytes
[11:27:26.733434] [pieusb] sane_read(): buffer suffices (contains 39392560, requested 32768)
[11:27:26.733542] [pieusb] sane_read(): requested 32768 bytes
[11:27:26.733546] [pieusb] sane_read(): buffer suffices (contains 39359792, requested 32768)
[11:27:26.733653] [pieusb] sane_read(): requested 32768 bytes
[11:27:26.733658] [pieusb] sane_read(): buffer suffices (contains 39327024, requested 32768)
[11:27:26.733766] [pieusb] sane_read(): requested 32768 bytes
[11:27:26.733771] [pieusb] sane_read(): buffer suffices (contains 39294256, requested 32768)
[11:27:26.733878] [pieusb] sane_read(): requested 32768 bytes
[11:27:26.733883] [pieusb] sane_read(): buffer suffices (contains 39261488, requested 32768)
[11:27:26.734000] [pieusb] sane_read(): requested 32768 bytes
[11:27:26.734005] [pieusb] sane_read(): buffer suffices (contains 39228720, requested 32768)
[11:27:26.734113] [pieusb] sane_read(): requested 32768 bytes
[11:27:26.734118] [pieusb] sane_read(): buffer suffices (contains 39195952, requested 32768)
[11:27:26.734227] [pieusb] sane_read(): requested 32768 bytes
[11:27:26.734232] [pieusb] sane_read(): buffer suffices (contains 39163184, requested 32768)
[11:27:26.734351] [pieusb] sane_read(): requested 32768 bytes
[11:27:26.734358] [pieusb] sane_read(): buffer suffices (contains 39130416, requested 32768)
[11:27:26.734467] [pieusb] sane_read(): requested 32768 bytes
[11:27:26.734474] [pieusb] sane_read(): buffer suffices (contains 39097648, requested 32768)
[11:27:26.734587] [pieusb] sane_read(): requested 32768 bytes
[11:27:26.734594] [pieusb] sane_read(): buffer suffices (contains 39064880, requested 32768)
[11:27:26.734705] [pieusb] sane_read(): requested 32768 bytes
[11:27:26.734710] [pieusb] sane_read(): buffer suffices (contains 39032112, requested 32768)
[11:27:26.734825] [pieusb] sane_read(): requested 32768 bytes
[11:27:26.734831] [pieusb] sane_read(): buffer suffices (contains 38999344, requested 32768)
[11:27:26.734943] [pieusb] sane_read(): requested 32768 bytes
[11:27:26.734949] [pieusb] sane_read(): buffer suffices (contains 38966576, requested 32768)
[11:27:26.735080] [pieusb] sane_read(): requested 32768 bytes
[11:27:26.735085] [pieusb] sane_read(): buffer suffices (contains 38933808, requested 32768)
[11:27:26.735193] [pieusb] sane_read(): requested 32768 bytes
[11:27:26.735199] [pieusb] sane_read(): buffer suffices (contains 38901040, requested 32768)
[11:27:26.735309] [pieusb] sane_read(): requested 32768 bytes
[11:27:26.735313] [pieusb] sane_read(): buffer suffices (contains 38868272, requested 32768)
[11:27:26.735424] [pieusb] sane_read(): requested 32768 bytes
[11:27:26.735429] [pieusb] sane_read(): buffer suffices (contains 38835504, requested 32768)
[11:27:26.735536] [pieusb] sane_read(): requested 32768 bytes
[11:27:26.735541] [pieusb] sane_read(): buffer suffices (contains 38802736, requested 32768)
[11:27:26.735650] [pieusb] sane_read(): requested 32768 bytes
[11:27:26.735656] [pieusb] sane_read(): buffer suffices (contains 38769968, requested 32768)
[11:27:26.735774] [pieusb] sane_read(): requested 32768 bytes
[11:27:26.735780] [pieusb] sane_read(): buffer suffices (contains 38737200, requested 32768)
[11:27:26.735895] [pieusb] sane_read(): requested 32768 bytes
[11:27:26.735901] [pieusb] sane_read(): buffer suffices (contains 38704432, requested 32768)
[11:27:26.736024] [pieusb] sane_read(): requested 32768 bytes
[11:27:26.736031] [pieusb] sane_read(): buffer suffices (contains 38671664, requested 32768)
[11:27:26.736140] [pieusb] sane_read(): requested 32768 bytes
[11:27:26.736147] [pieusb] sane_read(): buffer suffices (contains 38638896, requested 32768)
[11:27:26.736258] [pieusb] sane_read(): requested 32768 bytes
[11:27:26.736263] [pieusb] sane_read(): buffer suffices (contains 38606128, requested 32768)
[11:27:26.736374] [pieusb] sane_read(): requested 32768 bytes
[11:27:26.736380] [pieusb] sane_read(): buffer suffices (contains 38573360, requested 32768)
[11:27:26.736492] [pieusb] sane_read(): requested 32768 bytes
[11:27:26.736498] [pieusb] sane_read(): buffer suffices (contains 38540592, requested 32768)
[11:27:26.736612] [pieusb] sane_read(): requested 32768 bytes
[11:27:26.736618] [pieusb] sane_read(): buffer suffices (contains 38507824, requested 32768)
[11:27:26.736729] [pieusb] sane_read(): requested 32768 bytes
[11:27:26.736736] [pieusb] sane_read(): buffer suffices (contains 38475056, requested 32768)
[11:27:26.736849] [pieusb] sane_read(): requested 32768 bytes
[11:27:26.736854] [pieusb] sane_read(): buffer suffices (contains 38442288, requested 32768)
[11:27:26.736965] [pieusb] sane_read(): requested 32768 bytes
[11:27:26.736970] [pieusb] sane_read(): buffer suffices (contains 38409520, requested 32768)
[11:27:26.737087] [pieusb] sane_read(): requested 32768 bytes
[11:27:26.737093] [pieusb] sane_read(): buffer suffices (contains 38376752, requested 32768)
[11:27:26.737203] [pieusb] sane_read(): requested 32768 bytes
[11:27:26.737209] [pieusb] sane_read(): buffer suffices (contains 38343984, requested 32768)
[11:27:26.737315] [pieusb] sane_read(): requested 32768 bytes
[11:27:26.737321] [pieusb] sane_read(): buffer suffices (contains 38311216, requested 32768)
[11:27:26.737427] [pieusb] sane_read(): requested 32768 bytes
[11:27:26.737431] [pieusb] sane_read(): buffer suffices (contains 38278448, requested 32768)
[11:27:26.737541] [pieusb] sane_read(): requested 32768 bytes
[11:27:26.737546] [pieusb] sane_read(): buffer suffices (contains 38245680, requested 32768)
[11:27:26.737654] [pieusb] sane_read(): requested 32768 bytes
[11:27:26.737659] [pieusb] sane_read(): buffer suffices (contains 38212912, requested 32768)
[11:27:26.737768] [pieusb] sane_read(): requested 32768 bytes
[11:27:26.737772] [pieusb] sane_read(): buffer suffices (contains 38180144, requested 32768)
[11:27:26.737879] [pieusb] sane_read(): requested 32768 bytes
[11:27:26.737884] [pieusb] sane_read(): buffer suffices (contains 38147376, requested 32768)
[11:27:26.738001] [pieusb] sane_read(): requested 32768 bytes
[11:27:26.738006] [pieusb] sane_read(): buffer suffices (contains 38114608, requested 32768)
[11:27:26.738112] [pieusb] sane_read(): requested 32768 bytes
[11:27:26.738117] [pieusb] sane_read(): buffer suffices (contains 38081840, requested 32768)
[11:27:26.738223] [pieusb] sane_read(): requested 32768 bytes
[11:27:26.738228] [pieusb] sane_read(): buffer suffices (contains 38049072, requested 32768)
[11:27:26.738337] [pieusb] sane_read(): requested 32768 bytes
[11:27:26.738342] [pieusb] sane_read(): buffer suffices (contains 38016304, requested 32768)
[11:27:26.738450] [pieusb] sane_read(): requested 32768 bytes
[11:27:26.738455] [pieusb] sane_read(): buffer suffices (contains 37983536, requested 32768)
[11:27:26.738566] [pieusb] sane_read(): requested 32768 bytes
[11:27:26.738571] [pieusb] sane_read(): buffer suffices (contains 37950768, requested 32768)
[11:27:26.738681] [pieusb] sane_read(): requested 32768 bytes
[11:27:26.738686] [pieusb] sane_read(): buffer suffices (contains 37918000, requested 32768)
[11:27:26.738795] [pieusb] sane_read(): requested 32768 bytes
[11:27:26.738800] [pieusb] sane_read(): buffer suffices (contains 37885232, requested 32768)
[11:27:26.738907] [pieusb] sane_read(): requested 32768 bytes
[11:27:26.738912] [pieusb] sane_read(): buffer suffices (contains 37852464, requested 32768)
[11:27:26.739028] [pieusb] sane_read(): requested 32768 bytes
[11:27:26.739032] [pieusb] sane_read(): buffer suffices (contains 37819696, requested 32768)
[11:27:26.739138] [pieusb] sane_read(): requested 32768 bytes
[11:27:26.739143] [pieusb] sane_read(): buffer suffices (contains 37786928, requested 32768)
[11:27:26.739251] [pieusb] sane_read(): requested 32768 bytes
[11:27:26.739256] [pieusb] sane_read(): buffer suffices (contains 37754160, requested 32768)
[11:27:26.739362] [pieusb] sane_read(): requested 32768 bytes
[11:27:26.739367] [pieusb] sane_read(): buffer suffices (contains 37721392, requested 32768)
[11:27:26.739475] [pieusb] sane_read(): requested 32768 bytes
[11:27:26.739480] [pieusb] sane_read(): buffer suffices (contains 37688624, requested 32768)
[11:27:26.739587] [pieusb] sane_read(): requested 32768 bytes
[11:27:26.739592] [pieusb] sane_read(): buffer suffices (contains 37655856, requested 32768)
[11:27:26.739698] [pieusb] sane_read(): requested 32768 bytes
[11:27:26.739703] [pieusb] sane_read(): buffer suffices (contains 37623088, requested 32768)
[11:27:26.739808] [pieusb] sane_read(): requested 32768 bytes
[11:27:26.739813] [pieusb] sane_read(): buffer suffices (contains 37590320, requested 32768)
[11:27:26.740100] [pieusb] sane_read(): requested 32768 bytes
[11:27:26.740104] [pieusb] sane_read(): buffer suffices (contains 37557552, requested 32768)
[11:27:26.740211] [pieusb] sane_read(): requested 32768 bytes
[11:27:26.740215] [pieusb] sane_read(): buffer suffices (contains 37524784, requested 32768)
[11:27:26.740321] [pieusb] sane_read(): requested 32768 bytes
[11:27:26.740326] [pieusb] sane_read(): buffer suffices (contains 37492016, requested 32768)
[11:27:26.740432] [pieusb] sane_read(): requested 32768 bytes
[11:27:26.740436] [pieusb] sane_read(): buffer suffices (contains 37459248, requested 32768)
[11:27:26.740542] [pieusb] sane_read(): requested 32768 bytes
[11:27:26.740547] [pieusb] sane_read(): buffer suffices (contains 37426480, requested 32768)
[11:27:26.740654] [pieusb] sane_read(): requested 32768 bytes
[11:27:26.740659] [pieusb] sane_read(): buffer suffices (contains 37393712, requested 32768)
[11:27:26.740765] [pieusb] sane_read(): requested 32768 bytes
[11:27:26.740769] [pieusb] sane_read(): buffer suffices (contains 37360944, requested 32768)
[11:27:26.740875] [pieusb] sane_read(): requested 32768 bytes
[11:27:26.740880] [pieusb] sane_read(): buffer suffices (contains 37328176, requested 32768)
[11:27:26.740990] [pieusb] sane_read(): requested 32768 bytes
[11:27:26.740994] [pieusb] sane_read(): buffer suffices (contains 37295408, requested 32768)
[11:27:26.741104] [pieusb] sane_read(): requested 32768 bytes
[11:27:26.741109] [pieusb] sane_read(): buffer suffices (contains 37262640, requested 32768)
[11:27:26.741217] [pieusb] sane_read(): requested 32768 bytes
[11:27:26.741221] [pieusb] sane_read(): buffer suffices (contains 37229872, requested 32768)
[11:27:26.741327] [pieusb] sane_read(): requested 32768 bytes
[11:27:26.741331] [pieusb] sane_read(): buffer suffices (contains 37197104, requested 32768)
[11:27:26.741437] [pieusb] sane_read(): requested 32768 bytes
[11:27:26.741442] [pieusb] sane_read(): buffer suffices (contains 37164336, requested 32768)
[11:27:26.741548] [pieusb] sane_read(): requested 32768 bytes
[11:27:26.741553] [pieusb] sane_read(): buffer suffices (contains 37131568, requested 32768)
[11:27:26.741663] [pieusb] sane_read(): requested 32768 bytes
[11:27:26.741668] [pieusb] sane_read(): buffer suffices (contains 37098800, requested 32768)
[11:27:26.741775] [pieusb] sane_read(): requested 32768 bytes
[11:27:26.741780] [pieusb] sane_read(): buffer suffices (contains 37066032, requested 32768)
[11:27:26.741888] [pieusb] sane_read(): requested 32768 bytes
[11:27:26.741893] [pieusb] sane_read(): buffer suffices (contains 37033264, requested 32768)
[11:27:26.742005] [pieusb] sane_read(): requested 32768 bytes
[11:27:26.742010] [pieusb] sane_read(): buffer suffices (contains 37000496, requested 32768)
[11:27:26.742118] [pieusb] sane_read(): requested 32768 bytes
[11:27:26.742123] [pieusb] sane_read(): buffer suffices (contains 36967728, requested 32768)
[11:27:26.742232] [pieusb] sane_read(): requested 32768 bytes
[11:27:26.742236] [pieusb] sane_read(): buffer suffices (contains 36934960, requested 32768)
[11:27:26.742347] [pieusb] sane_read(): requested 32768 bytes
[11:27:26.742352] [pieusb] sane_read(): buffer suffices (contains 36902192, requested 32768)
[11:27:26.742461] [pieusb] sane_read(): requested 32768 bytes
[11:27:26.742466] [pieusb] sane_read(): buffer suffices (contains 36869424, requested 32768)
[11:27:26.742575] [pieusb] sane_read(): requested 32768 bytes
[11:27:26.742580] [pieusb] sane_read(): buffer suffices (contains 36836656, requested 32768)
[11:27:26.742689] [pieusb] sane_read(): requested 32768 bytes
[11:27:26.742694] [pieusb] sane_read(): buffer suffices (contains 36803888, requested 32768)
[11:27:26.742806] [pieusb] sane_read(): requested 32768 bytes
[11:27:26.742810] [pieusb] sane_read(): buffer suffices (contains 36771120, requested 32768)
[11:27:26.742922] [pieusb] sane_read(): requested 32768 bytes
[11:27:26.742928] [pieusb] sane_read(): buffer suffices (contains 36738352, requested 32768)
[11:27:26.743048] [pieusb] sane_read(): requested 32768 bytes
[11:27:26.743054] [pieusb] sane_read(): buffer suffices (contains 36705584, requested 32768)
[11:27:26.743164] [pieusb] sane_read(): requested 32768 bytes
[11:27:26.743170] [pieusb] sane_read(): buffer suffices (contains 36672816, requested 32768)
[11:27:26.743280] [pieusb] sane_read(): requested 32768 bytes
[11:27:26.743286] [pieusb] sane_read(): buffer suffices (contains 36640048, requested 32768)
[11:27:26.743396] [pieusb] sane_read(): requested 32768 bytes
[11:27:26.743401] [pieusb] sane_read(): buffer suffices (contains 36607280, requested 32768)
[11:27:26.743513] [pieusb] sane_read(): requested 32768 bytes
[11:27:26.743518] [pieusb] sane_read(): buffer suffices (contains 36574512, requested 32768)
[11:27:26.743627] [pieusb] sane_read(): requested 32768 bytes
[11:27:26.743632] [pieusb] sane_read(): buffer suffices (contains 36541744, requested 32768)
[11:27:26.743742] [pieusb] sane_read(): requested 32768 bytes
[11:27:26.743747] [pieusb] sane_read(): buffer suffices (contains 36508976, requested 32768)
[11:27:26.743852] [pieusb] sane_read(): requested 32768 bytes
[11:27:26.743857] [pieusb] sane_read(): buffer suffices (contains 36476208, requested 32768)
[11:27:26.743963] [pieusb] sane_read(): requested 32768 bytes
[11:27:26.743968] [pieusb] sane_read(): buffer suffices (contains 36443440, requested 32768)
[11:27:26.744081] [pieusb] sane_read(): requested 32768 bytes
[11:27:26.744085] [pieusb] sane_read(): buffer suffices (contains 36410672, requested 32768)
[11:27:26.744212] [pieusb] sane_read(): requested 32768 bytes
[11:27:26.744218] [pieusb] sane_read(): buffer suffices (contains 36377904, requested 32768)
[11:27:26.744340] [pieusb] sane_read(): requested 32768 bytes
[11:27:26.744345] [pieusb] sane_read(): buffer suffices (contains 36345136, requested 32768)
[11:27:26.744451] [pieusb] sane_read(): requested 32768 bytes
[11:27:26.744456] [pieusb] sane_read(): buffer suffices (contains 36312368, requested 32768)
[11:27:26.744566] [pieusb] sane_read(): requested 32768 bytes
[11:27:26.744570] [pieusb] sane_read(): buffer suffices (contains 36279600, requested 32768)
[11:27:26.744677] [pieusb] sane_read(): requested 32768 bytes
[11:27:26.744682] [pieusb] sane_read(): buffer suffices (contains 36246832, requested 32768)
[11:27:26.744788] [pieusb] sane_read(): requested 32768 bytes
[11:27:26.744792] [pieusb] sane_read(): buffer suffices (contains 36214064, requested 32768)
[11:27:26.744899] [pieusb] sane_read(): requested 32768 bytes
[11:27:26.744903] [pieusb] sane_read(): buffer suffices (contains 36181296, requested 32768)
[11:27:26.745015] [pieusb] sane_read(): requested 32768 bytes
[11:27:26.745020] [pieusb] sane_read(): buffer suffices (contains 36148528, requested 32768)
[11:27:26.745127] [pieusb] sane_read(): requested 32768 bytes
[11:27:26.745132] [pieusb] sane_read(): buffer suffices (contains 36115760, requested 32768)
[11:27:26.745243] [pieusb] sane_read(): requested 32768 bytes
[11:27:26.745248] [pieusb] sane_read(): buffer suffices (contains 36082992, requested 32768)
[11:27:26.745354] [pieusb] sane_read(): requested 32768 bytes
[11:27:26.745358] [pieusb] sane_read(): buffer suffices (contains 36050224, requested 32768)
[11:27:26.745464] [pieusb] sane_read(): requested 32768 bytes
[11:27:26.745468] [pieusb] sane_read(): buffer suffices (contains 36017456, requested 32768)
[11:27:26.745574] [pieusb] sane_read(): requested 32768 bytes
[11:27:26.745579] [pieusb] sane_read(): buffer suffices (contains 35984688, requested 32768)
[11:27:26.745686] [pieusb] sane_read(): requested 32768 bytes
[11:27:26.745691] [pieusb] sane_read(): buffer suffices (contains 35951920, requested 32768)
[11:27:26.745797] [pieusb] sane_read(): requested 32768 bytes
[11:27:26.745801] [pieusb] sane_read(): buffer suffices (contains 35919152, requested 32768)
[11:27:26.745907] [pieusb] sane_read(): requested 32768 bytes
[11:27:26.745911] [pieusb] sane_read(): buffer suffices (contains 35886384, requested 32768)
[11:27:26.746023] [pieusb] sane_read(): requested 32768 bytes
[11:27:26.746027] [pieusb] sane_read(): buffer suffices (contains 35853616, requested 32768)
[11:27:26.746133] [pieusb] sane_read(): requested 32768 bytes
[11:27:26.746137] [pieusb] sane_read(): buffer suffices (contains 35820848, requested 32768)
[11:27:26.746247] [pieusb] sane_read(): requested 32768 bytes
[11:27:26.746251] [pieusb] sane_read(): buffer suffices (contains 35788080, requested 32768)
[11:27:26.746357] [pieusb] sane_read(): requested 32768 bytes
[11:27:26.746361] [pieusb] sane_read(): buffer suffices (contains 35755312, requested 32768)
[11:27:26.746467] [pieusb] sane_read(): requested 32768 bytes
[11:27:26.746472] [pieusb] sane_read(): buffer suffices (contains 35722544, requested 32768)
[11:27:26.746577] [pieusb] sane_read(): requested 32768 bytes
[11:27:26.746582] [pieusb] sane_read(): buffer suffices (contains 35689776, requested 32768)
[11:27:26.746689] [pieusb] sane_read(): requested 32768 bytes
[11:27:26.746693] [pieusb] sane_read(): buffer suffices (contains 35657008, requested 32768)
[11:27:26.746800] [pieusb] sane_read(): requested 32768 bytes
[11:27:26.746805] [pieusb] sane_read(): buffer suffices (contains 35624240, requested 32768)
[11:27:26.746910] [pieusb] sane_read(): requested 32768 bytes
[11:27:26.746915] [pieusb] sane_read(): buffer suffices (contains 35591472, requested 32768)
[11:27:26.747029] [pieusb] sane_read(): requested 32768 bytes
[11:27:26.747034] [pieusb] sane_read(): buffer suffices (contains 35558704, requested 32768)
[11:27:26.747140] [pieusb] sane_read(): requested 32768 bytes
[11:27:26.747145] [pieusb] sane_read(): buffer suffices (contains 35525936, requested 32768)
[11:27:26.747251] [pieusb] sane_read(): requested 32768 bytes
[11:27:26.747255] [pieusb] sane_read(): buffer suffices (contains 35493168, requested 32768)
[11:27:26.747362] [pieusb] sane_read(): requested 32768 bytes
[11:27:26.747367] [pieusb] sane_read(): buffer suffices (contains 35460400, requested 32768)
[11:27:26.747473] [pieusb] sane_read(): requested 32768 bytes
[11:27:26.747478] [pieusb] sane_read(): buffer suffices (contains 35427632, requested 32768)
[11:27:26.747583] [pieusb] sane_read(): requested 32768 bytes
[11:27:26.747588] [pieusb] sane_read(): buffer suffices (contains 35394864, requested 32768)
[11:27:26.747694] [pieusb] sane_read(): requested 32768 bytes
[11:27:26.747698] [pieusb] sane_read(): buffer suffices (contains 35362096, requested 32768)
[11:27:26.747804] [pieusb] sane_read(): requested 32768 bytes
[11:27:26.747809] [pieusb] sane_read(): buffer suffices (contains 35329328, requested 32768)
[11:27:26.747918] [pieusb] sane_read(): requested 32768 bytes
[11:27:26.747923] [pieusb] sane_read(): buffer suffices (contains 35296560, requested 32768)
[11:27:26.748040] [pieusb] sane_read(): requested 32768 bytes
[11:27:26.748045] [pieusb] sane_read(): buffer suffices (contains 35263792, requested 32768)
[11:27:26.748153] [pieusb] sane_read(): requested 32768 bytes
[11:27:26.748158] [pieusb] sane_read(): buffer suffices (contains 35231024, requested 32768)
[11:27:26.748264] [pieusb] sane_read(): requested 32768 bytes
[11:27:26.748269] [pieusb] sane_read(): buffer suffices (contains 35198256, requested 32768)
[11:27:26.748376] [pieusb] sane_read(): requested 32768 bytes
[11:27:26.748381] [pieusb] sane_read(): buffer suffices (contains 35165488, requested 32768)
[11:27:26.748487] [pieusb] sane_read(): requested 32768 bytes
[11:27:26.748492] [pieusb] sane_read(): buffer suffices (contains 35132720, requested 32768)
[11:27:26.748598] [pieusb] sane_read(): requested 32768 bytes
[11:27:26.748603] [pieusb] sane_read(): buffer suffices (contains 35099952, requested 32768)
[11:27:26.748714] [pieusb] sane_read(): requested 32768 bytes
[11:27:26.748719] [pieusb] sane_read(): buffer suffices (contains 35067184, requested 32768)
[11:27:26.748825] [pieusb] sane_read(): requested 32768 bytes
[11:27:26.748830] [pieusb] sane_read(): buffer suffices (contains 35034416, requested 32768)
[11:27:26.748937] [pieusb] sane_read(): requested 32768 bytes
[11:27:26.748942] [pieusb] sane_read(): buffer suffices (contains 35001648, requested 32768)
[11:27:26.749055] [pieusb] sane_read(): requested 32768 bytes
[11:27:26.749060] [pieusb] sane_read(): buffer suffices (contains 34968880, requested 32768)
[11:27:26.749167] [pieusb] sane_read(): requested 32768 bytes
[11:27:26.749172] [pieusb] sane_read(): buffer suffices (contains 34936112, requested 32768)
[11:27:26.749278] [pieusb] sane_read(): requested 32768 bytes
[11:27:26.749282] [pieusb] sane_read(): buffer suffices (contains 34903344, requested 32768)
[11:27:26.749388] [pieusb] sane_read(): requested 32768 bytes
[11:27:26.749393] [pieusb] sane_read(): buffer suffices (contains 34870576, requested 32768)
[11:27:26.749500] [pieusb] sane_read(): requested 32768 bytes
[11:27:26.749504] [pieusb] sane_read(): buffer suffices (contains 34837808, requested 32768)
[11:27:26.749613] [pieusb] sane_read(): requested 32768 bytes
[11:27:26.749617] [pieusb] sane_read(): buffer suffices (contains 34805040, requested 32768)
[11:27:26.749724] [pieusb] sane_read(): requested 32768 bytes
[11:27:26.749729] [pieusb] sane_read(): buffer suffices (contains 34772272, requested 32768)
[11:27:26.749834] [pieusb] sane_read(): requested 32768 bytes
[11:27:26.749839] [pieusb] sane_read(): buffer suffices (contains 34739504, requested 32768)
[11:27:26.749944] [pieusb] sane_read(): requested 32768 bytes
[11:27:26.749949] [pieusb] sane_read(): buffer suffices (contains 34706736, requested 32768)
[11:27:26.750064] [pieusb] sane_read(): requested 32768 bytes
[11:27:26.750069] [pieusb] sane_read(): buffer suffices (contains 34673968, requested 32768)
[11:27:26.750174] [pieusb] sane_read(): requested 32768 bytes
[11:27:26.750178] [pieusb] sane_read(): buffer suffices (contains 34641200, requested 32768)
[11:27:26.750285] [pieusb] sane_read(): requested 32768 bytes
[11:27:26.750289] [pieusb] sane_read(): buffer suffices (contains 34608432, requested 32768)
[11:27:26.750396] [pieusb] sane_read(): requested 32768 bytes
[11:27:26.750401] [pieusb] sane_read(): buffer suffices (contains 34575664, requested 32768)
[11:27:26.750510] [pieusb] sane_read(): requested 32768 bytes
[11:27:26.750516] [pieusb] sane_read(): buffer suffices (contains 34542896, requested 32768)
[11:27:26.750625] [pieusb] sane_read(): requested 32768 bytes
[11:27:26.750630] [pieusb] sane_read(): buffer suffices (contains 34510128, requested 32768)
[11:27:26.750740] [pieusb] sane_read(): requested 32768 bytes
[11:27:26.750745] [pieusb] sane_read(): buffer suffices (contains 34477360, requested 32768)
[11:27:26.750855] [pieusb] sane_read(): requested 32768 bytes
[11:27:26.750860] [pieusb] sane_read(): buffer suffices (contains 34444592, requested 32768)
[11:27:26.750970] [pieusb] sane_read(): requested 32768 bytes
[11:27:26.750976] [pieusb] sane_read(): buffer suffices (contains 34411824, requested 32768)
[11:27:26.751099] [pieusb] sane_read(): requested 32768 bytes
[11:27:26.751105] [pieusb] sane_read(): buffer suffices (contains 34379056, requested 32768)
[11:27:26.751223] [pieusb] sane_read(): requested 32768 bytes
[11:27:26.751230] [pieusb] sane_read(): buffer suffices (contains 34346288, requested 32768)
[11:27:26.751342] [pieusb] sane_read(): requested 32768 bytes
[11:27:26.751348] [pieusb] sane_read(): buffer suffices (contains 34313520, requested 32768)
[11:27:26.751458] [pieusb] sane_read(): requested 32768 bytes
[11:27:26.751464] [pieusb] sane_read(): buffer suffices (contains 34280752, requested 32768)
[11:27:26.751572] [pieusb] sane_read(): requested 32768 bytes
[11:27:26.751577] [pieusb] sane_read(): buffer suffices (contains 34247984, requested 32768)
[11:27:26.751682] [pieusb] sane_read(): requested 32768 bytes
[11:27:26.751687] [pieusb] sane_read(): buffer suffices (contains 34215216, requested 32768)
[11:27:26.751796] [pieusb] sane_read(): requested 32768 bytes
[11:27:26.751801] [pieusb] sane_read(): buffer suffices (contains 34182448, requested 32768)
[11:27:26.751908] [pieusb] sane_read(): requested 32768 bytes
[11:27:26.751912] [pieusb] sane_read(): buffer suffices (contains 34149680, requested 32768)
[11:27:26.752029] [pieusb] sane_read(): requested 32768 bytes
[11:27:26.752033] [pieusb] sane_read(): buffer suffices (contains 34116912, requested 32768)
[11:27:26.752142] [pieusb] sane_read(): requested 32768 bytes
[11:27:26.752147] [pieusb] sane_read(): buffer suffices (contains 34084144, requested 32768)
[11:27:26.752262] [pieusb] sane_read(): requested 32768 bytes
[11:27:26.752267] [pieusb] sane_read(): buffer suffices (contains 34051376, requested 32768)
[11:27:26.752381] [pieusb] sane_read(): requested 32768 bytes
[11:27:26.752386] [pieusb] sane_read(): buffer suffices (contains 34018608, requested 32768)
[11:27:26.752493] [pieusb] sane_read(): requested 32768 bytes
[11:27:26.752499] [pieusb] sane_read(): buffer suffices (contains 33985840, requested 32768)
[11:27:26.752608] [pieusb] sane_read(): requested 32768 bytes
[11:27:26.752615] [pieusb] sane_read(): buffer suffices (contains 33953072, requested 32768)
[11:27:26.752725] [pieusb] sane_read(): requested 32768 bytes
[11:27:26.752731] [pieusb] sane_read(): buffer suffices (contains 33920304, requested 32768)
[11:27:26.752847] [pieusb] sane_read(): requested 32768 bytes
[11:27:26.752853] [pieusb] sane_read(): buffer suffices (contains 33887536, requested 32768)
[11:27:26.752961] [pieusb] sane_read(): requested 32768 bytes
[11:27:26.752967] [pieusb] sane_read(): buffer suffices (contains 33854768, requested 32768)
[11:27:26.753099] [pieusb] sane_read(): requested 32768 bytes
[11:27:26.753105] [pieusb] sane_read(): buffer suffices (contains 33822000, requested 32768)
[11:27:26.753218] [pieusb] sane_read(): requested 32768 bytes
[11:27:26.753225] [pieusb] sane_read(): buffer suffices (contains 33789232, requested 32768)
[11:27:26.753337] [pieusb] sane_read(): requested 32768 bytes
[11:27:26.753342] [pieusb] sane_read(): buffer suffices (contains 33756464, requested 32768)
[11:27:26.753453] [pieusb] sane_read(): requested 32768 bytes
[11:27:26.753459] [pieusb] sane_read(): buffer suffices (contains 33723696, requested 32768)
[11:27:26.753570] [pieusb] sane_read(): requested 32768 bytes
[11:27:26.753575] [pieusb] sane_read(): buffer suffices (contains 33690928, requested 32768)
[11:27:26.753688] [pieusb] sane_read(): requested 32768 bytes
[11:27:26.753693] [pieusb] sane_read(): buffer suffices (contains 33658160, requested 32768)
[11:27:26.753802] [pieusb] sane_read(): requested 32768 bytes
[11:27:26.753807] [pieusb] sane_read(): buffer suffices (contains 33625392, requested 32768)
[11:27:26.753915] [pieusb] sane_read(): requested 32768 bytes
[11:27:26.753920] [pieusb] sane_read(): buffer suffices (contains 33592624, requested 32768)
[11:27:26.754038] [pieusb] sane_read(): requested 32768 bytes
[11:27:26.754043] [pieusb] sane_read(): buffer suffices (contains 33559856, requested 32768)
[11:27:26.754150] [pieusb] sane_read(): requested 32768 bytes
[11:27:26.754155] [pieusb] sane_read(): buffer suffices (contains 33527088, requested 32768)
[11:27:26.754261] [pieusb] sane_read(): requested 32768 bytes
[11:27:26.754266] [pieusb] sane_read(): buffer suffices (contains 33494320, requested 32768)
[11:27:26.754373] [pieusb] sane_read(): requested 32768 bytes
[11:27:26.754378] [pieusb] sane_read(): buffer suffices (contains 33461552, requested 32768)
[11:27:26.754486] [pieusb] sane_read(): requested 32768 bytes
[11:27:26.754491] [pieusb] sane_read(): buffer suffices (contains 33428784, requested 32768)
[11:27:26.754599] [pieusb] sane_read(): requested 32768 bytes
[11:27:26.754605] [pieusb] sane_read(): buffer suffices (contains 33396016, requested 32768)
[11:27:26.754713] [pieusb] sane_read(): requested 32768 bytes
[11:27:26.754717] [pieusb] sane_read(): buffer suffices (contains 33363248, requested 32768)
[11:27:26.754825] [pieusb] sane_read(): requested 32768 bytes
[11:27:26.754830] [pieusb] sane_read(): buffer suffices (contains 33330480, requested 32768)
[11:27:26.754937] [pieusb] sane_read(): requested 32768 bytes
[11:27:26.754942] [pieusb] sane_read(): buffer suffices (contains 33297712, requested 32768)
[11:27:26.755057] [pieusb] sane_read(): requested 32768 bytes
[11:27:26.755062] [pieusb] sane_read(): buffer suffices (contains 33264944, requested 32768)
[11:27:26.755169] [pieusb] sane_read(): requested 32768 bytes
[11:27:26.755174] [pieusb] sane_read(): buffer suffices (contains 33232176, requested 32768)
[11:27:26.755281] [pieusb] sane_read(): requested 32768 bytes
[11:27:26.755286] [pieusb] sane_read(): buffer suffices (contains 33199408, requested 32768)
[11:27:26.755394] [pieusb] sane_read(): requested 32768 bytes
[11:27:26.755399] [pieusb] sane_read(): buffer suffices (contains 33166640, requested 32768)
[11:27:26.755519] [pieusb] sane_read(): requested 32768 bytes
[11:27:26.755526] [pieusb] sane_read(): buffer suffices (contains 33133872, requested 32768)
[11:27:26.755637] [pieusb] sane_read(): requested 32768 bytes
[11:27:26.755642] [pieusb] sane_read(): buffer suffices (contains 33101104, requested 32768)
[11:27:26.755749] [pieusb] sane_read(): requested 32768 bytes
[11:27:26.755754] [pieusb] sane_read(): buffer suffices (contains 33068336, requested 32768)
[11:27:26.755865] [pieusb] sane_read(): requested 32768 bytes
[11:27:26.755870] [pieusb] sane_read(): buffer suffices (contains 33035568, requested 32768)
[11:27:26.755979] [pieusb] sane_read(): requested 32768 bytes
[11:27:26.755990] [pieusb] sane_read(): buffer suffices (contains 33002800, requested 32768)
[11:27:26.756098] [pieusb] sane_read(): requested 32768 bytes
[11:27:26.756102] [pieusb] sane_read(): buffer suffices (contains 32970032, requested 32768)
[11:27:26.756208] [pieusb] sane_read(): requested 32768 bytes
[11:27:26.756212] [pieusb] sane_read(): buffer suffices (contains 32937264, requested 32768)
[11:27:26.756320] [pieusb] sane_read(): requested 32768 bytes
[11:27:26.756325] [pieusb] sane_read(): buffer suffices (contains 32904496, requested 32768)
[11:27:26.756430] [pieusb] sane_read(): requested 32768 bytes
[11:27:26.756435] [pieusb] sane_read(): buffer suffices (contains 32871728, requested 32768)
[11:27:26.756544] [pieusb] sane_read(): requested 32768 bytes
[11:27:26.756548] [pieusb] sane_read(): buffer suffices (contains 32838960, requested 32768)
[11:27:26.756656] [pieusb] sane_read(): requested 32768 bytes
[11:27:26.756661] [pieusb] sane_read(): buffer suffices (contains 32806192, requested 32768)
[11:27:26.756768] [pieusb] sane_read(): requested 32768 bytes
[11:27:26.756773] [pieusb] sane_read(): buffer suffices (contains 32773424, requested 32768)
[11:27:26.756881] [pieusb] sane_read(): requested 32768 bytes
[11:27:26.756886] [pieusb] sane_read(): buffer suffices (contains 32740656, requested 32768)
[11:27:26.756998] [pieusb] sane_read(): requested 32768 bytes
[11:27:26.757003] [pieusb] sane_read(): buffer suffices (contains 32707888, requested 32768)
[11:27:26.757110] [pieusb] sane_read(): requested 32768 bytes
[11:27:26.757115] [pieusb] sane_read(): buffer suffices (contains 32675120, requested 32768)
[11:27:26.757224] [pieusb] sane_read(): requested 32768 bytes
[11:27:26.757228] [pieusb] sane_read(): buffer suffices (contains 32642352, requested 32768)
[11:27:26.757338] [pieusb] sane_read(): requested 32768 bytes
[11:27:26.757342] [pieusb] sane_read(): buffer suffices (contains 32609584, requested 32768)
[11:27:26.757451] [pieusb] sane_read(): requested 32768 bytes
[11:27:26.757456] [pieusb] sane_read(): buffer suffices (contains 32576816, requested 32768)
[11:27:26.757565] [pieusb] sane_read(): requested 32768 bytes
[11:27:26.757570] [pieusb] sane_read(): buffer suffices (contains 32544048, requested 32768)
[11:27:26.757678] [pieusb] sane_read(): requested 32768 bytes
[11:27:26.757683] [pieusb] sane_read(): buffer suffices (contains 32511280, requested 32768)
[11:27:26.757793] [pieusb] sane_read(): requested 32768 bytes
[11:27:26.757798] [pieusb] sane_read(): buffer suffices (contains 32478512, requested 32768)
[11:27:26.757908] [pieusb] sane_read(): requested 32768 bytes
[11:27:26.757914] [pieusb] sane_read(): buffer suffices (contains 32445744, requested 32768)
[11:27:26.758031] [pieusb] sane_read(): requested 32768 bytes
[11:27:26.758037] [pieusb] sane_read(): buffer suffices (contains 32412976, requested 32768)
[11:27:26.758147] [pieusb] sane_read(): requested 32768 bytes
[11:27:26.758153] [pieusb] sane_read(): buffer suffices (contains 32380208, requested 32768)
[11:27:26.758267] [pieusb] sane_read(): requested 32768 bytes
[11:27:26.758272] [pieusb] sane_read(): buffer suffices (contains 32347440, requested 32768)
[11:27:26.758382] [pieusb] sane_read(): requested 32768 bytes
[11:27:26.758389] [pieusb] sane_read(): buffer suffices (contains 32314672, requested 32768)
[11:27:26.758502] [pieusb] sane_read(): requested 32768 bytes
[11:27:26.758507] [pieusb] sane_read(): buffer suffices (contains 32281904, requested 32768)
[11:27:26.758619] [pieusb] sane_read(): requested 32768 bytes
[11:27:26.758624] [pieusb] sane_read(): buffer suffices (contains 32249136, requested 32768)
[11:27:26.758734] [pieusb] sane_read(): requested 32768 bytes
[11:27:26.758740] [pieusb] sane_read(): buffer suffices (contains 32216368, requested 32768)
[11:27:26.758851] [pieusb] sane_read(): requested 32768 bytes
[11:27:26.758857] [pieusb] sane_read(): buffer suffices (contains 32183600, requested 32768)
[11:27:26.758966] [pieusb] sane_read(): requested 32768 bytes
[11:27:26.758971] [pieusb] sane_read(): buffer suffices (contains 32150832, requested 32768)
[11:27:26.759091] [pieusb] sane_read(): requested 32768 bytes
[11:27:26.759096] [pieusb] sane_read(): buffer suffices (contains 32118064, requested 32768)
[11:27:26.759204] [pieusb] sane_read(): requested 32768 bytes
[11:27:26.759209] [pieusb] sane_read(): buffer suffices (contains 32085296, requested 32768)
[11:27:26.759318] [pieusb] sane_read(): requested 32768 bytes
[11:27:26.759322] [pieusb] sane_read(): buffer suffices (contains 32052528, requested 32768)
[11:27:26.759434] [pieusb] sane_read(): requested 32768 bytes
[11:27:26.759439] [pieusb] sane_read(): buffer suffices (contains 32019760, requested 32768)
[11:27:26.759546] [pieusb] sane_read(): requested 32768 bytes
[11:27:26.759551] [pieusb] sane_read(): buffer suffices (contains 31986992, requested 32768)
[11:27:26.759660] [pieusb] sane_read(): requested 32768 bytes
[11:27:26.759665] [pieusb] sane_read(): buffer suffices (contains 31954224, requested 32768)
[11:27:26.759773] [pieusb] sane_read(): requested 32768 bytes
[11:27:26.759778] [pieusb] sane_read(): buffer suffices (contains 31921456, requested 32768)
[11:27:26.759885] [pieusb] sane_read(): requested 32768 bytes
[11:27:26.759889] [pieusb] sane_read(): buffer suffices (contains 31888688, requested 32768)
[11:27:26.760006] [pieusb] sane_read(): requested 32768 bytes
[11:27:26.760010] [pieusb] sane_read(): buffer suffices (contains 31855920, requested 32768)
[11:27:26.760118] [pieusb] sane_read(): requested 32768 bytes
[11:27:26.760123] [pieusb] sane_read(): buffer suffices (contains 31823152, requested 32768)
[11:27:26.760230] [pieusb] sane_read(): requested 32768 bytes
[11:27:26.760235] [pieusb] sane_read(): buffer suffices (contains 31790384, requested 32768)
[11:27:26.760341] [pieusb] sane_read(): requested 32768 bytes
[11:27:26.760346] [pieusb] sane_read(): buffer suffices (contains 31757616, requested 32768)
[11:27:26.760452] [pieusb] sane_read(): requested 32768 bytes
[11:27:26.760457] [pieusb] sane_read(): buffer suffices (contains 31724848, requested 32768)
[11:27:26.760565] [pieusb] sane_read(): requested 32768 bytes
[11:27:26.760569] [pieusb] sane_read(): buffer suffices (contains 31692080, requested 32768)
[11:27:26.760677] [pieusb] sane_read(): requested 32768 bytes
[11:27:26.760681] [pieusb] sane_read(): buffer suffices (contains 31659312, requested 32768)
[11:27:26.760789] [pieusb] sane_read(): requested 32768 bytes
[11:27:26.760794] [pieusb] sane_read(): buffer suffices (contains 31626544, requested 32768)
[11:27:26.760901] [pieusb] sane_read(): requested 32768 bytes
[11:27:26.760905] [pieusb] sane_read(): buffer suffices (contains 31593776, requested 32768)
[11:27:26.761018] [pieusb] sane_read(): requested 32768 bytes
[11:27:26.761023] [pieusb] sane_read(): buffer suffices (contains 31561008, requested 32768)
[11:27:26.761130] [pieusb] sane_read(): requested 32768 bytes
[11:27:26.761135] [pieusb] sane_read(): buffer suffices (contains 31528240, requested 32768)
[11:27:26.761242] [pieusb] sane_read(): requested 32768 bytes
[11:27:26.761246] [pieusb] sane_read(): buffer suffices (contains 31495472, requested 32768)
[11:27:26.761354] [pieusb] sane_read(): requested 32768 bytes
[11:27:26.761359] [pieusb] sane_read(): buffer suffices (contains 31462704, requested 32768)
[11:27:26.761466] [pieusb] sane_read(): requested 32768 bytes
[11:27:26.761470] [pieusb] sane_read(): buffer suffices (contains 31429936, requested 32768)
[11:27:26.761578] [pieusb] sane_read(): requested 32768 bytes
[11:27:26.761582] [pieusb] sane_read(): buffer suffices (contains 31397168, requested 32768)
[11:27:26.761691] [pieusb] sane_read(): requested 32768 bytes
[11:27:26.761696] [pieusb] sane_read(): buffer suffices (contains 31364400, requested 32768)
[11:27:26.761804] [pieusb] sane_read(): requested 32768 bytes
[11:27:26.761809] [pieusb] sane_read(): buffer suffices (contains 31331632, requested 32768)
[11:27:26.761916] [pieusb] sane_read(): requested 32768 bytes
[11:27:26.761921] [pieusb] sane_read(): buffer suffices (contains 31298864, requested 32768)
[11:27:26.762034] [pieusb] sane_read(): requested 32768 bytes
[11:27:26.762038] [pieusb] sane_read(): buffer suffices (contains 31266096, requested 32768)
[11:27:26.762145] [pieusb] sane_read(): requested 32768 bytes
[11:27:26.762149] [pieusb] sane_read(): buffer suffices (contains 31233328, requested 32768)
[11:27:26.762257] [pieusb] sane_read(): requested 32768 bytes
[11:27:26.762261] [pieusb] sane_read(): buffer suffices (contains 31200560, requested 32768)
[11:27:26.762369] [pieusb] sane_read(): requested 32768 bytes
[11:27:26.762374] [pieusb] sane_read(): buffer suffices (contains 31167792, requested 32768)
[11:27:26.762480] [pieusb] sane_read(): requested 32768 bytes
[11:27:26.762484] [pieusb] sane_read(): buffer suffices (contains 31135024, requested 32768)
[11:27:26.762593] [pieusb] sane_read(): requested 32768 bytes
[11:27:26.762597] [pieusb] sane_read(): buffer suffices (contains 31102256, requested 32768)
[11:27:26.762705] [pieusb] sane_read(): requested 32768 bytes
[11:27:26.762710] [pieusb] sane_read(): buffer suffices (contains 31069488, requested 32768)
[11:27:26.762817] [pieusb] sane_read(): requested 32768 bytes
[11:27:26.762822] [pieusb] sane_read(): buffer suffices (contains 31036720, requested 32768)
[11:27:26.762935] [pieusb] sane_read(): requested 32768 bytes
[11:27:26.762940] [pieusb] sane_read(): buffer suffices (contains 31003952, requested 32768)
[11:27:26.763052] [pieusb] sane_read(): requested 32768 bytes
[11:27:26.763057] [pieusb] sane_read(): buffer suffices (contains 30971184, requested 32768)
[11:27:26.763164] [pieusb] sane_read(): requested 32768 bytes
[11:27:26.763168] [pieusb] sane_read(): buffer suffices (contains 30938416, requested 32768)
[11:27:26.763275] [pieusb] sane_read(): requested 32768 bytes
[11:27:26.763280] [pieusb] sane_read(): buffer suffices (contains 30905648, requested 32768)
[11:27:26.763389] [pieusb] sane_read(): requested 32768 bytes
[11:27:26.763394] [pieusb] sane_read(): buffer suffices (contains 30872880, requested 32768)
[11:27:26.763502] [pieusb] sane_read(): requested 32768 bytes
[11:27:26.763507] [pieusb] sane_read(): buffer suffices (contains 30840112, requested 32768)
[11:27:26.763614] [pieusb] sane_read(): requested 32768 bytes
[11:27:26.763618] [pieusb] sane_read(): buffer suffices (contains 30807344, requested 32768)
[11:27:26.763725] [pieusb] sane_read(): requested 32768 bytes
[11:27:26.763730] [pieusb] sane_read(): buffer suffices (contains 30774576, requested 32768)
[11:27:26.763837] [pieusb] sane_read(): requested 32768 bytes
[11:27:26.763842] [pieusb] sane_read(): buffer suffices (contains 30741808, requested 32768)
[11:27:26.763948] [pieusb] sane_read(): requested 32768 bytes
[11:27:26.763953] [pieusb] sane_read(): buffer suffices (contains 30709040, requested 32768)
[11:27:26.764068] [pieusb] sane_read(): requested 32768 bytes
[11:27:26.764073] [pieusb] sane_read(): buffer suffices (contains 30676272, requested 32768)
[11:27:26.764180] [pieusb] sane_read(): requested 32768 bytes
[11:27:26.764185] [pieusb] sane_read(): buffer suffices (contains 30643504, requested 32768)
[11:27:26.764292] [pieusb] sane_read(): requested 32768 bytes
[11:27:26.764297] [pieusb] sane_read(): buffer suffices (contains 30610736, requested 32768)
[11:27:26.764403] [pieusb] sane_read(): requested 32768 bytes
[11:27:26.764408] [pieusb] sane_read(): buffer suffices (contains 30577968, requested 32768)
[11:27:26.764514] [pieusb] sane_read(): requested 32768 bytes
[11:27:26.764519] [pieusb] sane_read(): buffer suffices (contains 30545200, requested 32768)
[11:27:26.764629] [pieusb] sane_read(): requested 32768 bytes
[11:27:26.764633] [pieusb] sane_read(): buffer suffices (contains 30512432, requested 32768)
[11:27:26.764741] [pieusb] sane_read(): requested 32768 bytes
[11:27:26.764746] [pieusb] sane_read(): buffer suffices (contains 30479664, requested 32768)
[11:27:26.764853] [pieusb] sane_read(): requested 32768 bytes
[11:27:26.764858] [pieusb] sane_read(): buffer suffices (contains 30446896, requested 32768)
[11:27:26.764966] [pieusb] sane_read(): requested 32768 bytes
[11:27:26.764971] [pieusb] sane_read(): buffer suffices (contains 30414128, requested 32768)
[11:27:26.765086] [pieusb] sane_read(): requested 32768 bytes
[11:27:26.765091] [pieusb] sane_read(): buffer suffices (contains 30381360, requested 32768)
[11:27:26.765199] [pieusb] sane_read(): requested 32768 bytes
[11:27:26.765204] [pieusb] sane_read(): buffer suffices (contains 30348592, requested 32768)
[11:27:26.765311] [pieusb] sane_read(): requested 32768 bytes
[11:27:26.765315] [pieusb] sane_read(): buffer suffices (contains 30315824, requested 32768)
[11:27:26.765422] [pieusb] sane_read(): requested 32768 bytes
[11:27:26.765426] [pieusb] sane_read(): buffer suffices (contains 30283056, requested 32768)
[11:27:26.765533] [pieusb] sane_read(): requested 32768 bytes
[11:27:26.765538] [pieusb] sane_read(): buffer suffices (contains 30250288, requested 32768)
[11:27:26.765645] [pieusb] sane_read(): requested 32768 bytes
[11:27:26.765650] [pieusb] sane_read(): buffer suffices (contains 30217520, requested 32768)
[11:27:26.765758] [pieusb] sane_read(): requested 32768 bytes
[11:27:26.765763] [pieusb] sane_read(): buffer suffices (contains 30184752, requested 32768)
[11:27:26.765870] [pieusb] sane_read(): requested 32768 bytes
[11:27:26.765874] [pieusb] sane_read(): buffer suffices (contains 30151984, requested 32768)
[11:27:26.765986] [pieusb] sane_read(): requested 32768 bytes
[11:27:26.765990] [pieusb] sane_read(): buffer suffices (contains 30119216, requested 32768)
[11:27:26.766099] [pieusb] sane_read(): requested 32768 bytes
[11:27:26.766103] [pieusb] sane_read(): buffer suffices (contains 30086448, requested 32768)
[11:27:26.766212] [pieusb] sane_read(): requested 32768 bytes
[11:27:26.766216] [pieusb] sane_read(): buffer suffices (contains 30053680, requested 32768)
[11:27:26.766323] [pieusb] sane_read(): requested 32768 bytes
[11:27:26.766328] [pieusb] sane_read(): buffer suffices (contains 30020912, requested 32768)
[11:27:26.766440] [pieusb] sane_read(): requested 32768 bytes
[11:27:26.766445] [pieusb] sane_read(): buffer suffices (contains 29988144, requested 32768)
[11:27:26.766553] [pieusb] sane_read(): requested 32768 bytes
[11:27:26.766558] [pieusb] sane_read(): buffer suffices (contains 29955376, requested 32768)
[11:27:26.766665] [pieusb] sane_read(): requested 32768 bytes
[11:27:26.766670] [pieusb] sane_read(): buffer suffices (contains 29922608, requested 32768)
[11:27:26.766780] [pieusb] sane_read(): requested 32768 bytes
[11:27:26.766785] [pieusb] sane_read(): buffer suffices (contains 29889840, requested 32768)
[11:27:26.766892] [pieusb] sane_read(): requested 32768 bytes
[11:27:26.766897] [pieusb] sane_read(): buffer suffices (contains 29857072, requested 32768)
[11:27:26.767009] [pieusb] sane_read(): requested 32768 bytes
[11:27:26.767013] [pieusb] sane_read(): buffer suffices (contains 29824304, requested 32768)
[11:27:26.767120] [pieusb] sane_read(): requested 32768 bytes
[11:27:26.767125] [pieusb] sane_read(): buffer suffices (contains 29791536, requested 32768)
[11:27:26.767233] [pieusb] sane_read(): requested 32768 bytes
[11:27:26.767237] [pieusb] sane_read(): buffer suffices (contains 29758768, requested 32768)
[11:27:26.767346] [pieusb] sane_read(): requested 32768 bytes
[11:27:26.767351] [pieusb] sane_read(): buffer suffices (contains 29726000, requested 32768)
[11:27:26.767459] [pieusb] sane_read(): requested 32768 bytes
[11:27:26.767464] [pieusb] sane_read(): buffer suffices (contains 29693232, requested 32768)
[11:27:26.767577] [pieusb] sane_read(): requested 32768 bytes
[11:27:26.767583] [pieusb] sane_read(): buffer suffices (contains 29660464, requested 32768)
[11:27:26.767695] [pieusb] sane_read(): requested 32768 bytes
[11:27:26.767700] [pieusb] sane_read(): buffer suffices (contains 29627696, requested 32768)
[11:27:26.767812] [pieusb] sane_read(): requested 32768 bytes
[11:27:26.767818] [pieusb] sane_read(): buffer suffices (contains 29594928, requested 32768)
[11:27:26.767932] [pieusb] sane_read(): requested 32768 bytes
[11:27:26.767939] [pieusb] sane_read(): buffer suffices (contains 29562160, requested 32768)
[11:27:26.768154] [pieusb] sane_read(): requested 32768 bytes
[11:27:26.768169] [pieusb] sane_read(): buffer suffices (contains 29529392, requested 32768)
[11:27:26.768367] [pieusb] sane_read(): requested 32768 bytes
[11:27:26.768376] [pieusb] sane_read(): buffer suffices (contains 29496624, requested 32768)
[11:27:26.768494] [pieusb] sane_read(): requested 32768 bytes
[11:27:26.768500] [pieusb] sane_read(): buffer suffices (contains 29463856, requested 32768)
[11:27:26.768611] [pieusb] sane_read(): requested 32768 bytes
[11:27:26.768616] [pieusb] sane_read(): buffer suffices (contains 29431088, requested 32768)
[11:27:26.768728] [pieusb] sane_read(): requested 32768 bytes
[11:27:26.768733] [pieusb] sane_read(): buffer suffices (contains 29398320, requested 32768)
[11:27:26.768840] [pieusb] sane_read(): requested 32768 bytes
[11:27:26.768845] [pieusb] sane_read(): buffer suffices (contains 29365552, requested 32768)
[11:27:26.768952] [pieusb] sane_read(): requested 32768 bytes
[11:27:26.768957] [pieusb] sane_read(): buffer suffices (contains 29332784, requested 32768)
[11:27:26.769074] [pieusb] sane_read(): requested 32768 bytes
[11:27:26.769080] [pieusb] sane_read(): buffer suffices (contains 29300016, requested 32768)
[11:27:26.769191] [pieusb] sane_read(): requested 32768 bytes
[11:27:26.769197] [pieusb] sane_read(): buffer suffices (contains 29267248, requested 32768)
[11:27:26.769310] [pieusb] sane_read(): requested 32768 bytes
[11:27:26.769315] [pieusb] sane_read(): buffer suffices (contains 29234480, requested 32768)
[11:27:26.769424] [pieusb] sane_read(): requested 32768 bytes
[11:27:26.769429] [pieusb] sane_read(): buffer suffices (contains 29201712, requested 32768)
[11:27:26.769542] [pieusb] sane_read(): requested 32768 bytes
[11:27:26.769549] [pieusb] sane_read(): buffer suffices (contains 29168944, requested 32768)
[11:27:26.769657] [pieusb] sane_read(): requested 32768 bytes
[11:27:26.769663] [pieusb] sane_read(): buffer suffices (contains 29136176, requested 32768)
[11:27:26.769773] [pieusb] sane_read(): requested 32768 bytes
[11:27:26.769778] [pieusb] sane_read(): buffer suffices (contains 29103408, requested 32768)
[11:27:26.769889] [pieusb] sane_read(): requested 32768 bytes
[11:27:26.769895] [pieusb] sane_read(): buffer suffices (contains 29070640, requested 32768)
[11:27:26.770020] [pieusb] sane_read(): requested 32768 bytes
[11:27:26.770026] [pieusb] sane_read(): buffer suffices (contains 29037872, requested 32768)
[11:27:26.770138] [pieusb] sane_read(): requested 32768 bytes
[11:27:26.770146] [pieusb] sane_read(): buffer suffices (contains 29005104, requested 32768)
[11:27:26.770263] [pieusb] sane_read(): requested 32768 bytes
[11:27:26.770269] [pieusb] sane_read(): buffer suffices (contains 28972336, requested 32768)
[11:27:26.770384] [pieusb] sane_read(): requested 32768 bytes
[11:27:26.770391] [pieusb] sane_read(): buffer suffices (contains 28939568, requested 32768)
[11:27:26.770505] [pieusb] sane_read(): requested 32768 bytes
[11:27:26.770511] [pieusb] sane_read(): buffer suffices (contains 28906800, requested 32768)
[11:27:26.770620] [pieusb] sane_read(): requested 32768 bytes
[11:27:26.770626] [pieusb] sane_read(): buffer suffices (contains 28874032, requested 32768)
[11:27:26.770734] [pieusb] sane_read(): requested 32768 bytes
[11:27:26.770740] [pieusb] sane_read(): buffer suffices (contains 28841264, requested 32768)
[11:27:26.770847] [pieusb] sane_read(): requested 32768 bytes
[11:27:26.770853] [pieusb] sane_read(): buffer suffices (contains 28808496, requested 32768)
[11:27:26.770962] [pieusb] sane_read(): requested 32768 bytes
[11:27:26.770968] [pieusb] sane_read(): buffer suffices (contains 28775728, requested 32768)
[11:27:26.771081] [pieusb] sane_read(): requested 32768 bytes
[11:27:26.771086] [pieusb] sane_read(): buffer suffices (contains 28742960, requested 32768)
[11:27:26.771193] [pieusb] sane_read(): requested 32768 bytes
[11:27:26.771199] [pieusb] sane_read(): buffer suffices (contains 28710192, requested 32768)
[11:27:26.771306] [pieusb] sane_read(): requested 32768 bytes
[11:27:26.771312] [pieusb] sane_read(): buffer suffices (contains 28677424, requested 32768)
[11:27:26.771420] [pieusb] sane_read(): requested 32768 bytes
[11:27:26.771426] [pieusb] sane_read(): buffer suffices (contains 28644656, requested 32768)
[11:27:26.771536] [pieusb] sane_read(): requested 32768 bytes
[11:27:26.771541] [pieusb] sane_read(): buffer suffices (contains 28611888, requested 32768)
[11:27:26.771651] [pieusb] sane_read(): requested 32768 bytes
[11:27:26.771657] [pieusb] sane_read(): buffer suffices (contains 28579120, requested 32768)
[11:27:26.771766] [pieusb] sane_read(): requested 32768 bytes
[11:27:26.771771] [pieusb] sane_read(): buffer suffices (contains 28546352, requested 32768)
[11:27:26.771878] [pieusb] sane_read(): requested 32768 bytes
[11:27:26.771883] [pieusb] sane_read(): buffer suffices (contains 28513584, requested 32768)
[11:27:26.772000] [pieusb] sane_read(): requested 32768 bytes
[11:27:26.772006] [pieusb] sane_read(): buffer suffices (contains 28480816, requested 32768)
[11:27:26.772116] [pieusb] sane_read(): requested 32768 bytes
[11:27:26.772121] [pieusb] sane_read(): buffer suffices (contains 28448048, requested 32768)
[11:27:26.772233] [pieusb] sane_read(): requested 32768 bytes
[11:27:26.772238] [pieusb] sane_read(): buffer suffices (contains 28415280, requested 32768)
[11:27:26.772349] [pieusb] sane_read(): requested 32768 bytes
[11:27:26.772354] [pieusb] sane_read(): buffer suffices (contains 28382512, requested 32768)
[11:27:26.772463] [pieusb] sane_read(): requested 32768 bytes
[11:27:26.772468] [pieusb] sane_read(): buffer suffices (contains 28349744, requested 32768)
[11:27:26.772575] [pieusb] sane_read(): requested 32768 bytes
[11:27:26.772580] [pieusb] sane_read(): buffer suffices (contains 28316976, requested 32768)
[11:27:26.772690] [pieusb] sane_read(): requested 32768 bytes
[11:27:26.772695] [pieusb] sane_read(): buffer suffices (contains 28284208, requested 32768)
[11:27:26.772803] [pieusb] sane_read(): requested 32768 bytes
[11:27:26.772808] [pieusb] sane_read(): buffer suffices (contains 28251440, requested 32768)
[11:27:26.772916] [pieusb] sane_read(): requested 32768 bytes
[11:27:26.772921] [pieusb] sane_read(): buffer suffices (contains 28218672, requested 32768)
[11:27:26.773037] [pieusb] sane_read(): requested 32768 bytes
[11:27:26.773042] [pieusb] sane_read(): buffer suffices (contains 28185904, requested 32768)
[11:27:26.773149] [pieusb] sane_read(): requested 32768 bytes
[11:27:26.773155] [pieusb] sane_read(): buffer suffices (contains 28153136, requested 32768)
[11:27:26.773267] [pieusb] sane_read(): requested 32768 bytes
[11:27:26.773271] [pieusb] sane_read(): buffer suffices (contains 28120368, requested 32768)
[11:27:26.773378] [pieusb] sane_read(): requested 32768 bytes
[11:27:26.773382] [pieusb] sane_read(): buffer suffices (contains 28087600, requested 32768)
[11:27:26.773489] [pieusb] sane_read(): requested 32768 bytes
[11:27:26.773494] [pieusb] sane_read(): buffer suffices (contains 28054832, requested 32768)
[11:27:26.773600] [pieusb] sane_read(): requested 32768 bytes
[11:27:26.773605] [pieusb] sane_read(): buffer suffices (contains 28022064, requested 32768)
[11:27:26.773713] [pieusb] sane_read(): requested 32768 bytes
[11:27:26.773718] [pieusb] sane_read(): buffer suffices (contains 27989296, requested 32768)
[11:27:26.773832] [pieusb] sane_read(): requested 32768 bytes
[11:27:26.773837] [pieusb] sane_read(): buffer suffices (contains 27956528, requested 32768)
[11:27:26.773948] [pieusb] sane_read(): requested 32768 bytes
[11:27:26.773953] [pieusb] sane_read(): buffer suffices (contains 27923760, requested 32768)
[11:27:26.774080] [pieusb] sane_read(): requested 32768 bytes
[11:27:26.774087] [pieusb] sane_read(): buffer suffices (contains 27890992, requested 32768)
[11:27:26.774195] [pieusb] sane_read(): requested 32768 bytes
[11:27:26.774199] [pieusb] sane_read(): buffer suffices (contains 27858224, requested 32768)
[11:27:26.774307] [pieusb] sane_read(): requested 32768 bytes
[11:27:26.774312] [pieusb] sane_read(): buffer suffices (contains 27825456, requested 32768)
[11:27:26.774420] [pieusb] sane_read(): requested 32768 bytes
[11:27:26.774425] [pieusb] sane_read(): buffer suffices (contains 27792688, requested 32768)
[11:27:26.774532] [pieusb] sane_read(): requested 32768 bytes
[11:27:26.774537] [pieusb] sane_read(): buffer suffices (contains 27759920, requested 32768)
[11:27:26.774643] [pieusb] sane_read(): requested 32768 bytes
[11:27:26.774648] [pieusb] sane_read(): buffer suffices (contains 27727152, requested 32768)
[11:27:26.774754] [pieusb] sane_read(): requested 32768 bytes
[11:27:26.774759] [pieusb] sane_read(): buffer suffices (contains 27694384, requested 32768)
[11:27:26.774866] [pieusb] sane_read(): requested 32768 bytes
[11:27:26.774871] [pieusb] sane_read(): buffer suffices (contains 27661616, requested 32768)
[11:27:26.774986] [pieusb] sane_read(): requested 32768 bytes
[11:27:26.774991] [pieusb] sane_read(): buffer suffices (contains 27628848, requested 32768)
[11:27:26.775100] [pieusb] sane_read(): requested 32768 bytes
[11:27:26.775105] [pieusb] sane_read(): buffer suffices (contains 27596080, requested 32768)
[11:27:26.775213] [pieusb] sane_read(): requested 32768 bytes
[11:27:26.775218] [pieusb] sane_read(): buffer suffices (contains 27563312, requested 32768)
[11:27:26.775333] [pieusb] sane_read(): requested 32768 bytes
[11:27:26.775338] [pieusb] sane_read(): buffer suffices (contains 27530544, requested 32768)
[11:27:26.775452] [pieusb] sane_read(): requested 32768 bytes
[11:27:26.775457] [pieusb] sane_read(): buffer suffices (contains 27497776, requested 32768)
[11:27:26.775598] [pieusb] sane_read(): requested 32768 bytes
[11:27:26.775603] [pieusb] sane_read(): buffer suffices (contains 27465008, requested 32768)
[11:27:26.775715] [pieusb] sane_read(): requested 32768 bytes
[11:27:26.775721] [pieusb] sane_read(): buffer suffices (contains 27432240, requested 32768)
[11:27:26.775860] [pieusb] sane_read(): requested 32768 bytes
[11:27:26.775866] [pieusb] sane_read(): buffer suffices (contains 27399472, requested 32768)
[11:27:26.775990] [pieusb] sane_read(): requested 32768 bytes
[11:27:26.775996] [pieusb] sane_read(): buffer suffices (contains 27366704, requested 32768)
[11:27:26.776113] [pieusb] sane_read(): requested 32768 bytes
[11:27:26.776119] [pieusb] sane_read(): buffer suffices (contains 27333936, requested 32768)
[11:27:26.776230] [pieusb] sane_read(): requested 32768 bytes
[11:27:26.776236] [pieusb] sane_read(): buffer suffices (contains 27301168, requested 32768)
[11:27:26.776349] [pieusb] sane_read(): requested 32768 bytes
[11:27:26.776355] [pieusb] sane_read(): buffer suffices (contains 27268400, requested 32768)
[11:27:26.776464] [pieusb] sane_read(): requested 32768 bytes
[11:27:26.776470] [pieusb] sane_read(): buffer suffices (contains 27235632, requested 32768)
[11:27:26.776580] [pieusb] sane_read(): requested 32768 bytes
[11:27:26.776587] [pieusb] sane_read(): buffer suffices (contains 27202864, requested 32768)
[11:27:26.776699] [pieusb] sane_read(): requested 32768 bytes
[11:27:26.776706] [pieusb] sane_read(): buffer suffices (contains 27170096, requested 32768)
[11:27:26.776817] [pieusb] sane_read(): requested 32768 bytes
[11:27:26.776823] [pieusb] sane_read(): buffer suffices (contains 27137328, requested 32768)
[11:27:26.776936] [pieusb] sane_read(): requested 32768 bytes
[11:27:26.776942] [pieusb] sane_read(): buffer suffices (contains 27104560, requested 32768)
[11:27:26.777062] [pieusb] sane_read(): requested 32768 bytes
[11:27:26.777068] [pieusb] sane_read(): buffer suffices (contains 27071792, requested 32768)
[11:27:26.777200] [pieusb] sane_read(): requested 32768 bytes
[11:27:26.777206] [pieusb] sane_read(): buffer suffices (contains 27039024, requested 32768)
[11:27:26.777315] [pieusb] sane_read(): requested 32768 bytes
[11:27:26.777320] [pieusb] sane_read(): buffer suffices (contains 27006256, requested 32768)
[11:27:26.777427] [pieusb] sane_read(): requested 32768 bytes
[11:27:26.777432] [pieusb] sane_read(): buffer suffices (contains 26973488, requested 32768)
[11:27:26.777548] [pieusb] sane_read(): requested 32768 bytes
[11:27:26.777553] [pieusb] sane_read(): buffer suffices (contains 26940720, requested 32768)
[11:27:26.777662] [pieusb] sane_read(): requested 32768 bytes
[11:27:26.777667] [pieusb] sane_read(): buffer suffices (contains 26907952, requested 32768)
[11:27:26.777774] [pieusb] sane_read(): requested 32768 bytes
[11:27:26.777779] [pieusb] sane_read(): buffer suffices (contains 26875184, requested 32768)
[11:27:26.777887] [pieusb] sane_read(): requested 32768 bytes
[11:27:26.777892] [pieusb] sane_read(): buffer suffices (contains 26842416, requested 32768)
[11:27:26.778004] [pieusb] sane_read(): requested 32768 bytes
[11:27:26.778009] [pieusb] sane_read(): buffer suffices (contains 26809648, requested 32768)
[11:27:26.778115] [pieusb] sane_read(): requested 32768 bytes
[11:27:26.778120] [pieusb] sane_read(): buffer suffices (contains 26776880, requested 32768)
[11:27:26.778227] [pieusb] sane_read(): requested 32768 bytes
[11:27:26.778231] [pieusb] sane_read(): buffer suffices (contains 26744112, requested 32768)
[11:27:26.778338] [pieusb] sane_read(): requested 32768 bytes
[11:27:26.778342] [pieusb] sane_read(): buffer suffices (contains 26711344, requested 32768)
[11:27:26.778451] [pieusb] sane_read(): requested 32768 bytes
[11:27:26.778456] [pieusb] sane_read(): buffer suffices (contains 26678576, requested 32768)
[11:27:26.778563] [pieusb] sane_read(): requested 32768 bytes
[11:27:26.778568] [pieusb] sane_read(): buffer suffices (contains 26645808, requested 32768)
[11:27:26.778675] [pieusb] sane_read(): requested 32768 bytes
[11:27:26.778680] [pieusb] sane_read(): buffer suffices (contains 26613040, requested 32768)
[11:27:26.778786] [pieusb] sane_read(): requested 32768 bytes
[11:27:26.778791] [pieusb] sane_read(): buffer suffices (contains 26580272, requested 32768)
[11:27:26.778899] [pieusb] sane_read(): requested 32768 bytes
[11:27:26.778904] [pieusb] sane_read(): buffer suffices (contains 26547504, requested 32768)
[11:27:26.779020] [pieusb] sane_read(): requested 32768 bytes
[11:27:26.779024] [pieusb] sane_read(): buffer suffices (contains 26514736, requested 32768)
[11:27:26.779141] [pieusb] sane_read(): requested 32768 bytes
[11:27:26.779146] [pieusb] sane_read(): buffer suffices (contains 26481968, requested 32768)
[11:27:26.779254] [pieusb] sane_read(): requested 32768 bytes
[11:27:26.779259] [pieusb] sane_read(): buffer suffices (contains 26449200, requested 32768)
[11:27:26.779366] [pieusb] sane_read(): requested 32768 bytes
[11:27:26.779370] [pieusb] sane_read(): buffer suffices (contains 26416432, requested 32768)
[11:27:26.779477] [pieusb] sane_read(): requested 32768 bytes
[11:27:26.779482] [pieusb] sane_read(): buffer suffices (contains 26383664, requested 32768)
[11:27:26.779591] [pieusb] sane_read(): requested 32768 bytes
[11:27:26.779595] [pieusb] sane_read(): buffer suffices (contains 26350896, requested 32768)
[11:27:26.779703] [pieusb] sane_read(): requested 32768 bytes
[11:27:26.779708] [pieusb] sane_read(): buffer suffices (contains 26318128, requested 32768)
[11:27:26.779816] [pieusb] sane_read(): requested 32768 bytes
[11:27:26.779820] [pieusb] sane_read(): buffer suffices (contains 26285360, requested 32768)
[11:27:26.779926] [pieusb] sane_read(): requested 32768 bytes
[11:27:26.779931] [pieusb] sane_read(): buffer suffices (contains 26252592, requested 32768)
[11:27:26.780045] [pieusb] sane_read(): requested 32768 bytes
[11:27:26.780050] [pieusb] sane_read(): buffer suffices (contains 26219824, requested 32768)
[11:27:26.780160] [pieusb] sane_read(): requested 32768 bytes
[11:27:26.780165] [pieusb] sane_read(): buffer suffices (contains 26187056, requested 32768)
[11:27:26.780272] [pieusb] sane_read(): requested 32768 bytes
[11:27:26.780276] [pieusb] sane_read(): buffer suffices (contains 26154288, requested 32768)
[11:27:26.780383] [pieusb] sane_read(): requested 32768 bytes
[11:27:26.780388] [pieusb] sane_read(): buffer suffices (contains 26121520, requested 32768)
[11:27:26.780495] [pieusb] sane_read(): requested 32768 bytes
[11:27:26.780500] [pieusb] sane_read(): buffer suffices (contains 26088752, requested 32768)
[11:27:26.780609] [pieusb] sane_read(): requested 32768 bytes
[11:27:26.780613] [pieusb] sane_read(): buffer suffices (contains 26055984, requested 32768)
[11:27:26.780720] [pieusb] sane_read(): requested 32768 bytes
[11:27:26.780725] [pieusb] sane_read(): buffer suffices (contains 26023216, requested 32768)
[11:27:26.780832] [pieusb] sane_read(): requested 32768 bytes
[11:27:26.780837] [pieusb] sane_read(): buffer suffices (contains 25990448, requested 32768)
[11:27:26.780947] [pieusb] sane_read(): requested 32768 bytes
[11:27:26.780951] [pieusb] sane_read(): buffer suffices (contains 25957680, requested 32768)
[11:27:26.781070] [pieusb] sane_read(): requested 32768 bytes
[11:27:26.781075] [pieusb] sane_read(): buffer suffices (contains 25924912, requested 32768)
[11:27:26.781183] [pieusb] sane_read(): requested 32768 bytes
[11:27:26.781188] [pieusb] sane_read(): buffer suffices (contains 25892144, requested 32768)
[11:27:26.781295] [pieusb] sane_read(): requested 32768 bytes
[11:27:26.781300] [pieusb] sane_read(): buffer suffices (contains 25859376, requested 32768)
[11:27:26.781408] [pieusb] sane_read(): requested 32768 bytes
[11:27:26.781412] [pieusb] sane_read(): buffer suffices (contains 25826608, requested 32768)
[11:27:26.781519] [pieusb] sane_read(): requested 32768 bytes
[11:27:26.781524] [pieusb] sane_read(): buffer suffices (contains 25793840, requested 32768)
[11:27:26.781633] [pieusb] sane_read(): requested 32768 bytes
[11:27:26.781638] [pieusb] sane_read(): buffer suffices (contains 25761072, requested 32768)
[11:27:26.781745] [pieusb] sane_read(): requested 32768 bytes
[11:27:26.781750] [pieusb] sane_read(): buffer suffices (contains 25728304, requested 32768)
[11:27:26.781857] [pieusb] sane_read(): requested 32768 bytes
[11:27:26.781862] [pieusb] sane_read(): buffer suffices (contains 25695536, requested 32768)
[11:27:26.781968] [pieusb] sane_read(): requested 32768 bytes
[11:27:26.781973] [pieusb] sane_read(): buffer suffices (contains 25662768, requested 32768)
[11:27:26.782086] [pieusb] sane_read(): requested 32768 bytes
[11:27:26.782092] [pieusb] sane_read(): buffer suffices (contains 25630000, requested 32768)
[11:27:26.782199] [pieusb] sane_read(): requested 32768 bytes
[11:27:26.782204] [pieusb] sane_read(): buffer suffices (contains 25597232, requested 32768)
[11:27:26.782311] [pieusb] sane_read(): requested 32768 bytes
[11:27:26.782316] [pieusb] sane_read(): buffer suffices (contains 25564464, requested 32768)
[11:27:26.782423] [pieusb] sane_read(): requested 32768 bytes
[11:27:26.782428] [pieusb] sane_read(): buffer suffices (contains 25531696, requested 32768)
[11:27:26.782536] [pieusb] sane_read(): requested 32768 bytes
[11:27:26.782541] [pieusb] sane_read(): buffer suffices (contains 25498928, requested 32768)
[11:27:26.782650] [pieusb] sane_read(): requested 32768 bytes
[11:27:26.782655] [pieusb] sane_read(): buffer suffices (contains 25466160, requested 32768)
[11:27:26.782763] [pieusb] sane_read(): requested 32768 bytes
[11:27:26.782768] [pieusb] sane_read(): buffer suffices (contains 25433392, requested 32768)
[11:27:26.783042] [pieusb] sane_read(): requested 32768 bytes
[11:27:26.783048] [pieusb] sane_read(): buffer suffices (contains 25400624, requested 32768)
[11:27:26.783158] [pieusb] sane_read(): requested 32768 bytes
[11:27:26.783163] [pieusb] sane_read(): buffer suffices (contains 25367856, requested 32768)
[11:27:26.783271] [pieusb] sane_read(): requested 32768 bytes
[11:27:26.783276] [pieusb] sane_read(): buffer suffices (contains 25335088, requested 32768)
[11:27:26.783384] [pieusb] sane_read(): requested 32768 bytes
[11:27:26.783389] [pieusb] sane_read(): buffer suffices (contains 25302320, requested 32768)
[11:27:26.783498] [pieusb] sane_read(): requested 32768 bytes
[11:27:26.783503] [pieusb] sane_read(): buffer suffices (contains 25269552, requested 32768)
[11:27:26.783616] [pieusb] sane_read(): requested 32768 bytes
[11:27:26.783621] [pieusb] sane_read(): buffer suffices (contains 25236784, requested 32768)
[11:27:26.783730] [pieusb] sane_read(): requested 32768 bytes
[11:27:26.783735] [pieusb] sane_read(): buffer suffices (contains 25204016, requested 32768)
[11:27:26.783843] [pieusb] sane_read(): requested 32768 bytes
[11:27:26.783848] [pieusb] sane_read(): buffer suffices (contains 25171248, requested 32768)
[11:27:26.783956] [pieusb] sane_read(): requested 32768 bytes
[11:27:26.783962] [pieusb] sane_read(): buffer suffices (contains 25138480, requested 32768)
[11:27:26.784075] [pieusb] sane_read(): requested 32768 bytes
[11:27:26.784080] [pieusb] sane_read(): buffer suffices (contains 25105712, requested 32768)
[11:27:26.784189] [pieusb] sane_read(): requested 32768 bytes
[11:27:26.784195] [pieusb] sane_read(): buffer suffices (contains 25072944, requested 32768)
[11:27:26.784305] [pieusb] sane_read(): requested 32768 bytes
[11:27:26.784311] [pieusb] sane_read(): buffer suffices (contains 25040176, requested 32768)
[11:27:26.784422] [pieusb] sane_read(): requested 32768 bytes
[11:27:26.784431] [pieusb] sane_read(): buffer suffices (contains 25007408, requested 32768)
[11:27:26.784546] [pieusb] sane_read(): requested 32768 bytes
[11:27:26.784553] [pieusb] sane_read(): buffer suffices (contains 24974640, requested 32768)
[11:27:26.784667] [pieusb] sane_read(): requested 32768 bytes
[11:27:26.784674] [pieusb] sane_read(): buffer suffices (contains 24941872, requested 32768)
[11:27:26.784791] [pieusb] sane_read(): requested 32768 bytes
[11:27:26.784798] [pieusb] sane_read(): buffer suffices (contains 24909104, requested 32768)
[11:27:26.784908] [pieusb] sane_read(): requested 32768 bytes
[11:27:26.784915] [pieusb] sane_read(): buffer suffices (contains 24876336, requested 32768)
[11:27:26.785040] [pieusb] sane_read(): requested 32768 bytes
[11:27:26.785046] [pieusb] sane_read(): buffer suffices (contains 24843568, requested 32768)
[11:27:26.785156] [pieusb] sane_read(): requested 32768 bytes
[11:27:26.785163] [pieusb] sane_read(): buffer suffices (contains 24810800, requested 32768)
[11:27:26.785276] [pieusb] sane_read(): requested 32768 bytes
[11:27:26.785282] [pieusb] sane_read(): buffer suffices (contains 24778032, requested 32768)
[11:27:26.785391] [pieusb] sane_read(): requested 32768 bytes
[11:27:26.785396] [pieusb] sane_read(): buffer suffices (contains 24745264, requested 32768)
[11:27:26.785504] [pieusb] sane_read(): requested 32768 bytes
[11:27:26.785508] [pieusb] sane_read(): buffer suffices (contains 24712496, requested 32768)
[11:27:26.785615] [pieusb] sane_read(): requested 32768 bytes
[11:27:26.785620] [pieusb] sane_read(): buffer suffices (contains 24679728, requested 32768)
[11:27:26.785728] [pieusb] sane_read(): requested 32768 bytes
[11:27:26.785732] [pieusb] sane_read(): buffer suffices (contains 24646960, requested 32768)
[11:27:26.785842] [pieusb] sane_read(): requested 32768 bytes
[11:27:26.785847] [pieusb] sane_read(): buffer suffices (contains 24614192, requested 32768)
[11:27:26.785956] [pieusb] sane_read(): requested 32768 bytes
[11:27:26.785961] [pieusb] sane_read(): buffer suffices (contains 24581424, requested 32768)
[11:27:26.786075] [pieusb] sane_read(): requested 32768 bytes
[11:27:26.786080] [pieusb] sane_read(): buffer suffices (contains 24548656, requested 32768)
[11:27:26.786190] [pieusb] sane_read(): requested 32768 bytes
[11:27:26.786195] [pieusb] sane_read(): buffer suffices (contains 24515888, requested 32768)
[11:27:26.786307] [pieusb] sane_read(): requested 32768 bytes
[11:27:26.786312] [pieusb] sane_read(): buffer suffices (contains 24483120, requested 32768)
[11:27:26.786424] [pieusb] sane_read(): requested 32768 bytes
[11:27:26.786429] [pieusb] sane_read(): buffer suffices (contains 24450352, requested 32768)
[11:27:26.786535] [pieusb] sane_read(): requested 32768 bytes
[11:27:26.786541] [pieusb] sane_read(): buffer suffices (contains 24417584, requested 32768)
[11:27:26.786647] [pieusb] sane_read(): requested 32768 bytes
[11:27:26.786653] [pieusb] sane_read(): buffer suffices (contains 24384816, requested 32768)
[11:27:26.786761] [pieusb] sane_read(): requested 32768 bytes
[11:27:26.786767] [pieusb] sane_read(): buffer suffices (contains 24352048, requested 32768)
[11:27:26.786875] [pieusb] sane_read(): requested 32768 bytes
[11:27:26.786881] [pieusb] sane_read(): buffer suffices (contains 24319280, requested 32768)
[11:27:26.787002] [pieusb] sane_read(): requested 32768 bytes
[11:27:26.787010] [pieusb] sane_read(): buffer suffices (contains 24286512, requested 32768)
[11:27:26.787125] [pieusb] sane_read(): requested 32768 bytes
[11:27:26.787132] [pieusb] sane_read(): buffer suffices (contains 24253744, requested 32768)
[11:27:26.787240] [pieusb] sane_read(): requested 32768 bytes
[11:27:26.787246] [pieusb] sane_read(): buffer suffices (contains 24220976, requested 32768)
[11:27:26.787356] [pieusb] sane_read(): requested 32768 bytes
[11:27:26.787362] [pieusb] sane_read(): buffer suffices (contains 24188208, requested 32768)
[11:27:26.787474] [pieusb] sane_read(): requested 32768 bytes
[11:27:26.787480] [pieusb] sane_read(): buffer suffices (contains 24155440, requested 32768)
[11:27:26.787592] [pieusb] sane_read(): requested 32768 bytes
[11:27:26.787598] [pieusb] sane_read(): buffer suffices (contains 24122672, requested 32768)
[11:27:26.787708] [pieusb] sane_read(): requested 32768 bytes
[11:27:26.787713] [pieusb] sane_read(): buffer suffices (contains 24089904, requested 32768)
[11:27:26.787822] [pieusb] sane_read(): requested 32768 bytes
[11:27:26.787827] [pieusb] sane_read(): buffer suffices (contains 24057136, requested 32768)
[11:27:26.787935] [pieusb] sane_read(): requested 32768 bytes
[11:27:26.787939] [pieusb] sane_read(): buffer suffices (contains 24024368, requested 32768)
[11:27:26.788057] [pieusb] sane_read(): requested 32768 bytes
[11:27:26.788062] [pieusb] sane_read(): buffer suffices (contains 23991600, requested 32768)
[11:27:26.788170] [pieusb] sane_read(): requested 32768 bytes
[11:27:26.788175] [pieusb] sane_read(): buffer suffices (contains 23958832, requested 32768)
[11:27:26.788283] [pieusb] sane_read(): requested 32768 bytes
[11:27:26.788287] [pieusb] sane_read(): buffer suffices (contains 23926064, requested 32768)
[11:27:26.788400] [pieusb] sane_read(): requested 32768 bytes
[11:27:26.788405] [pieusb] sane_read(): buffer suffices (contains 23893296, requested 32768)
[11:27:26.788513] [pieusb] sane_read(): requested 32768 bytes
[11:27:26.788519] [pieusb] sane_read(): buffer suffices (contains 23860528, requested 32768)
[11:27:26.788626] [pieusb] sane_read(): requested 32768 bytes
[11:27:26.788631] [pieusb] sane_read(): buffer suffices (contains 23827760, requested 32768)
[11:27:26.788739] [pieusb] sane_read(): requested 32768 bytes
[11:27:26.788744] [pieusb] sane_read(): buffer suffices (contains 23794992, requested 32768)
[11:27:26.788852] [pieusb] sane_read(): requested 32768 bytes
[11:27:26.788857] [pieusb] sane_read(): buffer suffices (contains 23762224, requested 32768)
[11:27:26.788967] [pieusb] sane_read(): requested 32768 bytes
[11:27:26.788973] [pieusb] sane_read(): buffer suffices (contains 23729456, requested 32768)
[11:27:26.789088] [pieusb] sane_read(): requested 32768 bytes
[11:27:26.789094] [pieusb] sane_read(): buffer suffices (contains 23696688, requested 32768)
[11:27:26.789207] [pieusb] sane_read(): requested 32768 bytes
[11:27:26.789212] [pieusb] sane_read(): buffer suffices (contains 23663920, requested 32768)
[11:27:26.789320] [pieusb] sane_read(): requested 32768 bytes
[11:27:26.789326] [pieusb] sane_read(): buffer suffices (contains 23631152, requested 32768)
[11:27:26.789432] [pieusb] sane_read(): requested 32768 bytes
[11:27:26.789437] [pieusb] sane_read(): buffer suffices (contains 23598384, requested 32768)
[11:27:26.789545] [pieusb] sane_read(): requested 32768 bytes
[11:27:26.789551] [pieusb] sane_read(): buffer suffices (contains 23565616, requested 32768)
[11:27:26.789658] [pieusb] sane_read(): requested 32768 bytes
[11:27:26.789663] [pieusb] sane_read(): buffer suffices (contains 23532848, requested 32768)
[11:27:26.789774] [pieusb] sane_read(): requested 32768 bytes
[11:27:26.789779] [pieusb] sane_read(): buffer suffices (contains 23500080, requested 32768)
[11:27:26.789888] [pieusb] sane_read(): requested 32768 bytes
[11:27:26.789893] [pieusb] sane_read(): buffer suffices (contains 23467312, requested 32768)
[11:27:26.790007] [pieusb] sane_read(): requested 32768 bytes
[11:27:26.790013] [pieusb] sane_read(): buffer suffices (contains 23434544, requested 32768)
[11:27:26.790120] [pieusb] sane_read(): requested 32768 bytes
[11:27:26.790125] [pieusb] sane_read(): buffer suffices (contains 23401776, requested 32768)
[11:27:26.790232] [pieusb] sane_read(): requested 32768 bytes
[11:27:26.790237] [pieusb] sane_read(): buffer suffices (contains 23369008, requested 32768)
[11:27:26.790346] [pieusb] sane_read(): requested 32768 bytes
[11:27:26.790351] [pieusb] sane_read(): buffer suffices (contains 23336240, requested 32768)
[11:27:26.790457] [pieusb] sane_read(): requested 32768 bytes
[11:27:26.790462] [pieusb] sane_read(): buffer suffices (contains 23303472, requested 32768)
[11:27:26.790569] [pieusb] sane_read(): requested 32768 bytes
[11:27:26.790574] [pieusb] sane_read(): buffer suffices (contains 23270704, requested 32768)
[11:27:26.790680] [pieusb] sane_read(): requested 32768 bytes
[11:27:26.790685] [pieusb] sane_read(): buffer suffices (contains 23237936, requested 32768)
[11:27:26.790791] [pieusb] sane_read(): requested 32768 bytes
[11:27:26.790796] [pieusb] sane_read(): buffer suffices (contains 23205168, requested 32768)
[11:27:26.790903] [pieusb] sane_read(): requested 32768 bytes
[11:27:26.790908] [pieusb] sane_read(): buffer suffices (contains 23172400, requested 32768)
[11:27:26.791021] [pieusb] sane_read(): requested 32768 bytes
[11:27:26.791026] [pieusb] sane_read(): buffer suffices (contains 23139632, requested 32768)
[11:27:26.791132] [pieusb] sane_read(): requested 32768 bytes
[11:27:26.791138] [pieusb] sane_read(): buffer suffices (contains 23106864, requested 32768)
[11:27:26.791244] [pieusb] sane_read(): requested 32768 bytes
[11:27:26.791249] [pieusb] sane_read(): buffer suffices (contains 23074096, requested 32768)
[11:27:26.791355] [pieusb] sane_read(): requested 32768 bytes
[11:27:26.791360] [pieusb] sane_read(): buffer suffices (contains 23041328, requested 32768)
[11:27:26.791470] [pieusb] sane_read(): requested 32768 bytes
[11:27:26.791475] [pieusb] sane_read(): buffer suffices (contains 23008560, requested 32768)
[11:27:26.791581] [pieusb] sane_read(): requested 32768 bytes
[11:27:26.791586] [pieusb] sane_read(): buffer suffices (contains 22975792, requested 32768)
[11:27:26.791693] [pieusb] sane_read(): requested 32768 bytes
[11:27:26.791698] [pieusb] sane_read(): buffer suffices (contains 22943024, requested 32768)
[11:27:26.791803] [pieusb] sane_read(): requested 32768 bytes
[11:27:26.791808] [pieusb] sane_read(): buffer suffices (contains 22910256, requested 32768)
[11:27:26.791920] [pieusb] sane_read(): requested 32768 bytes
[11:27:26.791925] [pieusb] sane_read(): buffer suffices (contains 22877488, requested 32768)
[11:27:26.792040] [pieusb] sane_read(): requested 32768 bytes
[11:27:26.792046] [pieusb] sane_read(): buffer suffices (contains 22844720, requested 32768)
[11:27:26.792151] [pieusb] sane_read(): requested 32768 bytes
[11:27:26.792156] [pieusb] sane_read(): buffer suffices (contains 22811952, requested 32768)
[11:27:26.792262] [pieusb] sane_read(): requested 32768 bytes
[11:27:26.792267] [pieusb] sane_read(): buffer suffices (contains 22779184, requested 32768)
[11:27:26.792373] [pieusb] sane_read(): requested 32768 bytes
[11:27:26.792378] [pieusb] sane_read(): buffer suffices (contains 22746416, requested 32768)
[11:27:26.792485] [pieusb] sane_read(): requested 32768 bytes
[11:27:26.792490] [pieusb] sane_read(): buffer suffices (contains 22713648, requested 32768)
[11:27:26.792598] [pieusb] sane_read(): requested 32768 bytes
[11:27:26.792603] [pieusb] sane_read(): buffer suffices (contains 22680880, requested 32768)
[11:27:26.792710] [pieusb] sane_read(): requested 32768 bytes
[11:27:26.792714] [pieusb] sane_read(): buffer suffices (contains 22648112, requested 32768)
[11:27:26.792821] [pieusb] sane_read(): requested 32768 bytes
[11:27:26.792826] [pieusb] sane_read(): buffer suffices (contains 22615344, requested 32768)
[11:27:26.792932] [pieusb] sane_read(): requested 32768 bytes
[11:27:26.792937] [pieusb] sane_read(): buffer suffices (contains 22582576, requested 32768)
[11:27:26.793051] [pieusb] sane_read(): requested 32768 bytes
[11:27:26.793056] [pieusb] sane_read(): buffer suffices (contains 22549808, requested 32768)
[11:27:26.793166] [pieusb] sane_read(): requested 32768 bytes
[11:27:26.793171] [pieusb] sane_read(): buffer suffices (contains 22517040, requested 32768)
[11:27:26.793279] [pieusb] sane_read(): requested 32768 bytes
[11:27:26.793284] [pieusb] sane_read(): buffer suffices (contains 22484272, requested 32768)
[11:27:26.793392] [pieusb] sane_read(): requested 32768 bytes
[11:27:26.793398] [pieusb] sane_read(): buffer suffices (contains 22451504, requested 32768)
[11:27:26.793506] [pieusb] sane_read(): requested 32768 bytes
[11:27:26.793512] [pieusb] sane_read(): buffer suffices (contains 22418736, requested 32768)
[11:27:26.793623] [pieusb] sane_read(): requested 32768 bytes
[11:27:26.793629] [pieusb] sane_read(): buffer suffices (contains 22385968, requested 32768)
[11:27:26.793737] [pieusb] sane_read(): requested 32768 bytes
[11:27:26.793743] [pieusb] sane_read(): buffer suffices (contains 22353200, requested 32768)
[11:27:26.793853] [pieusb] sane_read(): requested 32768 bytes
[11:27:26.793859] [pieusb] sane_read(): buffer suffices (contains 22320432, requested 32768)
[11:27:26.793968] [pieusb] sane_read(): requested 32768 bytes
[11:27:26.793974] [pieusb] sane_read(): buffer suffices (contains 22287664, requested 32768)
[11:27:26.794092] [pieusb] sane_read(): requested 32768 bytes
[11:27:26.794098] [pieusb] sane_read(): buffer suffices (contains 22254896, requested 32768)
[11:27:26.794211] [pieusb] sane_read(): requested 32768 bytes
[11:27:26.794217] [pieusb] sane_read(): buffer suffices (contains 22222128, requested 32768)
[11:27:26.794332] [pieusb] sane_read(): requested 32768 bytes
[11:27:26.794343] [pieusb] sane_read(): buffer suffices (contains 22189360, requested 32768)
[11:27:26.794475] [pieusb] sane_read(): requested 32768 bytes
[11:27:26.794484] [pieusb] sane_read(): buffer suffices (contains 22156592, requested 32768)
[11:27:26.794595] [pieusb] sane_read(): requested 32768 bytes
[11:27:26.794601] [pieusb] sane_read(): buffer suffices (contains 22123824, requested 32768)
[11:27:26.794712] [pieusb] sane_read(): requested 32768 bytes
[11:27:26.794718] [pieusb] sane_read(): buffer suffices (contains 22091056, requested 32768)
[11:27:26.794831] [pieusb] sane_read(): requested 32768 bytes
[11:27:26.794837] [pieusb] sane_read(): buffer suffices (contains 22058288, requested 32768)
[11:27:26.794950] [pieusb] sane_read(): requested 32768 bytes
[11:27:26.794956] [pieusb] sane_read(): buffer suffices (contains 22025520, requested 32768)
[11:27:26.795073] [pieusb] sane_read(): requested 32768 bytes
[11:27:26.795078] [pieusb] sane_read(): buffer suffices (contains 21992752, requested 32768)
[11:27:26.795185] [pieusb] sane_read(): requested 32768 bytes
[11:27:26.795191] [pieusb] sane_read(): buffer suffices (contains 21959984, requested 32768)
[11:27:26.795298] [pieusb] sane_read(): requested 32768 bytes
[11:27:26.795303] [pieusb] sane_read(): buffer suffices (contains 21927216, requested 32768)
[11:27:26.795411] [pieusb] sane_read(): requested 32768 bytes
[11:27:26.795416] [pieusb] sane_read(): buffer suffices (contains 21894448, requested 32768)
[11:27:26.795528] [pieusb] sane_read(): requested 32768 bytes
[11:27:26.795537] [pieusb] sane_read(): buffer suffices (contains 21861680, requested 32768)
[11:27:26.795643] [pieusb] sane_read(): requested 32768 bytes
[11:27:26.795648] [pieusb] sane_read(): buffer suffices (contains 21828912, requested 32768)
[11:27:26.795754] [pieusb] sane_read(): requested 32768 bytes
[11:27:26.795759] [pieusb] sane_read(): buffer suffices (contains 21796144, requested 32768)
[11:27:26.795867] [pieusb] sane_read(): requested 32768 bytes
[11:27:26.795871] [pieusb] sane_read(): buffer suffices (contains 21763376, requested 32768)
[11:27:26.795985] [pieusb] sane_read(): requested 32768 bytes
[11:27:26.795990] [pieusb] sane_read(): buffer suffices (contains 21730608, requested 32768)
[11:27:26.796098] [pieusb] sane_read(): requested 32768 bytes
[11:27:26.796103] [pieusb] sane_read(): buffer suffices (contains 21697840, requested 32768)
[11:27:26.796210] [pieusb] sane_read(): requested 32768 bytes
[11:27:26.796215] [pieusb] sane_read(): buffer suffices (contains 21665072, requested 32768)
[11:27:26.796323] [pieusb] sane_read(): requested 32768 bytes
[11:27:26.796328] [pieusb] sane_read(): buffer suffices (contains 21632304, requested 32768)
[11:27:26.796433] [pieusb] sane_read(): requested 32768 bytes
[11:27:26.796438] [pieusb] sane_read(): buffer suffices (contains 21599536, requested 32768)
[11:27:26.796547] [pieusb] sane_read(): requested 32768 bytes
[11:27:26.796552] [pieusb] sane_read(): buffer suffices (contains 21566768, requested 32768)
[11:27:26.796662] [pieusb] sane_read(): requested 32768 bytes
[11:27:26.796667] [pieusb] sane_read(): buffer suffices (contains 21534000, requested 32768)
[11:27:26.796774] [pieusb] sane_read(): requested 32768 bytes
[11:27:26.796778] [pieusb] sane_read(): buffer suffices (contains 21501232, requested 32768)
[11:27:26.796885] [pieusb] sane_read(): requested 32768 bytes
[11:27:26.796890] [pieusb] sane_read(): buffer suffices (contains 21468464, requested 32768)
[11:27:26.797002] [pieusb] sane_read(): requested 32768 bytes
[11:27:26.797007] [pieusb] sane_read(): buffer suffices (contains 21435696, requested 32768)
[11:27:26.797117] [pieusb] sane_read(): requested 32768 bytes
[11:27:26.797122] [pieusb] sane_read(): buffer suffices (contains 21402928, requested 32768)
[11:27:26.797229] [pieusb] sane_read(): requested 32768 bytes
[11:27:26.797234] [pieusb] sane_read(): buffer suffices (contains 21370160, requested 32768)
[11:27:26.797341] [pieusb] sane_read(): requested 32768 bytes
[11:27:26.797345] [pieusb] sane_read(): buffer suffices (contains 21337392, requested 32768)
[11:27:26.797452] [pieusb] sane_read(): requested 32768 bytes
[11:27:26.797457] [pieusb] sane_read(): buffer suffices (contains 21304624, requested 32768)
[11:27:26.797565] [pieusb] sane_read(): requested 32768 bytes
[11:27:26.797570] [pieusb] sane_read(): buffer suffices (contains 21271856, requested 32768)
[11:27:26.797678] [pieusb] sane_read(): requested 32768 bytes
[11:27:26.797683] [pieusb] sane_read(): buffer suffices (contains 21239088, requested 32768)
[11:27:26.797790] [pieusb] sane_read(): requested 32768 bytes
[11:27:26.797795] [pieusb] sane_read(): buffer suffices (contains 21206320, requested 32768)
[11:27:26.797903] [pieusb] sane_read(): requested 32768 bytes
[11:27:26.797907] [pieusb] sane_read(): buffer suffices (contains 21173552, requested 32768)
[11:27:26.798021] [pieusb] sane_read(): requested 32768 bytes
[11:27:26.798026] [pieusb] sane_read(): buffer suffices (contains 21140784, requested 32768)
[11:27:26.798134] [pieusb] sane_read(): requested 32768 bytes
[11:27:26.798139] [pieusb] sane_read(): buffer suffices (contains 21108016, requested 32768)
[11:27:26.798246] [pieusb] sane_read(): requested 32768 bytes
[11:27:26.798251] [pieusb] sane_read(): buffer suffices (contains 21075248, requested 32768)
[11:27:26.798694] [pieusb] sane_read(): requested 32768 bytes
[11:27:26.798699] [pieusb] sane_read(): buffer suffices (contains 21042480, requested 32768)
[11:27:26.798806] [pieusb] sane_read(): requested 32768 bytes
[11:27:26.798810] [pieusb] sane_read(): buffer suffices (contains 21009712, requested 32768)
[11:27:26.798919] [pieusb] sane_read(): requested 32768 bytes
[11:27:26.798923] [pieusb] sane_read(): buffer suffices (contains 20976944, requested 32768)
[11:27:26.799038] [pieusb] sane_read(): requested 32768 bytes
[11:27:26.799043] [pieusb] sane_read(): buffer suffices (contains 20944176, requested 32768)
[11:27:26.799149] [pieusb] sane_read(): requested 32768 bytes
[11:27:26.799153] [pieusb] sane_read(): buffer suffices (contains 20911408, requested 32768)
[11:27:26.799261] [pieusb] sane_read(): requested 32768 bytes
[11:27:26.799266] [pieusb] sane_read(): buffer suffices (contains 20878640, requested 32768)
[11:27:26.799377] [pieusb] sane_read(): requested 32768 bytes
[11:27:26.799382] [pieusb] sane_read(): buffer suffices (contains 20845872, requested 32768)
[11:27:26.799490] [pieusb] sane_read(): requested 32768 bytes
[11:27:26.799495] [pieusb] sane_read(): buffer suffices (contains 20813104, requested 32768)
[11:27:26.799606] [pieusb] sane_read(): requested 32768 bytes
[11:27:26.799611] [pieusb] sane_read(): buffer suffices (contains 20780336, requested 32768)
[11:27:26.799717] [pieusb] sane_read(): requested 32768 bytes
[11:27:26.799721] [pieusb] sane_read(): buffer suffices (contains 20747568, requested 32768)
[11:27:26.799829] [pieusb] sane_read(): requested 32768 bytes
[11:27:26.799834] [pieusb] sane_read(): buffer suffices (contains 20714800, requested 32768)
[11:27:26.799941] [pieusb] sane_read(): requested 32768 bytes
[11:27:26.799945] [pieusb] sane_read(): buffer suffices (contains 20682032, requested 32768)
[11:27:26.800061] [pieusb] sane_read(): requested 32768 bytes
[11:27:26.800065] [pieusb] sane_read(): buffer suffices (contains 20649264, requested 32768)
[11:27:26.800174] [pieusb] sane_read(): requested 32768 bytes
[11:27:26.800180] [pieusb] sane_read(): buffer suffices (contains 20616496, requested 32768)
[11:27:26.800287] [pieusb] sane_read(): requested 32768 bytes
[11:27:26.800292] [pieusb] sane_read(): buffer suffices (contains 20583728, requested 32768)
[11:27:26.800403] [pieusb] sane_read(): requested 32768 bytes
[11:27:26.800408] [pieusb] sane_read(): buffer suffices (contains 20550960, requested 32768)
[11:27:26.800517] [pieusb] sane_read(): requested 32768 bytes
[11:27:26.800522] [pieusb] sane_read(): buffer suffices (contains 20518192, requested 32768)
[11:27:26.800647] [pieusb] sane_read(): requested 32768 bytes
[11:27:26.800655] [pieusb] sane_read(): buffer suffices (contains 20485424, requested 32768)
[11:27:26.800779] [pieusb] sane_read(): requested 32768 bytes
[11:27:26.800786] [pieusb] sane_read(): buffer suffices (contains 20452656, requested 32768)
[11:27:26.800907] [pieusb] sane_read(): requested 32768 bytes
[11:27:26.800914] [pieusb] sane_read(): buffer suffices (contains 20419888, requested 32768)
[11:27:26.801044] [pieusb] sane_read(): requested 32768 bytes
[11:27:26.801052] [pieusb] sane_read(): buffer suffices (contains 20387120, requested 32768)
[11:27:26.801175] [pieusb] sane_read(): requested 32768 bytes
[11:27:26.801183] [pieusb] sane_read(): buffer suffices (contains 20354352, requested 32768)
[11:27:26.801302] [pieusb] sane_read(): requested 32768 bytes
[11:27:26.801309] [pieusb] sane_read(): buffer suffices (contains 20321584, requested 32768)
[11:27:26.801431] [pieusb] sane_read(): requested 32768 bytes
[11:27:26.801439] [pieusb] sane_read(): buffer suffices (contains 20288816, requested 32768)
[11:27:26.801559] [pieusb] sane_read(): requested 32768 bytes
[11:27:26.801566] [pieusb] sane_read(): buffer suffices (contains 20256048, requested 32768)
[11:27:26.801681] [pieusb] sane_read(): requested 32768 bytes
[11:27:26.801687] [pieusb] sane_read(): buffer suffices (contains 20223280, requested 32768)
[11:27:26.801797] [pieusb] sane_read(): requested 32768 bytes
[11:27:26.801802] [pieusb] sane_read(): buffer suffices (contains 20190512, requested 32768)
[11:27:26.801916] [pieusb] sane_read(): requested 32768 bytes
[11:27:26.801922] [pieusb] sane_read(): buffer suffices (contains 20157744, requested 32768)
[11:27:26.802051] [pieusb] sane_read(): requested 32768 bytes
[11:27:26.802057] [pieusb] sane_read(): buffer suffices (contains 20124976, requested 32768)
[11:27:26.802173] [pieusb] sane_read(): requested 32768 bytes
[11:27:26.802179] [pieusb] sane_read(): buffer suffices (contains 20092208, requested 32768)
[11:27:26.802299] [pieusb] sane_read(): requested 32768 bytes
[11:27:26.802304] [pieusb] sane_read(): buffer suffices (contains 20059440, requested 32768)
[11:27:26.802421] [pieusb] sane_read(): requested 32768 bytes
[11:27:26.802426] [pieusb] sane_read(): buffer suffices (contains 20026672, requested 32768)
[11:27:26.802541] [pieusb] sane_read(): requested 32768 bytes
[11:27:26.802546] [pieusb] sane_read(): buffer suffices (contains 19993904, requested 32768)
[11:27:26.802660] [pieusb] sane_read(): requested 32768 bytes
[11:27:26.802668] [pieusb] sane_read(): buffer suffices (contains 19961136, requested 32768)
[11:27:26.802784] [pieusb] sane_read(): requested 32768 bytes
[11:27:26.802790] [pieusb] sane_read(): buffer suffices (contains 19928368, requested 32768)
[11:27:26.802902] [pieusb] sane_read(): requested 32768 bytes
[11:27:26.802907] [pieusb] sane_read(): buffer suffices (contains 19895600, requested 32768)
[11:27:26.803036] [pieusb] sane_read(): requested 32768 bytes
[11:27:26.803042] [pieusb] sane_read(): buffer suffices (contains 19862832, requested 32768)
[11:27:26.803173] [pieusb] sane_read(): requested 32768 bytes
[11:27:26.803183] [pieusb] sane_read(): buffer suffices (contains 19830064, requested 32768)
[11:27:26.803305] [pieusb] sane_read(): requested 32768 bytes
[11:27:26.803312] [pieusb] sane_read(): buffer suffices (contains 19797296, requested 32768)
[11:27:26.803450] [pieusb] sane_read(): requested 32768 bytes
[11:27:26.803461] [pieusb] sane_read(): buffer suffices (contains 19764528, requested 32768)
[11:27:26.803596] [pieusb] sane_read(): requested 32768 bytes
[11:27:26.803602] [pieusb] sane_read(): buffer suffices (contains 19731760, requested 32768)
[11:27:26.803720] [pieusb] sane_read(): requested 32768 bytes
[11:27:26.803726] [pieusb] sane_read(): buffer suffices (contains 19698992, requested 32768)
[11:27:26.803837] [pieusb] sane_read(): requested 32768 bytes
[11:27:26.803843] [pieusb] sane_read(): buffer suffices (contains 19666224, requested 32768)
[11:27:26.803958] [pieusb] sane_read(): requested 32768 bytes
[11:27:26.803964] [pieusb] sane_read(): buffer suffices (contains 19633456, requested 32768)
[11:27:26.804085] [pieusb] sane_read(): requested 32768 bytes
[11:27:26.804090] [pieusb] sane_read(): buffer suffices (contains 19600688, requested 32768)
[11:27:26.804207] [pieusb] sane_read(): requested 32768 bytes
[11:27:26.804213] [pieusb] sane_read(): buffer suffices (contains 19567920, requested 32768)
[11:27:26.804327] [pieusb] sane_read(): requested 32768 bytes
[11:27:26.804333] [pieusb] sane_read(): buffer suffices (contains 19535152, requested 32768)
[11:27:26.804451] [pieusb] sane_read(): requested 32768 bytes
[11:27:26.804457] [pieusb] sane_read(): buffer suffices (contains 19502384, requested 32768)
[11:27:26.804572] [pieusb] sane_read(): requested 32768 bytes
[11:27:26.804578] [pieusb] sane_read(): buffer suffices (contains 19469616, requested 32768)
[11:27:26.804691] [pieusb] sane_read(): requested 32768 bytes
[11:27:26.804698] [pieusb] sane_read(): buffer suffices (contains 19436848, requested 32768)
[11:27:26.804812] [pieusb] sane_read(): requested 32768 bytes
[11:27:26.804818] [pieusb] sane_read(): buffer suffices (contains 19404080, requested 32768)
[11:27:26.804929] [pieusb] sane_read(): requested 32768 bytes
[11:27:26.804934] [pieusb] sane_read(): buffer suffices (contains 19371312, requested 32768)
[11:27:26.805060] [pieusb] sane_read(): requested 32768 bytes
[11:27:26.805066] [pieusb] sane_read(): buffer suffices (contains 19338544, requested 32768)
[11:27:26.805177] [pieusb] sane_read(): requested 32768 bytes
[11:27:26.805182] [pieusb] sane_read(): buffer suffices (contains 19305776, requested 32768)
[11:27:26.805296] [pieusb] sane_read(): requested 32768 bytes
[11:27:26.805302] [pieusb] sane_read(): buffer suffices (contains 19273008, requested 32768)
[11:27:26.805415] [pieusb] sane_read(): requested 32768 bytes
[11:27:26.805421] [pieusb] sane_read(): buffer suffices (contains 19240240, requested 32768)
[11:27:26.805533] [pieusb] sane_read(): requested 32768 bytes
[11:27:26.805539] [pieusb] sane_read(): buffer suffices (contains 19207472, requested 32768)
[11:27:26.805651] [pieusb] sane_read(): requested 32768 bytes
[11:27:26.805657] [pieusb] sane_read(): buffer suffices (contains 19174704, requested 32768)
[11:27:26.805769] [pieusb] sane_read(): requested 32768 bytes
[11:27:26.805774] [pieusb] sane_read(): buffer suffices (contains 19141936, requested 32768)
[11:27:26.805888] [pieusb] sane_read(): requested 32768 bytes
[11:27:26.805894] [pieusb] sane_read(): buffer suffices (contains 19109168, requested 32768)
[11:27:26.806018] [pieusb] sane_read(): requested 32768 bytes
[11:27:26.806024] [pieusb] sane_read(): buffer suffices (contains 19076400, requested 32768)
[11:27:26.806138] [pieusb] sane_read(): requested 32768 bytes
[11:27:26.806144] [pieusb] sane_read(): buffer suffices (contains 19043632, requested 32768)
[11:27:26.806261] [pieusb] sane_read(): requested 32768 bytes
[11:27:26.806266] [pieusb] sane_read(): buffer suffices (contains 19010864, requested 32768)
[11:27:26.806377] [pieusb] sane_read(): requested 32768 bytes
[11:27:26.806382] [pieusb] sane_read(): buffer suffices (contains 18978096, requested 32768)
[11:27:26.806496] [pieusb] sane_read(): requested 32768 bytes
[11:27:26.806501] [pieusb] sane_read(): buffer suffices (contains 18945328, requested 32768)
[11:27:26.806611] [pieusb] sane_read(): requested 32768 bytes
[11:27:26.806616] [pieusb] sane_read(): buffer suffices (contains 18912560, requested 32768)
[11:27:26.806731] [pieusb] sane_read(): requested 32768 bytes
[11:27:26.806736] [pieusb] sane_read(): buffer suffices (contains 18879792, requested 32768)
[11:27:26.806849] [pieusb] sane_read(): requested 32768 bytes
[11:27:26.806854] [pieusb] sane_read(): buffer suffices (contains 18847024, requested 32768)
[11:27:26.806972] [pieusb] sane_read(): requested 32768 bytes
[11:27:26.806977] [pieusb] sane_read(): buffer suffices (contains 18814256, requested 32768)
[11:27:26.807094] [pieusb] sane_read(): requested 32768 bytes
[11:27:26.807098] [pieusb] sane_read(): buffer suffices (contains 18781488, requested 32768)
[11:27:26.807259] [pieusb] sane_read(): requested 32768 bytes
[11:27:26.807266] [pieusb] sane_read(): buffer suffices (contains 18748720, requested 32768)
[11:27:26.807379] [pieusb] sane_read(): requested 32768 bytes
[11:27:26.807383] [pieusb] sane_read(): buffer suffices (contains 18715952, requested 32768)
[11:27:26.807500] [pieusb] sane_read(): requested 32768 bytes
[11:27:26.807507] [pieusb] sane_read(): buffer suffices (contains 18683184, requested 32768)
[11:27:26.807623] [pieusb] sane_read(): requested 32768 bytes
[11:27:26.807628] [pieusb] sane_read(): buffer suffices (contains 18650416, requested 32768)
[11:27:26.807741] [pieusb] sane_read(): requested 32768 bytes
[11:27:26.807746] [pieusb] sane_read(): buffer suffices (contains 18617648, requested 32768)
[11:27:26.807858] [pieusb] sane_read(): requested 32768 bytes
[11:27:26.807863] [pieusb] sane_read(): buffer suffices (contains 18584880, requested 32768)
[11:27:26.807978] [pieusb] sane_read(): requested 32768 bytes
[11:27:26.807993] [pieusb] sane_read(): buffer suffices (contains 18552112, requested 32768)
[11:27:26.808106] [pieusb] sane_read(): requested 32768 bytes
[11:27:26.808111] [pieusb] sane_read(): buffer suffices (contains 18519344, requested 32768)
[11:27:26.808222] [pieusb] sane_read(): requested 32768 bytes
[11:27:26.808227] [pieusb] sane_read(): buffer suffices (contains 18486576, requested 32768)
[11:27:26.808338] [pieusb] sane_read(): requested 32768 bytes
[11:27:26.808343] [pieusb] sane_read(): buffer suffices (contains 18453808, requested 32768)
[11:27:26.808453] [pieusb] sane_read(): requested 32768 bytes
[11:27:26.808458] [pieusb] sane_read(): buffer suffices (contains 18421040, requested 32768)
[11:27:26.808573] [pieusb] sane_read(): requested 32768 bytes
[11:27:26.808579] [pieusb] sane_read(): buffer suffices (contains 18388272, requested 32768)
[11:27:26.808689] [pieusb] sane_read(): requested 32768 bytes
[11:27:26.808693] [pieusb] sane_read(): buffer suffices (contains 18355504, requested 32768)
[11:27:26.808806] [pieusb] sane_read(): requested 32768 bytes
[11:27:26.808812] [pieusb] sane_read(): buffer suffices (contains 18322736, requested 32768)
[11:27:26.808919] [pieusb] sane_read(): requested 32768 bytes
[11:27:26.808924] [pieusb] sane_read(): buffer suffices (contains 18289968, requested 32768)
[11:27:26.809045] [pieusb] sane_read(): requested 32768 bytes
[11:27:26.809050] [pieusb] sane_read(): buffer suffices (contains 18257200, requested 32768)
[11:27:26.809161] [pieusb] sane_read(): requested 32768 bytes
[11:27:26.809166] [pieusb] sane_read(): buffer suffices (contains 18224432, requested 32768)
[11:27:26.809289] [pieusb] sane_read(): requested 32768 bytes
[11:27:26.809296] [pieusb] sane_read(): buffer suffices (contains 18191664, requested 32768)
[11:27:26.809404] [pieusb] sane_read(): requested 32768 bytes
[11:27:26.809409] [pieusb] sane_read(): buffer suffices (contains 18158896, requested 32768)
[11:27:26.809525] [pieusb] sane_read(): requested 32768 bytes
[11:27:26.809531] [pieusb] sane_read(): buffer suffices (contains 18126128, requested 32768)
[11:27:26.809646] [pieusb] sane_read(): requested 32768 bytes
[11:27:26.809652] [pieusb] sane_read(): buffer suffices (contains 18093360, requested 32768)
[11:27:26.809770] [pieusb] sane_read(): requested 32768 bytes
[11:27:26.809776] [pieusb] sane_read(): buffer suffices (contains 18060592, requested 32768)
[11:27:26.809891] [pieusb] sane_read(): requested 32768 bytes
[11:27:26.809896] [pieusb] sane_read(): buffer suffices (contains 18027824, requested 32768)
[11:27:26.810019] [pieusb] sane_read(): requested 32768 bytes
[11:27:26.810024] [pieusb] sane_read(): buffer suffices (contains 17995056, requested 32768)
[11:27:26.810141] [pieusb] sane_read(): requested 32768 bytes
[11:27:26.810148] [pieusb] sane_read(): buffer suffices (contains 17962288, requested 32768)
[11:27:26.810261] [pieusb] sane_read(): requested 32768 bytes
[11:27:26.810267] [pieusb] sane_read(): buffer suffices (contains 17929520, requested 32768)
[11:27:26.810380] [pieusb] sane_read(): requested 32768 bytes
[11:27:26.810386] [pieusb] sane_read(): buffer suffices (contains 17896752, requested 32768)
[11:27:26.810498] [pieusb] sane_read(): requested 32768 bytes
[11:27:26.810504] [pieusb] sane_read(): buffer suffices (contains 17863984, requested 32768)
[11:27:26.810619] [pieusb] sane_read(): requested 32768 bytes
[11:27:26.810626] [pieusb] sane_read(): buffer suffices (contains 17831216, requested 32768)
[11:27:26.810750] [pieusb] sane_read(): requested 32768 bytes
[11:27:26.810756] [pieusb] sane_read(): buffer suffices (contains 17798448, requested 32768)
[11:27:26.810872] [pieusb] sane_read(): requested 32768 bytes
[11:27:26.810878] [pieusb] sane_read(): buffer suffices (contains 17765680, requested 32768)
[11:27:26.811006] [pieusb] sane_read(): requested 32768 bytes
[11:27:26.811012] [pieusb] sane_read(): buffer suffices (contains 17732912, requested 32768)
[11:27:26.811126] [pieusb] sane_read(): requested 32768 bytes
[11:27:26.811131] [pieusb] sane_read(): buffer suffices (contains 17700144, requested 32768)
[11:27:26.811243] [pieusb] sane_read(): requested 32768 bytes
[11:27:26.811248] [pieusb] sane_read(): buffer suffices (contains 17667376, requested 32768)
[11:27:26.811358] [pieusb] sane_read(): requested 32768 bytes
[11:27:26.811363] [pieusb] sane_read(): buffer suffices (contains 17634608, requested 32768)
[11:27:26.811478] [pieusb] sane_read(): requested 32768 bytes
[11:27:26.811484] [pieusb] sane_read(): buffer suffices (contains 17601840, requested 32768)
[11:27:26.811595] [pieusb] sane_read(): requested 32768 bytes
[11:27:26.811600] [pieusb] sane_read(): buffer suffices (contains 17569072, requested 32768)
[11:27:26.811713] [pieusb] sane_read(): requested 32768 bytes
[11:27:26.811719] [pieusb] sane_read(): buffer suffices (contains 17536304, requested 32768)
[11:27:26.811829] [pieusb] sane_read(): requested 32768 bytes
[11:27:26.811835] [pieusb] sane_read(): buffer suffices (contains 17503536, requested 32768)
[11:27:26.811953] [pieusb] sane_read(): requested 32768 bytes
[11:27:26.811958] [pieusb] sane_read(): buffer suffices (contains 17470768, requested 32768)
[11:27:26.812103] [pieusb] sane_read(): requested 32768 bytes
[11:27:26.812109] [pieusb] sane_read(): buffer suffices (contains 17438000, requested 32768)
[11:27:26.812223] [pieusb] sane_read(): requested 32768 bytes
[11:27:26.812228] [pieusb] sane_read(): buffer suffices (contains 17405232, requested 32768)
[11:27:26.812334] [pieusb] sane_read(): requested 32768 bytes
[11:27:26.812338] [pieusb] sane_read(): buffer suffices (contains 17372464, requested 32768)
[11:27:26.812451] [pieusb] sane_read(): requested 32768 bytes
[11:27:26.812456] [pieusb] sane_read(): buffer suffices (contains 17339696, requested 32768)
[11:27:26.812566] [pieusb] sane_read(): requested 32768 bytes
[11:27:26.812571] [pieusb] sane_read(): buffer suffices (contains 17306928, requested 32768)
[11:27:26.812685] [pieusb] sane_read(): requested 32768 bytes
[11:27:26.812691] [pieusb] sane_read(): buffer suffices (contains 17274160, requested 32768)
[11:27:26.812800] [pieusb] sane_read(): requested 32768 bytes
[11:27:26.812805] [pieusb] sane_read(): buffer suffices (contains 17241392, requested 32768)
[11:27:26.812917] [pieusb] sane_read(): requested 32768 bytes
[11:27:26.812923] [pieusb] sane_read(): buffer suffices (contains 17208624, requested 32768)
[11:27:26.813041] [pieusb] sane_read(): requested 32768 bytes
[11:27:26.813045] [pieusb] sane_read(): buffer suffices (contains 17175856, requested 32768)
[11:27:26.813158] [pieusb] sane_read(): requested 32768 bytes
[11:27:26.813164] [pieusb] sane_read(): buffer suffices (contains 17143088, requested 32768)
[11:27:26.813277] [pieusb] sane_read(): requested 32768 bytes
[11:27:26.813282] [pieusb] sane_read(): buffer suffices (contains 17110320, requested 32768)
[11:27:26.813396] [pieusb] sane_read(): requested 32768 bytes
[11:27:26.813402] [pieusb] sane_read(): buffer suffices (contains 17077552, requested 32768)
[11:27:26.813511] [pieusb] sane_read(): requested 32768 bytes
[11:27:26.813516] [pieusb] sane_read(): buffer suffices (contains 17044784, requested 32768)
[11:27:26.813629] [pieusb] sane_read(): requested 32768 bytes
[11:27:26.813634] [pieusb] sane_read(): buffer suffices (contains 17012016, requested 32768)
[11:27:26.813744] [pieusb] sane_read(): requested 32768 bytes
[11:27:26.813749] [pieusb] sane_read(): buffer suffices (contains 16979248, requested 32768)
[11:27:26.813863] [pieusb] sane_read(): requested 32768 bytes
[11:27:26.813869] [pieusb] sane_read(): buffer suffices (contains 16946480, requested 32768)
[11:27:26.813976] [pieusb] sane_read(): requested 32768 bytes
[11:27:26.813987] [pieusb] sane_read(): buffer suffices (contains 16913712, requested 32768)
[11:27:26.814094] [pieusb] sane_read(): requested 32768 bytes
[11:27:26.814099] [pieusb] sane_read(): buffer suffices (contains 16880944, requested 32768)
[11:27:26.814213] [pieusb] sane_read(): requested 32768 bytes
[11:27:26.814219] [pieusb] sane_read(): buffer suffices (contains 16848176, requested 32768)
[11:27:26.814325] [pieusb] sane_read(): requested 32768 bytes
[11:27:26.814330] [pieusb] sane_read(): buffer suffices (contains 16815408, requested 32768)
[11:27:26.814449] [pieusb] sane_read(): requested 32768 bytes
[11:27:26.814456] [pieusb] sane_read(): buffer suffices (contains 16782640, requested 32768)
[11:27:26.814563] [pieusb] sane_read(): requested 32768 bytes
[11:27:26.814568] [pieusb] sane_read(): buffer suffices (contains 16749872, requested 32768)
[11:27:26.814681] [pieusb] sane_read(): requested 32768 bytes
[11:27:26.814687] [pieusb] sane_read(): buffer suffices (contains 16717104, requested 32768)
[11:27:26.814794] [pieusb] sane_read(): requested 32768 bytes
[11:27:26.814798] [pieusb] sane_read(): buffer suffices (contains 16684336, requested 32768)
[11:27:26.814911] [pieusb] sane_read(): requested 32768 bytes
[11:27:26.814918] [pieusb] sane_read(): buffer suffices (contains 16651568, requested 32768)
[11:27:26.815037] [pieusb] sane_read(): requested 32768 bytes
[11:27:26.815042] [pieusb] sane_read(): buffer suffices (contains 16618800, requested 32768)
[11:27:26.815157] [pieusb] sane_read(): requested 32768 bytes
[11:27:26.815163] [pieusb] sane_read(): buffer suffices (contains 16586032, requested 32768)
[11:27:26.815269] [pieusb] sane_read(): requested 32768 bytes
[11:27:26.815275] [pieusb] sane_read(): buffer suffices (contains 16553264, requested 32768)
[11:27:26.815387] [pieusb] sane_read(): requested 32768 bytes
[11:27:26.815393] [pieusb] sane_read(): buffer suffices (contains 16520496, requested 32768)
[11:27:26.815503] [pieusb] sane_read(): requested 32768 bytes
[11:27:26.815507] [pieusb] sane_read(): buffer suffices (contains 16487728, requested 32768)
[11:27:26.815616] [pieusb] sane_read(): requested 32768 bytes
[11:27:26.815620] [pieusb] sane_read(): buffer suffices (contains 16454960, requested 32768)
[11:27:26.815733] [pieusb] sane_read(): requested 32768 bytes
[11:27:26.815739] [pieusb] sane_read(): buffer suffices (contains 16422192, requested 32768)
[11:27:26.815847] [pieusb] sane_read(): requested 32768 bytes
[11:27:26.815851] [pieusb] sane_read(): buffer suffices (contains 16389424, requested 32768)
[11:27:26.815964] [pieusb] sane_read(): requested 32768 bytes
[11:27:26.815970] [pieusb] sane_read(): buffer suffices (contains 16356656, requested 32768)
[11:27:26.816085] [pieusb] sane_read(): requested 32768 bytes
[11:27:26.816090] [pieusb] sane_read(): buffer suffices (contains 16323888, requested 32768)
[11:27:26.816201] [pieusb] sane_read(): requested 32768 bytes
[11:27:26.816208] [pieusb] sane_read(): buffer suffices (contains 16291120, requested 32768)
[11:27:26.816314] [pieusb] sane_read(): requested 32768 bytes
[11:27:26.816319] [pieusb] sane_read(): buffer suffices (contains 16258352, requested 32768)
[11:27:26.816432] [pieusb] sane_read(): requested 32768 bytes
[11:27:26.816439] [pieusb] sane_read(): buffer suffices (contains 16225584, requested 32768)
[11:27:26.816546] [pieusb] sane_read(): requested 32768 bytes
[11:27:26.816551] [pieusb] sane_read(): buffer suffices (contains 16192816, requested 32768)
[11:27:26.816663] [pieusb] sane_read(): requested 32768 bytes
[11:27:26.816670] [pieusb] sane_read(): buffer suffices (contains 16160048, requested 32768)
[11:27:26.816780] [pieusb] sane_read(): requested 32768 bytes
[11:27:26.816785] [pieusb] sane_read(): buffer suffices (contains 16127280, requested 32768)
[11:27:26.816898] [pieusb] sane_read(): requested 32768 bytes
[11:27:26.816904] [pieusb] sane_read(): buffer suffices (contains 16094512, requested 32768)
[11:27:26.817023] [pieusb] sane_read(): requested 32768 bytes
[11:27:26.817028] [pieusb] sane_read(): buffer suffices (contains 16061744, requested 32768)
[11:27:26.817140] [pieusb] sane_read(): requested 32768 bytes
[11:27:26.817147] [pieusb] sane_read(): buffer suffices (contains 16028976, requested 32768)
[11:27:26.817255] [pieusb] sane_read(): requested 32768 bytes
[11:27:26.817260] [pieusb] sane_read(): buffer suffices (contains 15996208, requested 32768)
[11:27:26.817374] [pieusb] sane_read(): requested 32768 bytes
[11:27:26.817380] [pieusb] sane_read(): buffer suffices (contains 15963440, requested 32768)
[11:27:26.817493] [pieusb] sane_read(): requested 32768 bytes
[11:27:26.817498] [pieusb] sane_read(): buffer suffices (contains 15930672, requested 32768)
[11:27:26.817607] [pieusb] sane_read(): requested 32768 bytes
[11:27:26.817613] [pieusb] sane_read(): buffer suffices (contains 15897904, requested 32768)
[11:27:26.817724] [pieusb] sane_read(): requested 32768 bytes
[11:27:26.817730] [pieusb] sane_read(): buffer suffices (contains 15865136, requested 32768)
[11:27:26.817848] [pieusb] sane_read(): requested 32768 bytes
[11:27:26.817854] [pieusb] sane_read(): buffer suffices (contains 15832368, requested 32768)
[11:27:26.817970] [pieusb] sane_read(): requested 32768 bytes
[11:27:26.817976] [pieusb] sane_read(): buffer suffices (contains 15799600, requested 32768)
[11:27:26.818106] [pieusb] sane_read(): requested 32768 bytes
[11:27:26.818113] [pieusb] sane_read(): buffer suffices (contains 15766832, requested 32768)
[11:27:26.818225] [pieusb] sane_read(): requested 32768 bytes
[11:27:26.818232] [pieusb] sane_read(): buffer suffices (contains 15734064, requested 32768)
[11:27:26.818341] [pieusb] sane_read(): requested 32768 bytes
[11:27:26.818347] [pieusb] sane_read(): buffer suffices (contains 15701296, requested 32768)
[11:27:26.818459] [pieusb] sane_read(): requested 32768 bytes
[11:27:26.818465] [pieusb] sane_read(): buffer suffices (contains 15668528, requested 32768)
[11:27:26.818580] [pieusb] sane_read(): requested 32768 bytes
[11:27:26.818586] [pieusb] sane_read(): buffer suffices (contains 15635760, requested 32768)
[11:27:26.818697] [pieusb] sane_read(): requested 32768 bytes
[11:27:26.818702] [pieusb] sane_read(): buffer suffices (contains 15602992, requested 32768)
[11:27:26.818815] [pieusb] sane_read(): requested 32768 bytes
[11:27:26.818820] [pieusb] sane_read(): buffer suffices (contains 15570224, requested 32768)
[11:27:26.818932] [pieusb] sane_read(): requested 32768 bytes
[11:27:26.818936] [pieusb] sane_read(): buffer suffices (contains 15537456, requested 32768)
[11:27:26.819060] [pieusb] sane_read(): requested 32768 bytes
[11:27:26.819067] [pieusb] sane_read(): buffer suffices (contains 15504688, requested 32768)
[11:27:26.819180] [pieusb] sane_read(): requested 32768 bytes
[11:27:26.819185] [pieusb] sane_read(): buffer suffices (contains 15471920, requested 32768)
[11:27:26.819299] [pieusb] sane_read(): requested 32768 bytes
[11:27:26.819305] [pieusb] sane_read(): buffer suffices (contains 15439152, requested 32768)
[11:27:26.819421] [pieusb] sane_read(): requested 32768 bytes
[11:27:26.819426] [pieusb] sane_read(): buffer suffices (contains 15406384, requested 32768)
[11:27:26.819546] [pieusb] sane_read(): requested 32768 bytes
[11:27:26.819553] [pieusb] sane_read(): buffer suffices (contains 15373616, requested 32768)
[11:27:26.819677] [pieusb] sane_read(): requested 32768 bytes
[11:27:26.819684] [pieusb] sane_read(): buffer suffices (contains 15340848, requested 32768)
[11:27:26.819806] [pieusb] sane_read(): requested 32768 bytes
[11:27:26.819813] [pieusb] sane_read(): buffer suffices (contains 15308080, requested 32768)
[11:27:26.819929] [pieusb] sane_read(): requested 32768 bytes
[11:27:26.819935] [pieusb] sane_read(): buffer suffices (contains 15275312, requested 32768)
[11:27:26.820058] [pieusb] sane_read(): requested 32768 bytes
[11:27:26.820064] [pieusb] sane_read(): buffer suffices (contains 15242544, requested 32768)
[11:27:26.820181] [pieusb] sane_read(): requested 32768 bytes
[11:27:26.820188] [pieusb] sane_read(): buffer suffices (contains 15209776, requested 32768)
[11:27:26.820301] [pieusb] sane_read(): requested 32768 bytes
[11:27:26.820307] [pieusb] sane_read(): buffer suffices (contains 15177008, requested 32768)
[11:27:26.820422] [pieusb] sane_read(): requested 32768 bytes
[11:27:26.820427] [pieusb] sane_read(): buffer suffices (contains 15144240, requested 32768)
[11:27:26.820535] [pieusb] sane_read(): requested 32768 bytes
[11:27:26.820540] [pieusb] sane_read(): buffer suffices (contains 15111472, requested 32768)
[11:27:26.820650] [pieusb] sane_read(): requested 32768 bytes
[11:27:26.820656] [pieusb] sane_read(): buffer suffices (contains 15078704, requested 32768)
[11:27:26.820770] [pieusb] sane_read(): requested 32768 bytes
[11:27:26.820776] [pieusb] sane_read(): buffer suffices (contains 15045936, requested 32768)
[11:27:26.820893] [pieusb] sane_read(): requested 32768 bytes
[11:27:26.820899] [pieusb] sane_read(): buffer suffices (contains 15013168, requested 32768)
[11:27:26.821020] [pieusb] sane_read(): requested 32768 bytes
[11:27:26.821026] [pieusb] sane_read(): buffer suffices (contains 14980400, requested 32768)
[11:27:26.821132] [pieusb] sane_read(): requested 32768 bytes
[11:27:26.821137] [pieusb] sane_read(): buffer suffices (contains 14947632, requested 32768)
[11:27:26.821249] [pieusb] sane_read(): requested 32768 bytes
[11:27:26.821255] [pieusb] sane_read(): buffer suffices (contains 14914864, requested 32768)
[11:27:26.821367] [pieusb] sane_read(): requested 32768 bytes
[11:27:26.821371] [pieusb] sane_read(): buffer suffices (contains 14882096, requested 32768)
[11:27:26.821482] [pieusb] sane_read(): requested 32768 bytes
[11:27:26.821487] [pieusb] sane_read(): buffer suffices (contains 14849328, requested 32768)
[11:27:26.821596] [pieusb] sane_read(): requested 32768 bytes
[11:27:26.821601] [pieusb] sane_read(): buffer suffices (contains 14816560, requested 32768)
[11:27:26.821717] [pieusb] sane_read(): requested 32768 bytes
[11:27:26.821722] [pieusb] sane_read(): buffer suffices (contains 14783792, requested 32768)
[11:27:26.821839] [pieusb] sane_read(): requested 32768 bytes
[11:27:26.821843] [pieusb] sane_read(): buffer suffices (contains 14751024, requested 32768)
[11:27:26.821959] [pieusb] sane_read(): requested 32768 bytes
[11:27:26.821964] [pieusb] sane_read(): buffer suffices (contains 14718256, requested 32768)
[11:27:26.822083] [pieusb] sane_read(): requested 32768 bytes
[11:27:26.822088] [pieusb] sane_read(): buffer suffices (contains 14685488, requested 32768)
[11:27:26.822331] [pieusb] sane_read(): requested 32768 bytes
[11:27:26.822367] [pieusb] sane_read(): buffer suffices (contains 14652720, requested 32768)
[11:27:26.822628] [pieusb] sane_read(): requested 32768 bytes
[11:27:26.822645] [pieusb] sane_read(): buffer suffices (contains 14619952, requested 32768)
[11:27:26.822906] [pieusb] sane_read(): requested 32768 bytes
[11:27:26.822922] [pieusb] sane_read(): buffer suffices (contains 14587184, requested 32768)
[11:27:26.823210] [pieusb] sane_read(): requested 32768 bytes
[11:27:26.823228] [pieusb] sane_read(): buffer suffices (contains 14554416, requested 32768)
[11:27:26.823497] [pieusb] sane_read(): requested 32768 bytes
[11:27:26.823511] [pieusb] sane_read(): buffer suffices (contains 14521648, requested 32768)
[11:27:26.823746] [pieusb] sane_read(): requested 32768 bytes
[11:27:26.823758] [pieusb] sane_read(): buffer suffices (contains 14488880, requested 32768)
[11:27:26.823993] [pieusb] sane_read(): requested 32768 bytes
[11:27:26.824005] [pieusb] sane_read(): buffer suffices (contains 14456112, requested 32768)
[11:27:26.824233] [pieusb] sane_read(): requested 32768 bytes
[11:27:26.824245] [pieusb] sane_read(): buffer suffices (contains 14423344, requested 32768)
[11:27:26.824472] [pieusb] sane_read(): requested 32768 bytes
[11:27:26.824484] [pieusb] sane_read(): buffer suffices (contains 14390576, requested 32768)
[11:27:26.824713] [pieusb] sane_read(): requested 32768 bytes
[11:27:26.824726] [pieusb] sane_read(): buffer suffices (contains 14357808, requested 32768)
[11:27:26.824953] [pieusb] sane_read(): requested 32768 bytes
[11:27:26.824968] [pieusb] sane_read(): buffer suffices (contains 14325040, requested 32768)
[11:27:26.825204] [pieusb] sane_read(): requested 32768 bytes
[11:27:26.825216] [pieusb] sane_read(): buffer suffices (contains 14292272, requested 32768)
[11:27:26.825443] [pieusb] sane_read(): requested 32768 bytes
[11:27:26.825456] [pieusb] sane_read(): buffer suffices (contains 14259504, requested 32768)
[11:27:26.825687] [pieusb] sane_read(): requested 32768 bytes
[11:27:26.825702] [pieusb] sane_read(): buffer suffices (contains 14226736, requested 32768)
[11:27:26.825937] [pieusb] sane_read(): requested 32768 bytes
[11:27:26.825954] [pieusb] sane_read(): buffer suffices (contains 14193968, requested 32768)
[11:27:26.826294] [pieusb] sane_read(): requested 32768 bytes
[11:27:26.826323] [pieusb] sane_read(): buffer suffices (contains 14161200, requested 32768)
[11:27:26.826454] [pieusb] sane_read(): requested 32768 bytes
[11:27:26.826460] [pieusb] sane_read(): buffer suffices (contains 14128432, requested 32768)
[11:27:26.826587] [pieusb] sane_read(): requested 32768 bytes
[11:27:26.826592] [pieusb] sane_read(): buffer suffices (contains 14095664, requested 32768)
[11:27:26.826710] [pieusb] sane_read(): requested 32768 bytes
[11:27:26.826716] [pieusb] sane_read(): buffer suffices (contains 14062896, requested 32768)
[11:27:26.826837] [pieusb] sane_read(): requested 32768 bytes
[11:27:26.826842] [pieusb] sane_read(): buffer suffices (contains 14030128, requested 32768)
[11:27:26.826958] [pieusb] sane_read(): requested 32768 bytes
[11:27:26.826964] [pieusb] sane_read(): buffer suffices (contains 13997360, requested 32768)
[11:27:26.827107] [pieusb] sane_read(): requested 32768 bytes
[11:27:26.827112] [pieusb] sane_read(): buffer suffices (contains 13964592, requested 32768)
[11:27:26.827230] [pieusb] sane_read(): requested 32768 bytes
[11:27:26.827237] [pieusb] sane_read(): buffer suffices (contains 13931824, requested 32768)
[11:27:26.827354] [pieusb] sane_read(): requested 32768 bytes
[11:27:26.827361] [pieusb] sane_read(): buffer suffices (contains 13899056, requested 32768)
[11:27:26.827480] [pieusb] sane_read(): requested 32768 bytes
[11:27:26.827488] [pieusb] sane_read(): buffer suffices (contains 13866288, requested 32768)
[11:27:26.827601] [pieusb] sane_read(): requested 32768 bytes
[11:27:26.827607] [pieusb] sane_read(): buffer suffices (contains 13833520, requested 32768)
[11:27:26.827721] [pieusb] sane_read(): requested 32768 bytes
[11:27:26.827727] [pieusb] sane_read(): buffer suffices (contains 13800752, requested 32768)
[11:27:26.827839] [pieusb] sane_read(): requested 32768 bytes
[11:27:26.827844] [pieusb] sane_read(): buffer suffices (contains 13767984, requested 32768)
[11:27:26.827956] [pieusb] sane_read(): requested 32768 bytes
[11:27:26.827961] [pieusb] sane_read(): buffer suffices (contains 13735216, requested 32768)
[11:27:26.828089] [pieusb] sane_read(): requested 32768 bytes
[11:27:26.828094] [pieusb] sane_read(): buffer suffices (contains 13702448, requested 32768)
[11:27:26.828206] [pieusb] sane_read(): requested 32768 bytes
[11:27:26.828211] [pieusb] sane_read(): buffer suffices (contains 13669680, requested 32768)
[11:27:26.828322] [pieusb] sane_read(): requested 32768 bytes
[11:27:26.828327] [pieusb] sane_read(): buffer suffices (contains 13636912, requested 32768)
[11:27:26.828439] [pieusb] sane_read(): requested 32768 bytes
[11:27:26.828444] [pieusb] sane_read(): buffer suffices (contains 13604144, requested 32768)
[11:27:26.828557] [pieusb] sane_read(): requested 32768 bytes
[11:27:26.828562] [pieusb] sane_read(): buffer suffices (contains 13571376, requested 32768)
[11:27:26.828673] [pieusb] sane_read(): requested 32768 bytes
[11:27:26.828678] [pieusb] sane_read(): buffer suffices (contains 13538608, requested 32768)
[11:27:26.828788] [pieusb] sane_read(): requested 32768 bytes
[11:27:26.828793] [pieusb] sane_read(): buffer suffices (contains 13505840, requested 32768)
[11:27:26.828907] [pieusb] sane_read(): requested 32768 bytes
[11:27:26.828912] [pieusb] sane_read(): buffer suffices (contains 13473072, requested 32768)
[11:27:26.829037] [pieusb] sane_read(): requested 32768 bytes
[11:27:26.829043] [pieusb] sane_read(): buffer suffices (contains 13440304, requested 32768)
[11:27:26.829156] [pieusb] sane_read(): requested 32768 bytes
[11:27:26.829161] [pieusb] sane_read(): buffer suffices (contains 13407536, requested 32768)
[11:27:26.829271] [pieusb] sane_read(): requested 32768 bytes
[11:27:26.829276] [pieusb] sane_read(): buffer suffices (contains 13374768, requested 32768)
[11:27:26.829387] [pieusb] sane_read(): requested 32768 bytes
[11:27:26.829393] [pieusb] sane_read(): buffer suffices (contains 13342000, requested 32768)
[11:27:26.829503] [pieusb] sane_read(): requested 32768 bytes
[11:27:26.829508] [pieusb] sane_read(): buffer suffices (contains 13309232, requested 32768)
[11:27:26.829621] [pieusb] sane_read(): requested 32768 bytes
[11:27:26.829626] [pieusb] sane_read(): buffer suffices (contains 13276464, requested 32768)
[11:27:26.829740] [pieusb] sane_read(): requested 32768 bytes
[11:27:26.829746] [pieusb] sane_read(): buffer suffices (contains 13243696, requested 32768)
[11:27:26.829856] [pieusb] sane_read(): requested 32768 bytes
[11:27:26.829861] [pieusb] sane_read(): buffer suffices (contains 13210928, requested 32768)
[11:27:26.829972] [pieusb] sane_read(): requested 32768 bytes
[11:27:26.829977] [pieusb] sane_read(): buffer suffices (contains 13178160, requested 32768)
[11:27:26.830099] [pieusb] sane_read(): requested 32768 bytes
[11:27:26.830105] [pieusb] sane_read(): buffer suffices (contains 13145392, requested 32768)
[11:27:26.830396] [pieusb] sane_read(): requested 32768 bytes
[11:27:26.830402] [pieusb] sane_read(): buffer suffices (contains 13112624, requested 32768)
[11:27:26.830510] [pieusb] sane_read(): requested 32768 bytes
[11:27:26.830515] [pieusb] sane_read(): buffer suffices (contains 13079856, requested 32768)
[11:27:26.830621] [pieusb] sane_read(): requested 32768 bytes
[11:27:26.830626] [pieusb] sane_read(): buffer suffices (contains 13047088, requested 32768)
[11:27:26.830732] [pieusb] sane_read(): requested 32768 bytes
[11:27:26.830737] [pieusb] sane_read(): buffer suffices (contains 13014320, requested 32768)
[11:27:26.830846] [pieusb] sane_read(): requested 32768 bytes
[11:27:26.830851] [pieusb] sane_read(): buffer suffices (contains 12981552, requested 32768)
[11:27:26.830956] [pieusb] sane_read(): requested 32768 bytes
[11:27:26.830961] [pieusb] sane_read(): buffer suffices (contains 12948784, requested 32768)
[11:27:26.831084] [pieusb] sane_read(): requested 32768 bytes
[11:27:26.831089] [pieusb] sane_read(): buffer suffices (contains 12916016, requested 32768)
[11:27:26.831195] [pieusb] sane_read(): requested 32768 bytes
[11:27:26.831200] [pieusb] sane_read(): buffer suffices (contains 12883248, requested 32768)
[11:27:26.831306] [pieusb] sane_read(): requested 32768 bytes
[11:27:26.831310] [pieusb] sane_read(): buffer suffices (contains 12850480, requested 32768)
[11:27:26.831416] [pieusb] sane_read(): requested 32768 bytes
[11:27:26.831421] [pieusb] sane_read(): buffer suffices (contains 12817712, requested 32768)
[11:27:26.831527] [pieusb] sane_read(): requested 32768 bytes
[11:27:26.831532] [pieusb] sane_read(): buffer suffices (contains 12784944, requested 32768)
[11:27:26.831640] [pieusb] sane_read(): requested 32768 bytes
[11:27:26.831644] [pieusb] sane_read(): buffer suffices (contains 12752176, requested 32768)
[11:27:26.831750] [pieusb] sane_read(): requested 32768 bytes
[11:27:26.831755] [pieusb] sane_read(): buffer suffices (contains 12719408, requested 32768)
[11:27:26.831860] [pieusb] sane_read(): requested 32768 bytes
[11:27:26.831865] [pieusb] sane_read(): buffer suffices (contains 12686640, requested 32768)
[11:27:26.831973] [pieusb] sane_read(): requested 32768 bytes
[11:27:26.831978] [pieusb] sane_read(): buffer suffices (contains 12653872, requested 32768)
[11:27:26.832096] [pieusb] sane_read(): requested 32768 bytes
[11:27:26.832101] [pieusb] sane_read(): buffer suffices (contains 12621104, requested 32768)
[11:27:26.832211] [pieusb] sane_read(): requested 32768 bytes
[11:27:26.832216] [pieusb] sane_read(): buffer suffices (contains 12588336, requested 32768)
[11:27:26.832321] [pieusb] sane_read(): requested 32768 bytes
[11:27:26.832326] [pieusb] sane_read(): buffer suffices (contains 12555568, requested 32768)
[11:27:26.832432] [pieusb] sane_read(): requested 32768 bytes
[11:27:26.832436] [pieusb] sane_read(): buffer suffices (contains 12522800, requested 32768)
[11:27:26.832545] [pieusb] sane_read(): requested 32768 bytes
[11:27:26.832549] [pieusb] sane_read(): buffer suffices (contains 12490032, requested 32768)
[11:27:26.832656] [pieusb] sane_read(): requested 32768 bytes
[11:27:26.832660] [pieusb] sane_read(): buffer suffices (contains 12457264, requested 32768)
[11:27:26.832768] [pieusb] sane_read(): requested 32768 bytes
[11:27:26.832773] [pieusb] sane_read(): buffer suffices (contains 12424496, requested 32768)
[11:27:26.832880] [pieusb] sane_read(): requested 32768 bytes
[11:27:26.832885] [pieusb] sane_read(): buffer suffices (contains 12391728, requested 32768)
[11:27:26.833001] [pieusb] sane_read(): requested 32768 bytes
[11:27:26.833007] [pieusb] sane_read(): buffer suffices (contains 12358960, requested 32768)
[11:27:26.833113] [pieusb] sane_read(): requested 32768 bytes
[11:27:26.833117] [pieusb] sane_read(): buffer suffices (contains 12326192, requested 32768)
[11:27:26.833224] [pieusb] sane_read(): requested 32768 bytes
[11:27:26.833229] [pieusb] sane_read(): buffer suffices (contains 12293424, requested 32768)
[11:27:26.833336] [pieusb] sane_read(): requested 32768 bytes
[11:27:26.833341] [pieusb] sane_read(): buffer suffices (contains 12260656, requested 32768)
[11:27:26.833448] [pieusb] sane_read(): requested 32768 bytes
[11:27:26.833453] [pieusb] sane_read(): buffer suffices (contains 12227888, requested 32768)
[11:27:26.833559] [pieusb] sane_read(): requested 32768 bytes
[11:27:26.833565] [pieusb] sane_read(): buffer suffices (contains 12195120, requested 32768)
[11:27:26.833671] [pieusb] sane_read(): requested 32768 bytes
[11:27:26.833675] [pieusb] sane_read(): buffer suffices (contains 12162352, requested 32768)
[11:27:26.833784] [pieusb] sane_read(): requested 32768 bytes
[11:27:26.833788] [pieusb] sane_read(): buffer suffices (contains 12129584, requested 32768)
[11:27:26.833900] [pieusb] sane_read(): requested 32768 bytes
[11:27:26.833904] [pieusb] sane_read(): buffer suffices (contains 12096816, requested 32768)
[11:27:26.834042] [pieusb] sane_read(): requested 32768 bytes
[11:27:26.834053] [pieusb] sane_read(): buffer suffices (contains 12064048, requested 32768)
[11:27:26.834222] [pieusb] sane_read(): requested 32768 bytes
[11:27:26.834236] [pieusb] sane_read(): buffer suffices (contains 12031280, requested 32768)
[11:27:26.834366] [pieusb] sane_read(): requested 32768 bytes
[11:27:26.834374] [pieusb] sane_read(): buffer suffices (contains 11998512, requested 32768)
[11:27:26.834494] [pieusb] sane_read(): requested 32768 bytes
[11:27:26.834501] [pieusb] sane_read(): buffer suffices (contains 11965744, requested 32768)
[11:27:26.834614] [pieusb] sane_read(): requested 32768 bytes
[11:27:26.834620] [pieusb] sane_read(): buffer suffices (contains 11932976, requested 32768)
[11:27:26.834734] [pieusb] sane_read(): requested 32768 bytes
[11:27:26.834741] [pieusb] sane_read(): buffer suffices (contains 11900208, requested 32768)
[11:27:26.834855] [pieusb] sane_read(): requested 32768 bytes
[11:27:26.834862] [pieusb] sane_read(): buffer suffices (contains 11867440, requested 32768)
[11:27:26.834976] [pieusb] sane_read(): requested 32768 bytes
[11:27:26.834998] [pieusb] sane_read(): buffer suffices (contains 11834672, requested 32768)
[11:27:26.835122] [pieusb] sane_read(): requested 32768 bytes
[11:27:26.835128] [pieusb] sane_read(): buffer suffices (contains 11801904, requested 32768)
[11:27:26.835237] [pieusb] sane_read(): requested 32768 bytes
[11:27:26.835243] [pieusb] sane_read(): buffer suffices (contains 11769136, requested 32768)
[11:27:26.835348] [pieusb] sane_read(): requested 32768 bytes
[11:27:26.835353] [pieusb] sane_read(): buffer suffices (contains 11736368, requested 32768)
[11:27:26.835459] [pieusb] sane_read(): requested 32768 bytes
[11:27:26.835464] [pieusb] sane_read(): buffer suffices (contains 11703600, requested 32768)
[11:27:26.835572] [pieusb] sane_read(): requested 32768 bytes
[11:27:26.835577] [pieusb] sane_read(): buffer suffices (contains 11670832, requested 32768)
[11:27:26.835690] [pieusb] sane_read(): requested 32768 bytes
[11:27:26.835696] [pieusb] sane_read(): buffer suffices (contains 11638064, requested 32768)
[11:27:26.835807] [pieusb] sane_read(): requested 32768 bytes
[11:27:26.835812] [pieusb] sane_read(): buffer suffices (contains 11605296, requested 32768)
[11:27:26.835924] [pieusb] sane_read(): requested 32768 bytes
[11:27:26.835929] [pieusb] sane_read(): buffer suffices (contains 11572528, requested 32768)
[11:27:26.836070] [pieusb] sane_read(): requested 32768 bytes
[11:27:26.836076] [pieusb] sane_read(): buffer suffices (contains 11539760, requested 32768)
[11:27:26.836188] [pieusb] sane_read(): requested 32768 bytes
[11:27:26.836195] [pieusb] sane_read(): buffer suffices (contains 11506992, requested 32768)
[11:27:26.836312] [pieusb] sane_read(): requested 32768 bytes
[11:27:26.836319] [pieusb] sane_read(): buffer suffices (contains 11474224, requested 32768)
[11:27:26.836433] [pieusb] sane_read(): requested 32768 bytes
[11:27:26.836439] [pieusb] sane_read(): buffer suffices (contains 11441456, requested 32768)
[11:27:26.836547] [pieusb] sane_read(): requested 32768 bytes
[11:27:26.836553] [pieusb] sane_read(): buffer suffices (contains 11408688, requested 32768)
[11:27:26.836666] [pieusb] sane_read(): requested 32768 bytes
[11:27:26.836671] [pieusb] sane_read(): buffer suffices (contains 11375920, requested 32768)
[11:27:26.836783] [pieusb] sane_read(): requested 32768 bytes
[11:27:26.836790] [pieusb] sane_read(): buffer suffices (contains 11343152, requested 32768)
[11:27:26.836907] [pieusb] sane_read(): requested 32768 bytes
[11:27:26.836913] [pieusb] sane_read(): buffer suffices (contains 11310384, requested 32768)
[11:27:26.837041] [pieusb] sane_read(): requested 32768 bytes
[11:27:26.837047] [pieusb] sane_read(): buffer suffices (contains 11277616, requested 32768)
[11:27:26.837170] [pieusb] sane_read(): requested 32768 bytes
[11:27:26.837176] [pieusb] sane_read(): buffer suffices (contains 11244848, requested 32768)
[11:27:26.837286] [pieusb] sane_read(): requested 32768 bytes
[11:27:26.837291] [pieusb] sane_read(): buffer suffices (contains 11212080, requested 32768)
[11:27:26.837401] [pieusb] sane_read(): requested 32768 bytes
[11:27:26.837406] [pieusb] sane_read(): buffer suffices (contains 11179312, requested 32768)
[11:27:26.837518] [pieusb] sane_read(): requested 32768 bytes
[11:27:26.837522] [pieusb] sane_read(): buffer suffices (contains 11146544, requested 32768)
[11:27:26.837630] [pieusb] sane_read(): requested 32768 bytes
[11:27:26.837635] [pieusb] sane_read(): buffer suffices (contains 11113776, requested 32768)
[11:27:26.837747] [pieusb] sane_read(): requested 32768 bytes
[11:27:26.837752] [pieusb] sane_read(): buffer suffices (contains 11081008, requested 32768)
[11:27:26.837859] [pieusb] sane_read(): requested 32768 bytes
[11:27:26.837864] [pieusb] sane_read(): buffer suffices (contains 11048240, requested 32768)
[11:27:26.837974] [pieusb] sane_read(): requested 32768 bytes
[11:27:26.837979] [pieusb] sane_read(): buffer suffices (contains 11015472, requested 32768)
[11:27:26.838100] [pieusb] sane_read(): requested 32768 bytes
[11:27:26.838105] [pieusb] sane_read(): buffer suffices (contains 10982704, requested 32768)
[11:27:26.838212] [pieusb] sane_read(): requested 32768 bytes
[11:27:26.838217] [pieusb] sane_read(): buffer suffices (contains 10949936, requested 32768)
[11:27:26.838327] [pieusb] sane_read(): requested 32768 bytes
[11:27:26.838332] [pieusb] sane_read(): buffer suffices (contains 10917168, requested 32768)
[11:27:26.838440] [pieusb] sane_read(): requested 32768 bytes
[11:27:26.838445] [pieusb] sane_read(): buffer suffices (contains 10884400, requested 32768)
[11:27:26.838553] [pieusb] sane_read(): requested 32768 bytes
[11:27:26.838558] [pieusb] sane_read(): buffer suffices (contains 10851632, requested 32768)
[11:27:26.838665] [pieusb] sane_read(): requested 32768 bytes
[11:27:26.838669] [pieusb] sane_read(): buffer suffices (contains 10818864, requested 32768)
[11:27:26.838806] [pieusb] sane_read(): requested 32768 bytes
[11:27:26.838812] [pieusb] sane_read(): buffer suffices (contains 10786096, requested 32768)
[11:27:26.838922] [pieusb] sane_read(): requested 32768 bytes
[11:27:26.838928] [pieusb] sane_read(): buffer suffices (contains 10753328, requested 32768)
[11:27:26.839047] [pieusb] sane_read(): requested 32768 bytes
[11:27:26.839053] [pieusb] sane_read(): buffer suffices (contains 10720560, requested 32768)
[11:27:26.839169] [pieusb] sane_read(): requested 32768 bytes
[11:27:26.839174] [pieusb] sane_read(): buffer suffices (contains 10687792, requested 32768)
[11:27:26.839282] [pieusb] sane_read(): requested 32768 bytes
[11:27:26.839286] [pieusb] sane_read(): buffer suffices (contains 10655024, requested 32768)
[11:27:26.839395] [pieusb] sane_read(): requested 32768 bytes
[11:27:26.839400] [pieusb] sane_read(): buffer suffices (contains 10622256, requested 32768)
[11:27:26.839506] [pieusb] sane_read(): requested 32768 bytes
[11:27:26.839511] [pieusb] sane_read(): buffer suffices (contains 10589488, requested 32768)
[11:27:26.839623] [pieusb] sane_read(): requested 32768 bytes
[11:27:26.839628] [pieusb] sane_read(): buffer suffices (contains 10556720, requested 32768)
[11:27:26.839744] [pieusb] sane_read(): requested 32768 bytes
[11:27:26.839748] [pieusb] sane_read(): buffer suffices (contains 10523952, requested 32768)
[11:27:26.839860] [pieusb] sane_read(): requested 32768 bytes
[11:27:26.839864] [pieusb] sane_read(): buffer suffices (contains 10491184, requested 32768)
[11:27:26.839975] [pieusb] sane_read(): requested 32768 bytes
[11:27:26.839985] [pieusb] sane_read(): buffer suffices (contains 10458416, requested 32768)
[11:27:26.840099] [pieusb] sane_read(): requested 32768 bytes
[11:27:26.840104] [pieusb] sane_read(): buffer suffices (contains 10425648, requested 32768)
[11:27:26.840215] [pieusb] sane_read(): requested 32768 bytes
[11:27:26.840220] [pieusb] sane_read(): buffer suffices (contains 10392880, requested 32768)
[11:27:26.840333] [pieusb] sane_read(): requested 32768 bytes
[11:27:26.840338] [pieusb] sane_read(): buffer suffices (contains 10360112, requested 32768)
[11:27:26.840449] [pieusb] sane_read(): requested 32768 bytes
[11:27:26.840454] [pieusb] sane_read(): buffer suffices (contains 10327344, requested 32768)
[11:27:26.840565] [pieusb] sane_read(): requested 32768 bytes
[11:27:26.840570] [pieusb] sane_read(): buffer suffices (contains 10294576, requested 32768)
[11:27:26.840684] [pieusb] sane_read(): requested 32768 bytes
[11:27:26.840689] [pieusb] sane_read(): buffer suffices (contains 10261808, requested 32768)
[11:27:26.840806] [pieusb] sane_read(): requested 32768 bytes
[11:27:26.840811] [pieusb] sane_read(): buffer suffices (contains 10229040, requested 32768)
[11:27:26.840930] [pieusb] sane_read(): requested 32768 bytes
[11:27:26.840935] [pieusb] sane_read(): buffer suffices (contains 10196272, requested 32768)
[11:27:26.841062] [pieusb] sane_read(): requested 32768 bytes
[11:27:26.841067] [pieusb] sane_read(): buffer suffices (contains 10163504, requested 32768)
[11:27:26.841183] [pieusb] sane_read(): requested 32768 bytes
[11:27:26.841188] [pieusb] sane_read(): buffer suffices (contains 10130736, requested 32768)
[11:27:26.841306] [pieusb] sane_read(): requested 32768 bytes
[11:27:26.841311] [pieusb] sane_read(): buffer suffices (contains 10097968, requested 32768)
[11:27:26.841432] [pieusb] sane_read(): requested 32768 bytes
[11:27:26.841437] [pieusb] sane_read(): buffer suffices (contains 10065200, requested 32768)
[11:27:26.841564] [pieusb] sane_read(): requested 32768 bytes
[11:27:26.841570] [pieusb] sane_read(): buffer suffices (contains 10032432, requested 32768)
[11:27:26.841691] [pieusb] sane_read(): requested 32768 bytes
[11:27:26.841697] [pieusb] sane_read(): buffer suffices (contains 9999664, requested 32768)
[11:27:26.841819] [pieusb] sane_read(): requested 32768 bytes
[11:27:26.841824] [pieusb] sane_read(): buffer suffices (contains 9966896, requested 32768)
[11:27:26.841947] [pieusb] sane_read(): requested 32768 bytes
[11:27:26.841953] [pieusb] sane_read(): buffer suffices (contains 9934128, requested 32768)
[11:27:26.842092] [pieusb] sane_read(): requested 32768 bytes
[11:27:26.842099] [pieusb] sane_read(): buffer suffices (contains 9901360, requested 32768)
[11:27:26.842224] [pieusb] sane_read(): requested 32768 bytes
[11:27:26.842229] [pieusb] sane_read(): buffer suffices (contains 9868592, requested 32768)
[11:27:26.842353] [pieusb] sane_read(): requested 32768 bytes
[11:27:26.842359] [pieusb] sane_read(): buffer suffices (contains 9835824, requested 32768)
[11:27:26.842491] [pieusb] sane_read(): requested 32768 bytes
[11:27:26.842497] [pieusb] sane_read(): buffer suffices (contains 9803056, requested 32768)
[11:27:26.842629] [pieusb] sane_read(): requested 32768 bytes
[11:27:26.842635] [pieusb] sane_read(): buffer suffices (contains 9770288, requested 32768)
[11:27:26.842768] [pieusb] sane_read(): requested 32768 bytes
[11:27:26.842774] [pieusb] sane_read(): buffer suffices (contains 9737520, requested 32768)
[11:27:26.842906] [pieusb] sane_read(): requested 32768 bytes
[11:27:26.842913] [pieusb] sane_read(): buffer suffices (contains 9704752, requested 32768)
[11:27:26.843065] [pieusb] sane_read(): requested 32768 bytes
[11:27:26.843072] [pieusb] sane_read(): buffer suffices (contains 9671984, requested 32768)
[11:27:26.843204] [pieusb] sane_read(): requested 32768 bytes
[11:27:26.843211] [pieusb] sane_read(): buffer suffices (contains 9639216, requested 32768)
[11:27:26.843347] [pieusb] sane_read(): requested 32768 bytes
[11:27:26.843354] [pieusb] sane_read(): buffer suffices (contains 9606448, requested 32768)
[11:27:26.843495] [pieusb] sane_read(): requested 32768 bytes
[11:27:26.843503] [pieusb] sane_read(): buffer suffices (contains 9573680, requested 32768)
[11:27:26.843647] [pieusb] sane_read(): requested 32768 bytes
[11:27:26.843654] [pieusb] sane_read(): buffer suffices (contains 9540912, requested 32768)
[11:27:26.843796] [pieusb] sane_read(): requested 32768 bytes
[11:27:26.843804] [pieusb] sane_read(): buffer suffices (contains 9508144, requested 32768)
[11:27:26.843944] [pieusb] sane_read(): requested 32768 bytes
[11:27:26.843951] [pieusb] sane_read(): buffer suffices (contains 9475376, requested 32768)
[11:27:26.844118] [pieusb] sane_read(): requested 32768 bytes
[11:27:26.844125] [pieusb] sane_read(): buffer suffices (contains 9442608, requested 32768)
[11:27:26.844266] [pieusb] sane_read(): requested 32768 bytes
[11:27:26.844273] [pieusb] sane_read(): buffer suffices (contains 9409840, requested 32768)
[11:27:26.844408] [pieusb] sane_read(): requested 32768 bytes
[11:27:26.844414] [pieusb] sane_read(): buffer suffices (contains 9377072, requested 32768)
[11:27:26.844556] [pieusb] sane_read(): requested 32768 bytes
[11:27:26.844562] [pieusb] sane_read(): buffer suffices (contains 9344304, requested 32768)
[11:27:26.844707] [pieusb] sane_read(): requested 32768 bytes
[11:27:26.844713] [pieusb] sane_read(): buffer suffices (contains 9311536, requested 32768)
[11:27:26.844860] [pieusb] sane_read(): requested 32768 bytes
[11:27:26.844867] [pieusb] sane_read(): buffer suffices (contains 9278768, requested 32768)
[11:27:26.845035] [pieusb] sane_read(): requested 32768 bytes
[11:27:26.845041] [pieusb] sane_read(): buffer suffices (contains 9246000, requested 32768)
[11:27:26.845187] [pieusb] sane_read(): requested 32768 bytes
[11:27:26.845193] [pieusb] sane_read(): buffer suffices (contains 9213232, requested 32768)
[11:27:26.845338] [pieusb] sane_read(): requested 32768 bytes
[11:27:26.845345] [pieusb] sane_read(): buffer suffices (contains 9180464, requested 32768)
[11:27:26.845490] [pieusb] sane_read(): requested 32768 bytes
[11:27:26.845497] [pieusb] sane_read(): buffer suffices (contains 9147696, requested 32768)
[11:27:26.845653] [pieusb] sane_read(): requested 32768 bytes
[11:27:26.845660] [pieusb] sane_read(): buffer suffices (contains 9114928, requested 32768)
[11:27:26.845816] [pieusb] sane_read(): requested 32768 bytes
[11:27:26.845824] [pieusb] sane_read(): buffer suffices (contains 9082160, requested 32768)
[11:27:26.845999] [pieusb] sane_read(): requested 32768 bytes
[11:27:26.846009] [pieusb] sane_read(): buffer suffices (contains 9049392, requested 32768)
[11:27:26.846168] [pieusb] sane_read(): requested 32768 bytes
[11:27:26.846175] [pieusb] sane_read(): buffer suffices (contains 9016624, requested 32768)
[11:27:26.846323] [pieusb] sane_read(): requested 32768 bytes
[11:27:26.846330] [pieusb] sane_read(): buffer suffices (contains 8983856, requested 32768)
[11:27:26.846476] [pieusb] sane_read(): requested 32768 bytes
[11:27:26.846483] [pieusb] sane_read(): buffer suffices (contains 8951088, requested 32768)
[11:27:26.846637] [pieusb] sane_read(): requested 32768 bytes
[11:27:26.846644] [pieusb] sane_read(): buffer suffices (contains 8918320, requested 32768)
[11:27:26.846789] [pieusb] sane_read(): requested 32768 bytes
[11:27:26.846795] [pieusb] sane_read(): buffer suffices (contains 8885552, requested 32768)
[11:27:26.846940] [pieusb] sane_read(): requested 32768 bytes
[11:27:26.846946] [pieusb] sane_read(): buffer suffices (contains 8852784, requested 32768)
[11:27:26.847109] [pieusb] sane_read(): requested 32768 bytes
[11:27:26.847116] [pieusb] sane_read(): buffer suffices (contains 8820016, requested 32768)
[11:27:26.847259] [pieusb] sane_read(): requested 32768 bytes
[11:27:26.847265] [pieusb] sane_read(): buffer suffices (contains 8787248, requested 32768)
[11:27:26.847410] [pieusb] sane_read(): requested 32768 bytes
[11:27:26.847416] [pieusb] sane_read(): buffer suffices (contains 8754480, requested 32768)
[11:27:26.847553] [pieusb] sane_read(): requested 32768 bytes
[11:27:26.847559] [pieusb] sane_read(): buffer suffices (contains 8721712, requested 32768)
[11:27:26.847696] [pieusb] sane_read(): requested 32768 bytes
[11:27:26.847702] [pieusb] sane_read(): buffer suffices (contains 8688944, requested 32768)
[11:27:26.847838] [pieusb] sane_read(): requested 32768 bytes
[11:27:26.847844] [pieusb] sane_read(): buffer suffices (contains 8656176, requested 32768)
[11:27:26.848008] [pieusb] sane_read(): requested 32768 bytes
[11:27:26.848014] [pieusb] sane_read(): buffer suffices (contains 8623408, requested 32768)
[11:27:26.848155] [pieusb] sane_read(): requested 32768 bytes
[11:27:26.848161] [pieusb] sane_read(): buffer suffices (contains 8590640, requested 32768)
[11:27:26.848295] [pieusb] sane_read(): requested 32768 bytes
[11:27:26.848300] [pieusb] sane_read(): buffer suffices (contains 8557872, requested 32768)
[11:27:26.848429] [pieusb] sane_read(): requested 32768 bytes
[11:27:26.848435] [pieusb] sane_read(): buffer suffices (contains 8525104, requested 32768)
[11:27:26.848563] [pieusb] sane_read(): requested 32768 bytes
[11:27:26.848569] [pieusb] sane_read(): buffer suffices (contains 8492336, requested 32768)
[11:27:26.848700] [pieusb] sane_read(): requested 32768 bytes
[11:27:26.848706] [pieusb] sane_read(): buffer suffices (contains 8459568, requested 32768)
[11:27:26.848835] [pieusb] sane_read(): requested 32768 bytes
[11:27:26.848841] [pieusb] sane_read(): buffer suffices (contains 8426800, requested 32768)
[11:27:26.848971] [pieusb] sane_read(): requested 32768 bytes
[11:27:26.848976] [pieusb] sane_read(): buffer suffices (contains 8394032, requested 32768)
[11:27:26.849116] [pieusb] sane_read(): requested 32768 bytes
[11:27:26.849121] [pieusb] sane_read(): buffer suffices (contains 8361264, requested 32768)
[11:27:26.849250] [pieusb] sane_read(): requested 32768 bytes
[11:27:26.849256] [pieusb] sane_read(): buffer suffices (contains 8328496, requested 32768)
[11:27:26.849385] [pieusb] sane_read(): requested 32768 bytes
[11:27:26.849391] [pieusb] sane_read(): buffer suffices (contains 8295728, requested 32768)
[11:27:26.849519] [pieusb] sane_read(): requested 32768 bytes
[11:27:26.849525] [pieusb] sane_read(): buffer suffices (contains 8262960, requested 32768)
[11:27:26.849654] [pieusb] sane_read(): requested 32768 bytes
[11:27:26.849659] [pieusb] sane_read(): buffer suffices (contains 8230192, requested 32768)
[11:27:26.849788] [pieusb] sane_read(): requested 32768 bytes
[11:27:26.849793] [pieusb] sane_read(): buffer suffices (contains 8197424, requested 32768)
[11:27:26.849924] [pieusb] sane_read(): requested 32768 bytes
[11:27:26.849930] [pieusb] sane_read(): buffer suffices (contains 8164656, requested 32768)
[11:27:26.850081] [pieusb] sane_read(): requested 32768 bytes
[11:27:26.850087] [pieusb] sane_read(): buffer suffices (contains 8131888, requested 32768)
[11:27:26.850215] [pieusb] sane_read(): requested 32768 bytes
[11:27:26.850222] [pieusb] sane_read(): buffer suffices (contains 8099120, requested 32768)
[11:27:26.850357] [pieusb] sane_read(): requested 32768 bytes
[11:27:26.850363] [pieusb] sane_read(): buffer suffices (contains 8066352, requested 32768)
[11:27:26.850511] [pieusb] sane_read(): requested 32768 bytes
[11:27:26.850518] [pieusb] sane_read(): buffer suffices (contains 8033584, requested 32768)
[11:27:26.850715] [pieusb] sane_read(): requested 32768 bytes
[11:27:26.850725] [pieusb] sane_read(): buffer suffices (contains 8000816, requested 32768)
[11:27:26.850877] [pieusb] sane_read(): requested 32768 bytes
[11:27:26.850885] [pieusb] sane_read(): buffer suffices (contains 7968048, requested 32768)
[11:27:26.851051] [pieusb] sane_read(): requested 32768 bytes
[11:27:26.851059] [pieusb] sane_read(): buffer suffices (contains 7935280, requested 32768)
[11:27:26.851193] [pieusb] sane_read(): requested 32768 bytes
[11:27:26.851201] [pieusb] sane_read(): buffer suffices (contains 7902512, requested 32768)
[11:27:26.851338] [pieusb] sane_read(): requested 32768 bytes
[11:27:26.851345] [pieusb] sane_read(): buffer suffices (contains 7869744, requested 32768)
[11:27:26.851483] [pieusb] sane_read(): requested 32768 bytes
[11:27:26.851490] [pieusb] sane_read(): buffer suffices (contains 7836976, requested 32768)
[11:27:26.851624] [pieusb] sane_read(): requested 32768 bytes
[11:27:26.851630] [pieusb] sane_read(): buffer suffices (contains 7804208, requested 32768)
[11:27:26.851760] [pieusb] sane_read(): requested 32768 bytes
[11:27:26.851766] [pieusb] sane_read(): buffer suffices (contains 7771440, requested 32768)
[11:27:26.851895] [pieusb] sane_read(): requested 32768 bytes
[11:27:26.851901] [pieusb] sane_read(): buffer suffices (contains 7738672, requested 32768)
[11:27:26.852054] [pieusb] sane_read(): requested 32768 bytes
[11:27:26.852060] [pieusb] sane_read(): buffer suffices (contains 7705904, requested 32768)
[11:27:26.852195] [pieusb] sane_read(): requested 32768 bytes
[11:27:26.852201] [pieusb] sane_read(): buffer suffices (contains 7673136, requested 32768)
[11:27:26.852332] [pieusb] sane_read(): requested 32768 bytes
[11:27:26.852340] [pieusb] sane_read(): buffer suffices (contains 7640368, requested 32768)
[11:27:26.852468] [pieusb] sane_read(): requested 32768 bytes
[11:27:26.852476] [pieusb] sane_read(): buffer suffices (contains 7607600, requested 32768)
[11:27:26.852607] [pieusb] sane_read(): requested 32768 bytes
[11:27:26.852614] [pieusb] sane_read(): buffer suffices (contains 7574832, requested 32768)
[11:27:26.852747] [pieusb] sane_read(): requested 32768 bytes
[11:27:26.852754] [pieusb] sane_read(): buffer suffices (contains 7542064, requested 32768)
[11:27:26.852881] [pieusb] sane_read(): requested 32768 bytes
[11:27:26.852888] [pieusb] sane_read(): buffer suffices (contains 7509296, requested 32768)
[11:27:26.853046] [pieusb] sane_read(): requested 32768 bytes
[11:27:26.853055] [pieusb] sane_read(): buffer suffices (contains 7476528, requested 32768)
[11:27:26.853186] [pieusb] sane_read(): requested 32768 bytes
[11:27:26.853193] [pieusb] sane_read(): buffer suffices (contains 7443760, requested 32768)
[11:27:26.853331] [pieusb] sane_read(): requested 32768 bytes
[11:27:26.853337] [pieusb] sane_read(): buffer suffices (contains 7410992, requested 32768)
[11:27:26.853470] [pieusb] sane_read(): requested 32768 bytes
[11:27:26.853477] [pieusb] sane_read(): buffer suffices (contains 7378224, requested 32768)
[11:27:26.853625] [pieusb] sane_read(): requested 32768 bytes
[11:27:26.853632] [pieusb] sane_read(): buffer suffices (contains 7345456, requested 32768)
[11:27:26.853765] [pieusb] sane_read(): requested 32768 bytes
[11:27:26.853771] [pieusb] sane_read(): buffer suffices (contains 7312688, requested 32768)
[11:27:26.853902] [pieusb] sane_read(): requested 32768 bytes
[11:27:26.853908] [pieusb] sane_read(): buffer suffices (contains 7279920, requested 32768)
[11:27:26.854046] [pieusb] sane_read(): requested 32768 bytes
[11:27:26.854052] [pieusb] sane_read(): buffer suffices (contains 7247152, requested 32768)
[11:27:26.854183] [pieusb] sane_read(): requested 32768 bytes
[11:27:26.854189] [pieusb] sane_read(): buffer suffices (contains 7214384, requested 32768)
[11:27:26.854326] [pieusb] sane_read(): requested 32768 bytes
[11:27:26.854332] [pieusb] sane_read(): buffer suffices (contains 7181616, requested 32768)
[11:27:26.854472] [pieusb] sane_read(): requested 32768 bytes
[11:27:26.854478] [pieusb] sane_read(): buffer suffices (contains 7148848, requested 32768)
[11:27:26.854615] [pieusb] sane_read(): requested 32768 bytes
[11:27:26.854622] [pieusb] sane_read(): buffer suffices (contains 7116080, requested 32768)
[11:27:26.854761] [pieusb] sane_read(): requested 32768 bytes
[11:27:26.854767] [pieusb] sane_read(): buffer suffices (contains 7083312, requested 32768)
[11:27:26.854907] [pieusb] sane_read(): requested 32768 bytes
[11:27:26.854913] [pieusb] sane_read(): buffer suffices (contains 7050544, requested 32768)
[11:27:26.855079] [pieusb] sane_read(): requested 32768 bytes
[11:27:26.855085] [pieusb] sane_read(): buffer suffices (contains 7017776, requested 32768)
[11:27:26.855231] [pieusb] sane_read(): requested 32768 bytes
[11:27:26.855238] [pieusb] sane_read(): buffer suffices (contains 6985008, requested 32768)
[11:27:26.855395] [pieusb] sane_read(): requested 32768 bytes
[11:27:26.855403] [pieusb] sane_read(): buffer suffices (contains 6952240, requested 32768)
[11:27:26.855568] [pieusb] sane_read(): requested 32768 bytes
[11:27:26.855576] [pieusb] sane_read(): buffer suffices (contains 6919472, requested 32768)
[11:27:26.855723] [pieusb] sane_read(): requested 32768 bytes
[11:27:26.855730] [pieusb] sane_read(): buffer suffices (contains 6886704, requested 32768)
[11:27:26.855877] [pieusb] sane_read(): requested 32768 bytes
[11:27:26.855884] [pieusb] sane_read(): buffer suffices (contains 6853936, requested 32768)
[11:27:26.856054] [pieusb] sane_read(): requested 32768 bytes
[11:27:26.856061] [pieusb] sane_read(): buffer suffices (contains 6821168, requested 32768)
[11:27:26.856208] [pieusb] sane_read(): requested 32768 bytes
[11:27:26.856217] [pieusb] sane_read(): buffer suffices (contains 6788400, requested 32768)
[11:27:26.856372] [pieusb] sane_read(): requested 32768 bytes
[11:27:26.856379] [pieusb] sane_read(): buffer suffices (contains 6755632, requested 32768)
[11:27:26.856534] [pieusb] sane_read(): requested 32768 bytes
[11:27:26.856541] [pieusb] sane_read(): buffer suffices (contains 6722864, requested 32768)
[11:27:26.856697] [pieusb] sane_read(): requested 32768 bytes
[11:27:26.856703] [pieusb] sane_read(): buffer suffices (contains 6690096, requested 32768)
[11:27:26.856857] [pieusb] sane_read(): requested 32768 bytes
[11:27:26.856864] [pieusb] sane_read(): buffer suffices (contains 6657328, requested 32768)
[11:27:26.857048] [pieusb] sane_read(): requested 32768 bytes
[11:27:26.857055] [pieusb] sane_read(): buffer suffices (contains 6624560, requested 32768)
[11:27:26.857225] [pieusb] sane_read(): requested 32768 bytes
[11:27:26.857233] [pieusb] sane_read(): buffer suffices (contains 6591792, requested 32768)
[11:27:26.857400] [pieusb] sane_read(): requested 32768 bytes
[11:27:26.857407] [pieusb] sane_read(): buffer suffices (contains 6559024, requested 32768)
[11:27:26.857576] [pieusb] sane_read(): requested 32768 bytes
[11:27:26.857583] [pieusb] sane_read(): buffer suffices (contains 6526256, requested 32768)
[11:27:26.857749] [pieusb] sane_read(): requested 32768 bytes
[11:27:26.857756] [pieusb] sane_read(): buffer suffices (contains 6493488, requested 32768)
[11:27:26.857922] [pieusb] sane_read(): requested 32768 bytes
[11:27:26.857929] [pieusb] sane_read(): buffer suffices (contains 6460720, requested 32768)
[11:27:26.858117] [pieusb] sane_read(): requested 32768 bytes
[11:27:26.858124] [pieusb] sane_read(): buffer suffices (contains 6427952, requested 32768)
[11:27:26.858288] [pieusb] sane_read(): requested 32768 bytes
[11:27:26.858296] [pieusb] sane_read(): buffer suffices (contains 6395184, requested 32768)
[11:27:26.858465] [pieusb] sane_read(): requested 32768 bytes
[11:27:26.858472] [pieusb] sane_read(): buffer suffices (contains 6362416, requested 32768)
[11:27:26.858640] [pieusb] sane_read(): requested 32768 bytes
[11:27:26.858648] [pieusb] sane_read(): buffer suffices (contains 6329648, requested 32768)
[11:27:26.858818] [pieusb] sane_read(): requested 32768 bytes
[11:27:26.858826] [pieusb] sane_read(): buffer suffices (contains 6296880, requested 32768)
[11:27:26.859029] [pieusb] sane_read(): requested 32768 bytes
[11:27:26.859037] [pieusb] sane_read(): buffer suffices (contains 6264112, requested 32768)
[11:27:26.859205] [pieusb] sane_read(): requested 32768 bytes
[11:27:26.859214] [pieusb] sane_read(): buffer suffices (contains 6231344, requested 32768)
[11:27:26.859378] [pieusb] sane_read(): requested 32768 bytes
[11:27:26.859388] [pieusb] sane_read(): buffer suffices (contains 6198576, requested 32768)
[11:27:26.859548] [pieusb] sane_read(): requested 32768 bytes
[11:27:26.859557] [pieusb] sane_read(): buffer suffices (contains 6165808, requested 32768)
[11:27:26.859716] [pieusb] sane_read(): requested 32768 bytes
[11:27:26.859724] [pieusb] sane_read(): buffer suffices (contains 6133040, requested 32768)
[11:27:26.859887] [pieusb] sane_read(): requested 32768 bytes
[11:27:26.859897] [pieusb] sane_read(): buffer suffices (contains 6100272, requested 32768)
[11:27:26.860065] [pieusb] sane_read(): requested 32768 bytes
[11:27:26.860072] [pieusb] sane_read(): buffer suffices (contains 6067504, requested 32768)
[11:27:26.860225] [pieusb] sane_read(): requested 32768 bytes
[11:27:26.860232] [pieusb] sane_read(): buffer suffices (contains 6034736, requested 32768)
[11:27:26.860384] [pieusb] sane_read(): requested 32768 bytes
[11:27:26.860391] [pieusb] sane_read(): buffer suffices (contains 6001968, requested 32768)
[11:27:26.860539] [pieusb] sane_read(): requested 32768 bytes
[11:27:26.860545] [pieusb] sane_read(): buffer suffices (contains 5969200, requested 32768)
[11:27:26.860691] [pieusb] sane_read(): requested 32768 bytes
[11:27:26.860698] [pieusb] sane_read(): buffer suffices (contains 5936432, requested 32768)
[11:27:26.860844] [pieusb] sane_read(): requested 32768 bytes
[11:27:26.860851] [pieusb] sane_read(): buffer suffices (contains 5903664, requested 32768)
[11:27:26.861009] [pieusb] sane_read(): requested 32768 bytes
[11:27:26.861018] [pieusb] sane_read(): buffer suffices (contains 5870896, requested 32768)
[11:27:26.861169] [pieusb] sane_read(): requested 32768 bytes
[11:27:26.861175] [pieusb] sane_read(): buffer suffices (contains 5838128, requested 32768)
[11:27:26.861319] [pieusb] sane_read(): requested 32768 bytes
[11:27:26.861325] [pieusb] sane_read(): buffer suffices (contains 5805360, requested 32768)
[11:27:26.861463] [pieusb] sane_read(): requested 32768 bytes
[11:27:26.861469] [pieusb] sane_read(): buffer suffices (contains 5772592, requested 32768)
[11:27:26.861609] [pieusb] sane_read(): requested 32768 bytes
[11:27:26.861615] [pieusb] sane_read(): buffer suffices (contains 5739824, requested 32768)
[11:27:26.861756] [pieusb] sane_read(): requested 32768 bytes
[11:27:26.861762] [pieusb] sane_read(): buffer suffices (contains 5707056, requested 32768)
[11:27:26.861899] [pieusb] sane_read(): requested 32768 bytes
[11:27:26.861905] [pieusb] sane_read(): buffer suffices (contains 5674288, requested 32768)
[11:27:26.862046] [pieusb] sane_read(): requested 32768 bytes
[11:27:26.862052] [pieusb] sane_read(): buffer suffices (contains 5641520, requested 32768)
[11:27:26.862190] [pieusb] sane_read(): requested 32768 bytes
[11:27:26.862197] [pieusb] sane_read(): buffer suffices (contains 5608752, requested 32768)
[11:27:26.862336] [pieusb] sane_read(): requested 32768 bytes
[11:27:26.862342] [pieusb] sane_read(): buffer suffices (contains 5575984, requested 32768)
[11:27:26.862478] [pieusb] sane_read(): requested 32768 bytes
[11:27:26.862484] [pieusb] sane_read(): buffer suffices (contains 5543216, requested 32768)
[11:27:26.862621] [pieusb] sane_read(): requested 32768 bytes
[11:27:26.862627] [pieusb] sane_read(): buffer suffices (contains 5510448, requested 32768)
[11:27:26.862763] [pieusb] sane_read(): requested 32768 bytes
[11:27:26.862769] [pieusb] sane_read(): buffer suffices (contains 5477680, requested 32768)
[11:27:26.862906] [pieusb] sane_read(): requested 32768 bytes
[11:27:26.862912] [pieusb] sane_read(): buffer suffices (contains 5444912, requested 32768)
[11:27:26.863069] [pieusb] sane_read(): requested 32768 bytes
[11:27:26.863075] [pieusb] sane_read(): buffer suffices (contains 5412144, requested 32768)
[11:27:26.863213] [pieusb] sane_read(): requested 32768 bytes
[11:27:26.863219] [pieusb] sane_read(): buffer suffices (contains 5379376, requested 32768)
[11:27:26.863356] [pieusb] sane_read(): requested 32768 bytes
[11:27:26.863361] [pieusb] sane_read(): buffer suffices (contains 5346608, requested 32768)
[11:27:26.863491] [pieusb] sane_read(): requested 32768 bytes
[11:27:26.863496] [pieusb] sane_read(): buffer suffices (contains 5313840, requested 32768)
[11:27:26.863626] [pieusb] sane_read(): requested 32768 bytes
[11:27:26.863631] [pieusb] sane_read(): buffer suffices (contains 5281072, requested 32768)
[11:27:26.863762] [pieusb] sane_read(): requested 32768 bytes
[11:27:26.863767] [pieusb] sane_read(): buffer suffices (contains 5248304, requested 32768)
[11:27:26.863896] [pieusb] sane_read(): requested 32768 bytes
[11:27:26.863901] [pieusb] sane_read(): buffer suffices (contains 5215536, requested 32768)
[11:27:26.864044] [pieusb] sane_read(): requested 32768 bytes
[11:27:26.864050] [pieusb] sane_read(): buffer suffices (contains 5182768, requested 32768)
[11:27:26.864179] [pieusb] sane_read(): requested 32768 bytes
[11:27:26.864184] [pieusb] sane_read(): buffer suffices (contains 5150000, requested 32768)
[11:27:26.864316] [pieusb] sane_read(): requested 32768 bytes
[11:27:26.864321] [pieusb] sane_read(): buffer suffices (contains 5117232, requested 32768)
[11:27:26.864452] [pieusb] sane_read(): requested 32768 bytes
[11:27:26.864457] [pieusb] sane_read(): buffer suffices (contains 5084464, requested 32768)
[11:27:26.864586] [pieusb] sane_read(): requested 32768 bytes
[11:27:26.864592] [pieusb] sane_read(): buffer suffices (contains 5051696, requested 32768)
[11:27:26.864720] [pieusb] sane_read(): requested 32768 bytes
[11:27:26.864726] [pieusb] sane_read(): buffer suffices (contains 5018928, requested 32768)
[11:27:26.864862] [pieusb] sane_read(): requested 32768 bytes
[11:27:26.864868] [pieusb] sane_read(): buffer suffices (contains 4986160, requested 32768)
[11:27:26.865014] [pieusb] sane_read(): requested 32768 bytes
[11:27:26.865020] [pieusb] sane_read(): buffer suffices (contains 4953392, requested 32768)
[11:27:26.865151] [pieusb] sane_read(): requested 32768 bytes
[11:27:26.865156] [pieusb] sane_read(): buffer suffices (contains 4920624, requested 32768)
[11:27:26.865286] [pieusb] sane_read(): requested 32768 bytes
[11:27:26.865291] [pieusb] sane_read(): buffer suffices (contains 4887856, requested 32768)
[11:27:26.865421] [pieusb] sane_read(): requested 32768 bytes
[11:27:26.865427] [pieusb] sane_read(): buffer suffices (contains 4855088, requested 32768)
[11:27:26.865556] [pieusb] sane_read(): requested 32768 bytes
[11:27:26.865561] [pieusb] sane_read(): buffer suffices (contains 4822320, requested 32768)
[11:27:26.865691] [pieusb] sane_read(): requested 32768 bytes
[11:27:26.865697] [pieusb] sane_read(): buffer suffices (contains 4789552, requested 32768)
[11:27:26.865828] [pieusb] sane_read(): requested 32768 bytes
[11:27:26.865834] [pieusb] sane_read(): buffer suffices (contains 4756784, requested 32768)
[11:27:26.865964] [pieusb] sane_read(): requested 32768 bytes
[11:27:26.865970] [pieusb] sane_read(): buffer suffices (contains 4724016, requested 32768)
[11:27:26.866113] [pieusb] sane_read(): requested 32768 bytes
[11:27:26.866119] [pieusb] sane_read(): buffer suffices (contains 4691248, requested 32768)
[11:27:26.866247] [pieusb] sane_read(): requested 32768 bytes
[11:27:26.866253] [pieusb] sane_read(): buffer suffices (contains 4658480, requested 32768)
[11:27:26.866386] [pieusb] sane_read(): requested 32768 bytes
[11:27:26.866391] [pieusb] sane_read(): buffer suffices (contains 4625712, requested 32768)
[11:27:26.866520] [pieusb] sane_read(): requested 32768 bytes
[11:27:26.866527] [pieusb] sane_read(): buffer suffices (contains 4592944, requested 32768)
[11:27:26.866660] [pieusb] sane_read(): requested 32768 bytes
[11:27:26.866666] [pieusb] sane_read(): buffer suffices (contains 4560176, requested 32768)
[11:27:26.866796] [pieusb] sane_read(): requested 32768 bytes
[11:27:26.866803] [pieusb] sane_read(): buffer suffices (contains 4527408, requested 32768)
[11:27:26.866933] [pieusb] sane_read(): requested 32768 bytes
[11:27:26.866938] [pieusb] sane_read(): buffer suffices (contains 4494640, requested 32768)
[11:27:26.867087] [pieusb] sane_read(): requested 32768 bytes
[11:27:26.867092] [pieusb] sane_read(): buffer suffices (contains 4461872, requested 32768)
[11:27:26.867222] [pieusb] sane_read(): requested 32768 bytes
[11:27:26.867227] [pieusb] sane_read(): buffer suffices (contains 4429104, requested 32768)
[11:27:26.867356] [pieusb] sane_read(): requested 32768 bytes
[11:27:26.867362] [pieusb] sane_read(): buffer suffices (contains 4396336, requested 32768)
[11:27:26.867491] [pieusb] sane_read(): requested 32768 bytes
[11:27:26.867496] [pieusb] sane_read(): buffer suffices (contains 4363568, requested 32768)
[11:27:26.867654] [pieusb] sane_read(): requested 32768 bytes
[11:27:26.867662] [pieusb] sane_read(): buffer suffices (contains 4330800, requested 32768)
[11:27:26.867857] [pieusb] sane_read(): requested 32768 bytes
[11:27:26.867864] [pieusb] sane_read(): buffer suffices (contains 4298032, requested 32768)
[11:27:26.868015] [pieusb] sane_read(): requested 32768 bytes
[11:27:26.868024] [pieusb] sane_read(): buffer suffices (contains 4265264, requested 32768)
[11:27:26.868159] [pieusb] sane_read(): requested 32768 bytes
[11:27:26.868166] [pieusb] sane_read(): buffer suffices (contains 4232496, requested 32768)
[11:27:26.868298] [pieusb] sane_read(): requested 32768 bytes
[11:27:26.868305] [pieusb] sane_read(): buffer suffices (contains 4199728, requested 32768)
[11:27:26.868443] [pieusb] sane_read(): requested 32768 bytes
[11:27:26.868451] [pieusb] sane_read(): buffer suffices (contains 4166960, requested 32768)
[11:27:26.868592] [pieusb] sane_read(): requested 32768 bytes
[11:27:26.868599] [pieusb] sane_read(): buffer suffices (contains 4134192, requested 32768)
[11:27:26.868732] [pieusb] sane_read(): requested 32768 bytes
[11:27:26.868739] [pieusb] sane_read(): buffer suffices (contains 4101424, requested 32768)
[11:27:26.868871] [pieusb] sane_read(): requested 32768 bytes
[11:27:26.868876] [pieusb] sane_read(): buffer suffices (contains 4068656, requested 32768)
[11:27:26.869030] [pieusb] sane_read(): requested 32768 bytes
[11:27:26.869036] [pieusb] sane_read(): buffer suffices (contains 4035888, requested 32768)
[11:27:26.869169] [pieusb] sane_read(): requested 32768 bytes
[11:27:26.869175] [pieusb] sane_read(): buffer suffices (contains 4003120, requested 32768)
[11:27:26.869325] [pieusb] sane_read(): requested 32768 bytes
[11:27:26.869331] [pieusb] sane_read(): buffer suffices (contains 3970352, requested 32768)
[11:27:26.869474] [pieusb] sane_read(): requested 32768 bytes
[11:27:26.869481] [pieusb] sane_read(): buffer suffices (contains 3937584, requested 32768)
[11:27:26.869621] [pieusb] sane_read(): requested 32768 bytes
[11:27:26.869628] [pieusb] sane_read(): buffer suffices (contains 3904816, requested 32768)
[11:27:26.869767] [pieusb] sane_read(): requested 32768 bytes
[11:27:26.869773] [pieusb] sane_read(): buffer suffices (contains 3872048, requested 32768)
[11:27:26.869911] [pieusb] sane_read(): requested 32768 bytes
[11:27:26.869918] [pieusb] sane_read(): buffer suffices (contains 3839280, requested 32768)
[11:27:26.870089] [pieusb] sane_read(): requested 32768 bytes
[11:27:26.870097] [pieusb] sane_read(): buffer suffices (contains 3806512, requested 32768)
[11:27:26.870250] [pieusb] sane_read(): requested 32768 bytes
[11:27:26.870256] [pieusb] sane_read(): buffer suffices (contains 3773744, requested 32768)
[11:27:26.870406] [pieusb] sane_read(): requested 32768 bytes
[11:27:26.870413] [pieusb] sane_read(): buffer suffices (contains 3740976, requested 32768)
[11:27:26.870564] [pieusb] sane_read(): requested 32768 bytes
[11:27:26.870571] [pieusb] sane_read(): buffer suffices (contains 3708208, requested 32768)
[11:27:26.870721] [pieusb] sane_read(): requested 32768 bytes
[11:27:26.870728] [pieusb] sane_read(): buffer suffices (contains 3675440, requested 32768)
[11:27:26.870902] [pieusb] sane_read(): requested 32768 bytes
[11:27:26.870910] [pieusb] sane_read(): buffer suffices (contains 3642672, requested 32768)
[11:27:26.871081] [pieusb] sane_read(): requested 32768 bytes
[11:27:26.871088] [pieusb] sane_read(): buffer suffices (contains 3609904, requested 32768)
[11:27:26.871243] [pieusb] sane_read(): requested 32768 bytes
[11:27:26.871251] [pieusb] sane_read(): buffer suffices (contains 3577136, requested 32768)
[11:27:26.871407] [pieusb] sane_read(): requested 32768 bytes
[11:27:26.871414] [pieusb] sane_read(): buffer suffices (contains 3544368, requested 32768)
[11:27:26.871570] [pieusb] sane_read(): requested 32768 bytes
[11:27:26.871578] [pieusb] sane_read(): buffer suffices (contains 3511600, requested 32768)
[11:27:26.871739] [pieusb] sane_read(): requested 32768 bytes
[11:27:26.871746] [pieusb] sane_read(): buffer suffices (contains 3478832, requested 32768)
[11:27:26.871901] [pieusb] sane_read(): requested 32768 bytes
[11:27:26.871908] [pieusb] sane_read(): buffer suffices (contains 3446064, requested 32768)
[11:27:26.872100] [pieusb] sane_read(): requested 32768 bytes
[11:27:26.872109] [pieusb] sane_read(): buffer suffices (contains 3413296, requested 32768)
[11:27:26.872275] [pieusb] sane_read(): requested 32768 bytes
[11:27:26.872282] [pieusb] sane_read(): buffer suffices (contains 3380528, requested 32768)
[11:27:26.872439] [pieusb] sane_read(): requested 32768 bytes
[11:27:26.872446] [pieusb] sane_read(): buffer suffices (contains 3347760, requested 32768)
[11:27:26.872601] [pieusb] sane_read(): requested 32768 bytes
[11:27:26.872608] [pieusb] sane_read(): buffer suffices (contains 3314992, requested 32768)
[11:27:26.872762] [pieusb] sane_read(): requested 32768 bytes
[11:27:26.872769] [pieusb] sane_read(): buffer suffices (contains 3282224, requested 32768)
[11:27:26.872924] [pieusb] sane_read(): requested 32768 bytes
[11:27:26.872931] [pieusb] sane_read(): buffer suffices (contains 3249456, requested 32768)
[11:27:26.873115] [pieusb] sane_read(): requested 32768 bytes
[11:27:26.873122] [pieusb] sane_read(): buffer suffices (contains 3216688, requested 32768)
[11:27:26.873268] [pieusb] sane_read(): requested 32768 bytes
[11:27:26.873275] [pieusb] sane_read(): buffer suffices (contains 3183920, requested 32768)
[11:27:26.873423] [pieusb] sane_read(): requested 32768 bytes
[11:27:26.873429] [pieusb] sane_read(): buffer suffices (contains 3151152, requested 32768)
[11:27:26.873573] [pieusb] sane_read(): requested 32768 bytes
[11:27:26.873579] [pieusb] sane_read(): buffer suffices (contains 3118384, requested 32768)
[11:27:26.873723] [pieusb] sane_read(): requested 32768 bytes
[11:27:26.873729] [pieusb] sane_read(): buffer suffices (contains 3085616, requested 32768)
[11:27:26.873875] [pieusb] sane_read(): requested 32768 bytes
[11:27:26.873881] [pieusb] sane_read(): buffer suffices (contains 3052848, requested 32768)
[11:27:26.874049] [pieusb] sane_read(): requested 32768 bytes
[11:27:26.874056] [pieusb] sane_read(): buffer suffices (contains 3020080, requested 32768)
[11:27:26.874202] [pieusb] sane_read(): requested 32768 bytes
[11:27:26.874209] [pieusb] sane_read(): buffer suffices (contains 2987312, requested 32768)
[11:27:26.874362] [pieusb] sane_read(): requested 32768 bytes
[11:27:26.874369] [pieusb] sane_read(): buffer suffices (contains 2954544, requested 32768)
[11:27:26.874515] [pieusb] sane_read(): requested 32768 bytes
[11:27:26.874522] [pieusb] sane_read(): buffer suffices (contains 2921776, requested 32768)
[11:27:26.874668] [pieusb] sane_read(): requested 32768 bytes
[11:27:26.874675] [pieusb] sane_read(): buffer suffices (contains 2889008, requested 32768)
[11:27:26.874824] [pieusb] sane_read(): requested 32768 bytes
[11:27:26.874832] [pieusb] sane_read(): buffer suffices (contains 2856240, requested 32768)
[11:27:26.874990] [pieusb] sane_read(): requested 32768 bytes
[11:27:26.875001] [pieusb] sane_read(): buffer suffices (contains 2823472, requested 32768)
[11:27:26.875159] [pieusb] sane_read(): requested 32768 bytes
[11:27:26.875167] [pieusb] sane_read(): buffer suffices (contains 2790704, requested 32768)
[11:27:26.875320] [pieusb] sane_read(): requested 32768 bytes
[11:27:26.875328] [pieusb] sane_read(): buffer suffices (contains 2757936, requested 32768)
[11:27:26.875478] [pieusb] sane_read(): requested 32768 bytes
[11:27:26.875486] [pieusb] sane_read(): buffer suffices (contains 2725168, requested 32768)
[11:27:26.875640] [pieusb] sane_read(): requested 32768 bytes
[11:27:26.875649] [pieusb] sane_read(): buffer suffices (contains 2692400, requested 32768)
[11:27:26.875796] [pieusb] sane_read(): requested 32768 bytes
[11:27:26.875804] [pieusb] sane_read(): buffer suffices (contains 2659632, requested 32768)
[11:27:26.875945] [pieusb] sane_read(): requested 32768 bytes
[11:27:26.875953] [pieusb] sane_read(): buffer suffices (contains 2626864, requested 32768)
[11:27:26.876103] [pieusb] sane_read(): requested 32768 bytes
[11:27:26.876110] [pieusb] sane_read(): buffer suffices (contains 2594096, requested 32768)
[11:27:26.876247] [pieusb] sane_read(): requested 32768 bytes
[11:27:26.876253] [pieusb] sane_read(): buffer suffices (contains 2561328, requested 32768)
[11:27:26.876395] [pieusb] sane_read(): requested 32768 bytes
[11:27:26.876402] [pieusb] sane_read(): buffer suffices (contains 2528560, requested 32768)
[11:27:26.876539] [pieusb] sane_read(): requested 32768 bytes
[11:27:26.876545] [pieusb] sane_read(): buffer suffices (contains 2495792, requested 32768)
[11:27:26.876683] [pieusb] sane_read(): requested 32768 bytes
[11:27:26.876689] [pieusb] sane_read(): buffer suffices (contains 2463024, requested 32768)
[11:27:26.876829] [pieusb] sane_read(): requested 32768 bytes
[11:27:26.876835] [pieusb] sane_read(): buffer suffices (contains 2430256, requested 32768)
[11:27:26.876973] [pieusb] sane_read(): requested 32768 bytes
[11:27:26.876979] [pieusb] sane_read(): buffer suffices (contains 2397488, requested 32768)
[11:27:26.877142] [pieusb] sane_read(): requested 32768 bytes
[11:27:26.877149] [pieusb] sane_read(): buffer suffices (contains 2364720, requested 32768)
[11:27:26.877287] [pieusb] sane_read(): requested 32768 bytes
[11:27:26.877293] [pieusb] sane_read(): buffer suffices (contains 2331952, requested 32768)
[11:27:26.877431] [pieusb] sane_read(): requested 32768 bytes
[11:27:26.877437] [pieusb] sane_read(): buffer suffices (contains 2299184, requested 32768)
[11:27:26.877575] [pieusb] sane_read(): requested 32768 bytes
[11:27:26.877581] [pieusb] sane_read(): buffer suffices (contains 2266416, requested 32768)
[11:27:26.877714] [pieusb] sane_read(): requested 32768 bytes
[11:27:26.877720] [pieusb] sane_read(): buffer suffices (contains 2233648, requested 32768)
[11:27:26.877851] [pieusb] sane_read(): requested 32768 bytes
[11:27:26.877857] [pieusb] sane_read(): buffer suffices (contains 2200880, requested 32768)
[11:27:26.877998] [pieusb] sane_read(): requested 32768 bytes
[11:27:26.878006] [pieusb] sane_read(): buffer suffices (contains 2168112, requested 32768)
[11:27:26.878139] [pieusb] sane_read(): requested 32768 bytes
[11:27:26.878144] [pieusb] sane_read(): buffer suffices (contains 2135344, requested 32768)
[11:27:26.878275] [pieusb] sane_read(): requested 32768 bytes
[11:27:26.878280] [pieusb] sane_read(): buffer suffices (contains 2102576, requested 32768)
[11:27:26.878415] [pieusb] sane_read(): requested 32768 bytes
[11:27:26.878420] [pieusb] sane_read(): buffer suffices (contains 2069808, requested 32768)
[11:27:26.878551] [pieusb] sane_read(): requested 32768 bytes
[11:27:26.878556] [pieusb] sane_read(): buffer suffices (contains 2037040, requested 32768)
[11:27:26.878686] [pieusb] sane_read(): requested 32768 bytes
[11:27:26.878692] [pieusb] sane_read(): buffer suffices (contains 2004272, requested 32768)
[11:27:26.878823] [pieusb] sane_read(): requested 32768 bytes
[11:27:26.878829] [pieusb] sane_read(): buffer suffices (contains 1971504, requested 32768)
[11:27:26.878963] [pieusb] sane_read(): requested 32768 bytes
[11:27:26.878969] [pieusb] sane_read(): buffer suffices (contains 1938736, requested 32768)
[11:27:26.879116] [pieusb] sane_read(): requested 32768 bytes
[11:27:26.879122] [pieusb] sane_read(): buffer suffices (contains 1905968, requested 32768)
[11:27:26.879252] [pieusb] sane_read(): requested 32768 bytes
[11:27:26.879258] [pieusb] sane_read(): buffer suffices (contains 1873200, requested 32768)
[11:27:26.879389] [pieusb] sane_read(): requested 32768 bytes
[11:27:26.879395] [pieusb] sane_read(): buffer suffices (contains 1840432, requested 32768)
[11:27:26.879525] [pieusb] sane_read(): requested 32768 bytes
[11:27:26.879530] [pieusb] sane_read(): buffer suffices (contains 1807664, requested 32768)
[11:27:26.879658] [pieusb] sane_read(): requested 32768 bytes
[11:27:26.879663] [pieusb] sane_read(): buffer suffices (contains 1774896, requested 32768)
[11:27:26.879787] [pieusb] sane_read(): requested 32768 bytes
[11:27:26.879793] [pieusb] sane_read(): buffer suffices (contains 1742128, requested 32768)
[11:27:26.879916] [pieusb] sane_read(): requested 32768 bytes
[11:27:26.879922] [pieusb] sane_read(): buffer suffices (contains 1709360, requested 32768)
[11:27:26.880064] [pieusb] sane_read(): requested 32768 bytes
[11:27:26.880070] [pieusb] sane_read(): buffer suffices (contains 1676592, requested 32768)
[11:27:26.880194] [pieusb] sane_read(): requested 32768 bytes
[11:27:26.880200] [pieusb] sane_read(): buffer suffices (contains 1643824, requested 32768)
[11:27:26.880323] [pieusb] sane_read(): requested 32768 bytes
[11:27:26.880328] [pieusb] sane_read(): buffer suffices (contains 1611056, requested 32768)
[11:27:26.880452] [pieusb] sane_read(): requested 32768 bytes
[11:27:26.880458] [pieusb] sane_read(): buffer suffices (contains 1578288, requested 32768)
[11:27:26.880582] [pieusb] sane_read(): requested 32768 bytes
[11:27:26.880587] [pieusb] sane_read(): buffer suffices (contains 1545520, requested 32768)
[11:27:26.880709] [pieusb] sane_read(): requested 32768 bytes
[11:27:26.880714] [pieusb] sane_read(): buffer suffices (contains 1512752, requested 32768)
[11:27:26.880837] [pieusb] sane_read(): requested 32768 bytes
[11:27:26.880843] [pieusb] sane_read(): buffer suffices (contains 1479984, requested 32768)
[11:27:26.880966] [pieusb] sane_read(): requested 32768 bytes
[11:27:26.880971] [pieusb] sane_read(): buffer suffices (contains 1447216, requested 32768)
[11:27:26.881110] [pieusb] sane_read(): requested 32768 bytes
[11:27:26.881116] [pieusb] sane_read(): buffer suffices (contains 1414448, requested 32768)
[11:27:26.881240] [pieusb] sane_read(): requested 32768 bytes
[11:27:26.881245] [pieusb] sane_read(): buffer suffices (contains 1381680, requested 32768)
[11:27:26.881368] [pieusb] sane_read(): requested 32768 bytes
[11:27:26.881373] [pieusb] sane_read(): buffer suffices (contains 1348912, requested 32768)
[11:27:26.881490] [pieusb] sane_read(): requested 32768 bytes
[11:27:26.881495] [pieusb] sane_read(): buffer suffices (contains 1316144, requested 32768)
[11:27:26.881612] [pieusb] sane_read(): requested 32768 bytes
[11:27:26.881617] [pieusb] sane_read(): buffer suffices (contains 1283376, requested 32768)
[11:27:26.881736] [pieusb] sane_read(): requested 32768 bytes
[11:27:26.881740] [pieusb] sane_read(): buffer suffices (contains 1250608, requested 32768)
[11:27:26.881857] [pieusb] sane_read(): requested 32768 bytes
[11:27:26.881862] [pieusb] sane_read(): buffer suffices (contains 1217840, requested 32768)
[11:27:26.881988] [pieusb] sane_read(): requested 32768 bytes
[11:27:26.881995] [pieusb] sane_read(): buffer suffices (contains 1185072, requested 32768)
[11:27:26.882116] [pieusb] sane_read(): requested 32768 bytes
[11:27:26.882122] [pieusb] sane_read(): buffer suffices (contains 1152304, requested 32768)
[11:27:26.882241] [pieusb] sane_read(): requested 32768 bytes
[11:27:26.882246] [pieusb] sane_read(): buffer suffices (contains 1119536, requested 32768)
[11:27:26.882365] [pieusb] sane_read(): requested 32768 bytes
[11:27:26.882370] [pieusb] sane_read(): buffer suffices (contains 1086768, requested 32768)
[11:27:26.882488] [pieusb] sane_read(): requested 32768 bytes
[11:27:26.882493] [pieusb] sane_read(): buffer suffices (contains 1054000, requested 32768)
[11:27:26.882611] [pieusb] sane_read(): requested 32768 bytes
[11:27:26.882616] [pieusb] sane_read(): buffer suffices (contains 1021232, requested 32768)
[11:27:26.882733] [pieusb] sane_read(): requested 32768 bytes
[11:27:26.882738] [pieusb] sane_read(): buffer suffices (contains 988464, requested 32768)
[11:27:26.882849] [pieusb] sane_read(): requested 32768 bytes
[11:27:26.882854] [pieusb] sane_read(): buffer suffices (contains 955696, requested 32768)
[11:27:26.882974] [pieusb] sane_read(): requested 32768 bytes
[11:27:26.882978] [pieusb] sane_read(): buffer suffices (contains 922928, requested 32768)
[11:27:26.883103] [pieusb] sane_read(): requested 32768 bytes
[11:27:26.883107] [pieusb] sane_read(): buffer suffices (contains 890160, requested 32768)
[11:27:26.883220] [pieusb] sane_read(): requested 32768 bytes
[11:27:26.883225] [pieusb] sane_read(): buffer suffices (contains 857392, requested 32768)
[11:27:26.883335] [pieusb] sane_read(): requested 32768 bytes
[11:27:26.883340] [pieusb] sane_read(): buffer suffices (contains 824624, requested 32768)
[11:27:26.883454] [pieusb] sane_read(): requested 32768 bytes
[11:27:26.883458] [pieusb] sane_read(): buffer suffices (contains 791856, requested 32768)
[11:27:26.883570] [pieusb] sane_read(): requested 32768 bytes
[11:27:26.883575] [pieusb] sane_read(): buffer suffices (contains 759088, requested 32768)
[11:27:26.883686] [pieusb] sane_read(): requested 32768 bytes
[11:27:26.883691] [pieusb] sane_read(): buffer suffices (contains 726320, requested 32768)
[11:27:26.883805] [pieusb] sane_read(): requested 32768 bytes
[11:27:26.883810] [pieusb] sane_read(): buffer suffices (contains 693552, requested 32768)
[11:27:26.883922] [pieusb] sane_read(): requested 32768 bytes
[11:27:26.883927] [pieusb] sane_read(): buffer suffices (contains 660784, requested 32768)
[11:27:26.884069] [pieusb] sane_read(): requested 32768 bytes
[11:27:26.884077] [pieusb] sane_read(): buffer suffices (contains 628016, requested 32768)
[11:27:26.884246] [pieusb] sane_read(): requested 32768 bytes
[11:27:26.884252] [pieusb] sane_read(): buffer suffices (contains 595248, requested 32768)
[11:27:26.884361] [pieusb] sane_read(): requested 32768 bytes
[11:27:26.884366] [pieusb] sane_read(): buffer suffices (contains 562480, requested 32768)
[11:27:26.884479] [pieusb] sane_read(): requested 32768 bytes
[11:27:26.884485] [pieusb] sane_read(): buffer suffices (contains 529712, requested 32768)
[11:27:26.884597] [pieusb] sane_read(): requested 32768 bytes
[11:27:26.884603] [pieusb] sane_read(): buffer suffices (contains 496944, requested 32768)
[11:27:26.884718] [pieusb] sane_read(): requested 32768 bytes
[11:27:26.884724] [pieusb] sane_read(): buffer suffices (contains 464176, requested 32768)
[11:27:26.884837] [pieusb] sane_read(): requested 32768 bytes
[11:27:26.884843] [pieusb] sane_read(): buffer suffices (contains 431408, requested 32768)
[11:27:26.884953] [pieusb] sane_read(): requested 32768 bytes
[11:27:26.884959] [pieusb] sane_read(): buffer suffices (contains 398640, requested 32768)
[11:27:26.885104] [pieusb] sane_read(): requested 32768 bytes
[11:27:26.885110] [pieusb] sane_read(): buffer suffices (contains 365872, requested 32768)
[11:27:26.885222] [pieusb] sane_read(): requested 32768 bytes
[11:27:26.885227] [pieusb] sane_read(): buffer suffices (contains 333104, requested 32768)
[11:27:26.885336] [pieusb] sane_read(): requested 32768 bytes
[11:27:26.885341] [pieusb] sane_read(): buffer suffices (contains 300336, requested 32768)
[11:27:26.885449] [pieusb] sane_read(): requested 32768 bytes
[11:27:26.885454] [pieusb] sane_read(): buffer suffices (contains 267568, requested 32768)
[11:27:26.885564] [pieusb] sane_read(): requested 32768 bytes
[11:27:26.885569] [pieusb] sane_read(): buffer suffices (contains 234800, requested 32768)
[11:27:26.885682] [pieusb] sane_read(): requested 32768 bytes
[11:27:26.885688] [pieusb] sane_read(): buffer suffices (contains 202032, requested 32768)
[11:27:26.885801] [pieusb] sane_read(): requested 32768 bytes
[11:27:26.885808] [pieusb] sane_read(): buffer suffices (contains 169264, requested 32768)
[11:27:26.885919] [pieusb] sane_read(): requested 32768 bytes
[11:27:26.885925] [pieusb] sane_read(): buffer suffices (contains 136496, requested 32768)
[11:27:26.886065] [pieusb] sane_read(): requested 32768 bytes
[11:27:26.886071] [pieusb] sane_read(): buffer suffices (contains 103728, requested 32768)
[11:27:26.886183] [pieusb] sane_read(): requested 32768 bytes
[11:27:26.886189] [pieusb] sane_read(): buffer suffices (contains 70960, requested 32768)
[11:27:26.886299] [pieusb] sane_read(): requested 32768 bytes
[11:27:26.886305] [pieusb] sane_read(): buffer suffices (contains 38192, requested 32768)
[11:27:26.886452] [pieusb] sane_read(): requested 32768 bytes
[11:27:26.886459] [pieusb] sane_read(): buffer suffices (contains 5424, requested 32768, last batch though)
[11:27:26.886483] [pieusb] sane_read(): requested 32768 bytes
[11:27:26.886511] [pieusb] sane_cancel
[11:27:26.886517] [pieusb] sane_close()
[11:27:27.177071] [pieusb] pieusb: Read buffer deleted
[11:27:27.177119] [pieusb] sane_exit()

Script done on 2026-04-25 11:27:27+02:00 [COMMAND_EXIT_CODE="0"]
